id,kostel,obec,farnost,posledni_aktualizace,odkaz
"300093027632","farní kostel sv. Václava, mučedníka","Rosice (Pardubice VII), Pardubice","Římskokatolická farnost Rosice nad Labem","2009-04-27","https://bohosluzby.dravec.org/kostel/300093027632/"
"3000110985203","filiální kostel Povýšení svatého kříže","Petrovice, Štoky","Římskokatolická farnost Štoky","2009-04-27","https://bohosluzby.dravec.org/kostel/3000110985203/"
"3000141048645","farní kostel Nanebevzetí Panny Marie","Osice","Římskokatolická farnost Osice","2009-04-27","https://bohosluzby.dravec.org/kostel/3000141048645/"
"3000375824892","kaple sv. Petra a Pavla, apoštolů","Desná","Římskokatolická farnost Mladočov","2009-04-27","https://bohosluzby.dravec.org/kostel/3000375824892/"
"3000538120721","kaple sv. Jana Boska, kněze (na faře)","Opatov","Římskokatolická farnost Opatov v Čechách","2009-04-27","https://bohosluzby.dravec.org/kostel/3000538120721/"
"3000559345759","filiální kostel sv. Martina, biskupa","Dolní Město","Římskokatolická farnost Lipnice nad Sázavou","2009-04-27","https://bohosluzby.dravec.org/kostel/3000559345759/"
"3000612228159","filiální kostel (bývalý farní) sv. Martina, biskupa","Turkovice","Římskokatolická farnost Lipoltice","2009-04-27","https://bohosluzby.dravec.org/kostel/3000612228159/"
"3000631315207","farní kostel sv. Filipa a Jakuba, apoštolů","Roztoky u Jilemnice","Římskokatolická farnost Roztoky u Jilemnice","2009-04-27","https://bohosluzby.dravec.org/kostel/3000631315207/"
"3000657723816","farní kostel sv. Antonína, poustevníka","Opatov","Římskokatolická farnost Opatov v Čechách","2009-04-27","https://bohosluzby.dravec.org/kostel/3000657723816/"
"3000760001274","filiální kostel (bývalý farní) sv. Jana Nepomuckého","Lány na Důlku, Pardubice","Římskokatolická farnost Rosice nad Labem","2009-04-27","https://bohosluzby.dravec.org/kostel/3000760001274/"
"3000778033375","farní kostel sv. Petra a Pavla, apoštolů","Morašice","Římskokatolická farnost Morašice u Litomyšle","2009-04-27","https://bohosluzby.dravec.org/kostel/3000778033375/"
"3000780359867","farní kostel sv. Matouše, apoštola a evangelisty","Míčov, Míčov-Sušice","Římskokatolická farnost Míčov","2009-04-27","https://bohosluzby.dravec.org/kostel/3000780359867/"
"3000809946340","filiální kostel sv. Jana Křtitele","Horní Holetín, Holetín","Římskokatolická farnost Raná","2009-04-27","https://bohosluzby.dravec.org/kostel/3000809946340/"
"3000899295116","filiální kostel sv. Markéty, panny a mučednice","Loukov, Dolní Město","Římskokatolická farnost Lipnice nad Sázavou","2009-04-27","https://bohosluzby.dravec.org/kostel/3000899295116/"
"3000925241746","filiální kostel Všech svatých","Dobrnice, Leština u Světlé","Římskokatolická farnost Sázavka","2009-04-27","https://bohosluzby.dravec.org/kostel/3000925241746/"
"30001042090992","farní kostel sv. Jakuba Staršího, apoštola","Štoky","Římskokatolická farnost Štoky","2009-04-27","https://bohosluzby.dravec.org/kostel/30001042090992/"
"30001138823487","farní kostel sv. Jiří, mučedníka","Libštát","Římskokatolická farnost Libštát","2009-04-27","https://bohosluzby.dravec.org/kostel/30001138823487/"
"30001170103296","farní kostel sv. Petra a Pavla, apoštolů","Rudoltice","Římskokatolická farnost Rudoltice","2009-04-27","https://bohosluzby.dravec.org/kostel/30001170103296/"
"30001184969440","filiální kostel (bývalý farní) sv. Petra a Pavla, apoštolů","Dětřichov","Římskokatolická farnost Opatov v Čechách","2009-04-27","https://bohosluzby.dravec.org/kostel/30001184969440/"
"30001303411721","kaple Panny Marie Královny","Zdobnice","Římskokatolická farnost Rokytnice v Orlických horách","2009-04-27","https://bohosluzby.dravec.org/kostel/30001303411721/"
"30001401866585","kaple sv. Václava, mučedníka","Zrnětín, Poříčí u Litomyšle","Římskokatolická farnost Mladočov","2009-04-27","https://bohosluzby.dravec.org/kostel/30001401866585/"
"30001470356652","farní kostel sv. Ondřeje, apoštola","Pohled","Římskokatolická farnost Pohled","2009-04-27","https://bohosluzby.dravec.org/kostel/30001470356652/"
"30001481593071","farní kostel sv. Bartoloměje, apoštola","Mladočov, Poříčí u Litomyšle","Římskokatolická farnost Mladočov","2009-04-27","https://bohosluzby.dravec.org/kostel/30001481593071/"
"30001602810902","farní kostel sv. Jakuba Staršího, apoštola","Raná","Římskokatolická farnost Raná","2009-04-27","https://bohosluzby.dravec.org/kostel/30001602810902/"
"30001771621731","kaple na faře","Mladočov, Poříčí u Litomyšle","Římskokatolická farnost Mladočov","2009-04-27","https://bohosluzby.dravec.org/kostel/30001771621731/"
"30001815880587","filiální kostel sv. Mikuláše, biskupa","Dlouhá Ves","Římskokatolická farnost Pohled","2009-04-27","https://bohosluzby.dravec.org/kostel/30001815880587/"
"30001902302736","kaple sv. Pavla (na faře)","Rokytnice v Orlických horách","Římskokatolická farnost Rokytnice v Orlických horách","2009-04-27","https://bohosluzby.dravec.org/kostel/30001902302736/"
"30001903446945","ekumenický kostel Boží lásky","Budislav","Římskokatolická farnost Mladočov","2009-04-27","https://bohosluzby.dravec.org/kostel/30001903446945/"
"30001943727556","kaple Nejsvětějšího Srdce Páně","Kejžlice","Římskokatolická farnost Lipnice nad Sázavou","2009-04-27","https://bohosluzby.dravec.org/kostel/30001943727556/"
"30002055617717","farní kostel sv. Prokopa, opata","Přepychy","Římskokatolická farnost Přepychy","2009-04-27","https://bohosluzby.dravec.org/kostel/30002055617717/"
"30002097905167","farní kostel sv. Vavřince, jáhna a mučedníka","Seč","Římskokatolická farnost Seč","2009-04-27","https://bohosluzby.dravec.org/kostel/30002097905167/"
"30002137324492","farní kostel Všech svatých","Rokytnice v Orlických horách","Římskokatolická farnost Rokytnice v Orlických horách","2009-04-27","https://bohosluzby.dravec.org/kostel/30002137324492/"
"30002362295232","filiální kostel (bývalý farní) Narození sv. Jana Křtitele","Krásná Hora","Římskokatolická farnost Lipnice nad Sázavou","2009-04-27","https://bohosluzby.dravec.org/kostel/30002362295232/"
"30002367079074","kaple sv. Jana M. Vianney","Křepiny, Řečice","Římskokatolická farnost Lipnice nad Sázavou","2009-04-27","https://bohosluzby.dravec.org/kostel/30002367079074/"
"30002397886989","filiální kostel (bývalý farní) Nejsvětější Trojice","Říčky v Orlických horách","Římskokatolická farnost Rokytnice v Orlických horách","2009-04-27","https://bohosluzby.dravec.org/kostel/30002397886989/"
"30002631812054","farní kostel sv. Michaela, archanděla","Dolní Rokytnice, Rokytnice nad Jizerou","Římskokatolická farnost Rokytnice nad Jizerou","2009-04-27","https://bohosluzby.dravec.org/kostel/30002631812054/"
"30002735556881","farní kostel sv. Jakuba Staršího, apoštola","Poniklá","Římskokatolická farnost Poniklá","2009-04-27","https://bohosluzby.dravec.org/kostel/30002735556881/"
"30002746570915","kaple sv. Jana Nepomuckého","Poříčí u Litomyšle","Římskokatolická farnost Mladočov","2009-04-27","https://bohosluzby.dravec.org/kostel/30002746570915/"
"30002801653264","filiální kostel (bývalý farní) Narození Panny Marie","Opatovec","Římskokatolická farnost Opatov v Čechách","2009-04-27","https://bohosluzby.dravec.org/kostel/30002801653264/"
"30002826042544","filiální kostel Panny Marie","Bohdašín","Římskokatolická farnost Slavoňov","2009-04-27","https://bohosluzby.dravec.org/kostel/30002826042544/"
"30002855255571","farní kostel Nanebevzetí Panny Marie","Skála, Věž","Římskokatolická farnost Skála","2009-04-27","https://bohosluzby.dravec.org/kostel/30002855255571/"
"30003086220710","farní kostel sv. Mikuláše, biskupa","Lomnice nad Popelkou","Římskokatolická farnost Lomnice nad Popelkou","2009-04-27","https://bohosluzby.dravec.org/kostel/30003086220710/"
"30003122799113","farní kostel sv. Vojtěcha, biskupa a mučedníka","Libice nad Cidlinou","Římskokatolická farnost Libice nad Cidlinou","2009-04-27","https://bohosluzby.dravec.org/kostel/30003122799113/"
"30003195730957","farní kostel sv. Jana Křtitele","Slavoňov","Římskokatolická farnost Slavoňov","2009-04-27","https://bohosluzby.dravec.org/kostel/30003195730957/"
"30003200825305","farní kostel sv. Kateřiny, panny a mučednice","Mříčná","Římskokatolická farnost Mříčná","2009-04-27","https://bohosluzby.dravec.org/kostel/30003200825305/"
"30003291843393","kaple sv. Josefa (na faře)","Morašice","Římskokatolická farnost Morašice u Litomyšle","2009-04-27","https://bohosluzby.dravec.org/kostel/30003291843393/"
"30003345438239","farní kostel Proměnění Páně","Slatina nad Zdobnicí","Římskokatolická farnost Slatina nad Zdobnicí","2009-04-27","https://bohosluzby.dravec.org/kostel/30003345438239/"
"30003635786603","filiální kostel sv. Víta, mučedníka","Makov","Římskokatolická farnost Morašice u Litomyšle","2009-04-27","https://bohosluzby.dravec.org/kostel/30003635786603/"
"30003763174057","farní kostel sv. Matouše, apoštola a evangelisty","Lipoltice","Římskokatolická farnost Lipoltice","2009-04-27","https://bohosluzby.dravec.org/kostel/30003763174057/"
"30003778711970","filiální kostel (bývalý farní) Narození sv. Jana Křtitele","Pěčín","Římskokatolická farnost Rokytnice v Orlických horách","2009-04-27","https://bohosluzby.dravec.org/kostel/30003778711970/"
"30003792797403","farní kostel sv. Jakuba Staršího, apoštola","Rybná nad Zdobnicí","Římskokatolická farnost Rybná nad Zdobnicí","2009-04-27","https://bohosluzby.dravec.org/kostel/30003792797403/"
"30003845810684","kaple Nejsvětější Trojice (v domě Mariiných sester)","Bohdašín","Římskokatolická farnost Slavoňov","2009-04-27","https://bohosluzby.dravec.org/kostel/30003845810684/"
"30004052891499","farní kostel Narození sv. Jana Křtitele","Sázavka","Římskokatolická farnost Sázavka","2009-04-27","https://bohosluzby.dravec.org/kostel/30004052891499/"
"30004128018626","farní kostel sv. Víta, mučedníka","Lipnice nad Sázavou","Římskokatolická farnost Lipnice nad Sázavou","2009-04-27","https://bohosluzby.dravec.org/kostel/30004128018626/"
"30004212801635","farní kostel sv. Vavřince, jáhna a mučedníka","Ronov nad Doubravou","Římskokatolická farnost Ronov nad Doubravou","2009-04-27","https://bohosluzby.dravec.org/kostel/30004212801635/"
"300079196851","filiální kostel sv. Jiljí, opata","Platěnice, Moravany","Římskokatolická farnost Horní Roveň","2009-04-28","https://bohosluzby.dravec.org/kostel/300079196851/"
"300097076127","filiální kostel (bývalý farní) sv. Vavřince, jáhna a mučedníka","Potštejn","Římskokatolická farnost Vamberk","2009-04-28","https://bohosluzby.dravec.org/kostel/300097076127/"
"3000123630888","farní kostel sv. Jana Křtitele","Damníkov","Římskokatolická farnost Damníkov","2009-04-28","https://bohosluzby.dravec.org/kostel/3000123630888/"
"3000170897654","farní kostel sv. Petra a Pavla, apoštolů","Voděrady","Římskokatolická farnost Voděrady","2009-04-28","https://bohosluzby.dravec.org/kostel/3000170897654/"
"3000188506010","farní kostel sv. Jakuba Staršího, apoštola","Červený Kostelec","Římskokatolická farnost Červený Kostelec","2009-04-28","https://bohosluzby.dravec.org/kostel/3000188506010/"
"3000240856663","filiální kostel sv. Kateřiny, panny a mučednice","Borová","Římskokatolická farnost Borová","2009-04-28","https://bohosluzby.dravec.org/kostel/3000240856663/"
"3000258248175","farní kostel sv. Jana Křtitele","Křížlice, Jestřabí v Krkonoších","Římskokatolická farnost Křížlice","2009-04-28","https://bohosluzby.dravec.org/kostel/3000258248175/"
"3000346746033","filiální kostel (bývalý farní) sv. Jakuba Staršího, apoštola","Vysoký Újezd","Římskokatolická farnost Třebechovice pod Orebem","2009-04-28","https://bohosluzby.dravec.org/kostel/3000346746033/"
"3000423519601","farní kostel sv. Prokopa, opata","Záboří nad Labem","Římskokatolická farnost Záboří nad Labem","2009-04-28","https://bohosluzby.dravec.org/kostel/3000423519601/"
"3000446133345","kaple Svatého kříže (na faře)","Třebechovice pod Orebem","Římskokatolická farnost Třebechovice pod Orebem","2009-04-28","https://bohosluzby.dravec.org/kostel/3000446133345/"
"3000592549888","farní kostel sv. Mikuláše, biskupa","Horní Sloupnice, Sloupnice","Římskokatolická farnost Horní Sloupnice","2009-04-28","https://bohosluzby.dravec.org/kostel/3000592549888/"
"3000737451243","filiální kostel sv. Havla, opata","Rasochy, Uhlířská Lhota","Římskokatolická farnost Žiželice","2009-04-28","https://bohosluzby.dravec.org/kostel/3000737451243/"
"3000809894411","filiální kostel sv. Cyrila a Metoděje","Ohnišov","Římskokatolická farnost Bystré v Orlických horách","2009-04-28","https://bohosluzby.dravec.org/kostel/3000809894411/"
"3000815258069","filiální kostel sv. Cyrila a Metoděje","Opočnice","Římskokatolická farnost Vrbice","2009-04-28","https://bohosluzby.dravec.org/kostel/3000815258069/"
"3000832501501","farní kostel sv. Jiljí, opata","Chvalkovice","Římskokatolická farnost Chvalkovice","2009-04-28","https://bohosluzby.dravec.org/kostel/3000832501501/"
"3000874019309","farní kostel Navštívení Panny Marie","Velké Poříčí","Římskokatolická farnost Velké Poříčí","2009-04-28","https://bohosluzby.dravec.org/kostel/3000874019309/"
"3000894158190","farní kostel sv. Václava, mučedníka","Chotusice","Římskokatolická farnost Chotusice","2009-04-28","https://bohosluzby.dravec.org/kostel/3000894158190/"
"3000994743314","filiální kostel sv. Prokopa, opata","Nedvězí","Římskokatolická farnost Bystré u Poličky","2009-04-28","https://bohosluzby.dravec.org/kostel/3000994743314/"
"30001043473223","filiální kostel sv. Marka, evangelisty","Žehušice","Římskokatolická farnost Chotusice","2009-04-28","https://bohosluzby.dravec.org/kostel/30001043473223/"
"30001044213147","farní kostel sv. Petra a Pavla, apoštolů","Vítkovice","Římskokatolická farnost Vítkovice v Krkonoších","2009-04-28","https://bohosluzby.dravec.org/kostel/30001044213147/"
"30001073883027","filiální kostel (bývalý farní) sv. Bartoloměje, apoštola","Karle","Římskokatolická farnost Trstěnice","2009-04-28","https://bohosluzby.dravec.org/kostel/30001073883027/"
"30001088307817","kaple na faře","Borová","Římskokatolická farnost Borová","2009-04-28","https://bohosluzby.dravec.org/kostel/30001088307817/"
"30001166938987","filiální kostel (bývalý farní) sv. Marie Magdalény","Lužany","Římskokatolická farnost Železnice","2009-04-28","https://bohosluzby.dravec.org/kostel/30001166938987/"
"30001317247562","kaple sv. Cyrila a Metoděje","Horní Radechová","Římskokatolická farnost Červený Kostelec","2009-04-28","https://bohosluzby.dravec.org/kostel/30001317247562/"
"30001339346801","filiální kostel (bývalý farní) sv. Petra a Pavla, apoštolů","Moravany","Římskokatolická farnost Horní Roveň","2009-04-28","https://bohosluzby.dravec.org/kostel/30001339346801/"
"30001406087547","farní kostel Povýšení svatého kříže","Černíkovice","Římskokatolická farnost Černíkovice","2009-04-28","https://bohosluzby.dravec.org/kostel/30001406087547/"
"30001429431273","filiální kostel sv. Petra a Pavla, apoštolů","Konecchlumí","Římskokatolická farnost Železnice","2009-04-28","https://bohosluzby.dravec.org/kostel/30001429431273/"
"30001721136900","filiální kostel sv. Václava, mučedníka","Trpín","Římskokatolická farnost Bystré u Poličky","2009-04-28","https://bohosluzby.dravec.org/kostel/30001721136900/"
"30001735733343","hřbitovní kostel sv. Marka, evangelisty","Potštejn","Římskokatolická farnost Vamberk","2009-04-28","https://bohosluzby.dravec.org/kostel/30001735733343/"
"30001803122298","farní kostel sv. Mikuláše, biskupa","Hajnice","Římskokatolická farnost Hajnice","2009-04-28","https://bohosluzby.dravec.org/kostel/30001803122298/"
"30001836158749","filiální kostel (bývalý farní) Všech svatých","Sedloňov","Římskokatolická farnost Bystré v Orlických horách","2009-04-28","https://bohosluzby.dravec.org/kostel/30001836158749/"
"30001837447173","hřbitovní kostel sv. Barbory","Vamberk","Římskokatolická farnost Vamberk","2009-04-28","https://bohosluzby.dravec.org/kostel/30001837447173/"
"30001889804354","farní kostel sv. Mikuláše, biskupa","Dolní Libchavy, Libchavy","Římskokatolická farnost Dolní Libchavy","2009-04-28","https://bohosluzby.dravec.org/kostel/30001889804354/"
"30001911963634","farní kostel sv. Jana Křtitele","Dohalice","Římskokatolická farnost Dohalice","2009-04-28","https://bohosluzby.dravec.org/kostel/30001911963634/"
"30001986235776","filiální kostel sv. Petra a Pavla, apoštolů","Komárov, Dolní Roveň","Římskokatolická farnost Horní Roveň","2009-04-28","https://bohosluzby.dravec.org/kostel/30001986235776/"
"30002059833297","kaple Panny Marie Bolestné (na faře)","Horní Sloupnice, Sloupnice","Římskokatolická farnost Horní Sloupnice","2009-04-28","https://bohosluzby.dravec.org/kostel/30002059833297/"
"30002092117677","farní kostel Nejsvětější Trojice","Horní Štěpanice, Benecko","Římskokatolická farnost Horní Štěpanice","2009-04-28","https://bohosluzby.dravec.org/kostel/30002092117677/"
"30002114023956","farní kostel sv. Mikuláše, biskupa","Horní Branná","Římskokatolická farnost Horní Branná","2009-04-28","https://bohosluzby.dravec.org/kostel/30002114023956/"
"30002171160686","filiální kostel (bývalý farní) sv. Marie Magdalény","Olešnice v Orlických horách","Římskokatolická farnost Bystré v Orlických horách","2009-04-28","https://bohosluzby.dravec.org/kostel/30002171160686/"
"30002172187620","farní kostel Svatého Ducha","Hořičky","Římskokatolická farnost Hořičky","2009-04-28","https://bohosluzby.dravec.org/kostel/30002172187620/"
"30002173179962","farní kostel sv. Kateřiny, panny a mučednice","Horní Roveň, Dolní Roveň","Římskokatolická farnost Horní Roveň","2009-04-28","https://bohosluzby.dravec.org/kostel/30002173179962/"
"30002268057161","filiální kostel (bývalý farní) sv. Jakuba Staršího, apoštola","Stračov","Římskokatolická farnost Dohalice","2009-04-28","https://bohosluzby.dravec.org/kostel/30002268057161/"
"30002375050939","farní kostel Nejsvětější Trojice","Žacléř","Římskokatolická farnost Žacléř","2009-04-28","https://bohosluzby.dravec.org/kostel/30002375050939/"
"30002381425517","kaple sv. Jana Nepomuckého","Dolní Štěpanice, Benecko","Římskokatolická farnost Horní Štěpanice","2009-04-28","https://bohosluzby.dravec.org/kostel/30002381425517/"
"30002427371782","farní kostel sv. Václava, mučedníka","Harrachov","Římskokatolická farnost Harrachov","2009-04-28","https://bohosluzby.dravec.org/kostel/30002427371782/"
"30002543194956","farní kostel sv. Michaela, archanděla","Uhelná Příbram","Římskokatolická farnost Uhelná Příbram","2009-04-28","https://bohosluzby.dravec.org/kostel/30002543194956/"
"30002620137133","kaple (modlitebna) v DpS","Bystré","Římskokatolická farnost Bystré u Poličky","2009-04-28","https://bohosluzby.dravec.org/kostel/30002620137133/"
"30002640536628","filiální kostel (bývalý farní) sv. Jiří, mučedníka","Hněvčeves","Římskokatolická farnost Dohalice","2009-04-28","https://bohosluzby.dravec.org/kostel/30002640536628/"
"30002669084550","farní kostel sv. Havla, opata","Vrbice","Římskokatolická farnost Vrbice","2009-04-28","https://bohosluzby.dravec.org/kostel/30002669084550/"
"30002672253740","farní kostel sv. Jana Křtitele","Bystré","Římskokatolická farnost Bystré u Poličky","2009-04-28","https://bohosluzby.dravec.org/kostel/30002672253740/"
"30002700658026","farní kostel sv. Jiří, mučedníka","Vápno","Římskokatolická farnost Vápno u Přelouče","2009-04-28","https://bohosluzby.dravec.org/kostel/30002700658026/"
"30002760553188","farní kostel sv. Marie Magdalény","Deštné v Orlických horách","Římskokatolická farnost Deštné v Orlických horách","2009-04-28","https://bohosluzby.dravec.org/kostel/30002760553188/"
"30002809373083","filiální kostel (bývalý farní) Nanebevzetí Panny Marie","Uhersko","Římskokatolická farnost Horní Roveň","2009-04-28","https://bohosluzby.dravec.org/kostel/30002809373083/"
"30002857006977","farní kostel sv. Josefa","Horní Vlčkovice, Vlčkovice v Podkrkonoší","Římskokatolická farnost Vlčkovice v Podkrkonoší","2009-04-28","https://bohosluzby.dravec.org/kostel/30002857006977/"
"30003013883367","farní kostel sv. Jana Nepomuckého","Zálesní Lhota, Studenec","Římskokatolická farnost Zálesní Lhota","2009-04-28","https://bohosluzby.dravec.org/kostel/30003013883367/"
"30003041711013","kaple sv. Jana Nepomuckého","Hartmanice","Římskokatolická farnost Bystré u Poličky","2009-04-28","https://bohosluzby.dravec.org/kostel/30003041711013/"
"30003075244874","filiální kostel (bývalý farní) Navštívení Panny Marie","Jedlová","Římskokatolická farnost Bystré u Poličky","2009-04-28","https://bohosluzby.dravec.org/kostel/30003075244874/"
"30003123789556","kaple obecní","Lačnov, Korouhev","Římskokatolická farnost Borová","2009-04-28","https://bohosluzby.dravec.org/kostel/30003123789556/"
"30003130590460","filiální kostel (bývalý farní) sv. Jiří, mučedníka","Radim","Římskokatolická farnost Železnice","2009-04-28","https://bohosluzby.dravec.org/kostel/30003130590460/"
"30003177746565","filiální kostel (bývalý farní) sv. Mikuláše, biskupa","Dobřany","Římskokatolická farnost Bystré v Orlických horách","2009-04-28","https://bohosluzby.dravec.org/kostel/30003177746565/"
"30003188114835","farní kostel sv. Martina, biskupa","Červené Janovice","Římskokatolická farnost Červené Janovice","2009-04-28","https://bohosluzby.dravec.org/kostel/30003188114835/"
"30003228966405","farní kostel sv. Víta, mučedníka","České Libchavy","Římskokatolická farnost České Libchavy","2009-04-28","https://bohosluzby.dravec.org/kostel/30003228966405/"
"30003235713986","farní kostel Nejsvětější Trojice","Horní Jelení","Římskokatolická farnost Horní Jelení","2009-04-28","https://bohosluzby.dravec.org/kostel/30003235713986/"
"30003338516710","filiální kostel Panny Marie, Pomocnice křesťanů","Vlčkov","Římskokatolická farnost Horní Sloupnice","2009-04-28","https://bohosluzby.dravec.org/kostel/30003338516710/"
"30003422708758","filiální kostel Nanebevzetí Panny Marie","Jedlová","Římskokatolická farnost Bystré u Poličky","2009-04-28","https://bohosluzby.dravec.org/kostel/30003422708758/"
"30003583925352","kaple na faře","Bystré","Římskokatolická farnost Bystré u Poličky","2009-04-28","https://bohosluzby.dravec.org/kostel/30003583925352/"
"30003592838079","farní kostel Nanebevzetí Panny Marie","Vejvanovice","Římskokatolická farnost Vejvanovice","2009-04-28","https://bohosluzby.dravec.org/kostel/30003592838079/"
"30003594622024","filiální kostel sv. Bartoloměje, apoštola","Otradov","Římskokatolická farnost Krouna","2009-04-28","https://bohosluzby.dravec.org/kostel/30003594622024/"
"30003615319556","farní kostel sv. Ondřeje, apoštola","Třebechovice pod Orebem","Římskokatolická farnost Třebechovice pod Orebem","2009-04-28","https://bohosluzby.dravec.org/kostel/30003615319556/"
"30003618421678","farní kostel sv. Marie Magdalény","Včelákov","Římskokatolická farnost Včelákov","2009-04-28","https://bohosluzby.dravec.org/kostel/30003618421678/"
"30003631418034","farní kostel Nalezení svatého kříže","Trstěnice","Římskokatolická farnost Trstěnice","2009-04-28","https://bohosluzby.dravec.org/kostel/30003631418034/"
"30003632616789","farní kostel Všech svatých","Žumberk","Římskokatolická farnost Žumberk","2009-04-28","https://bohosluzby.dravec.org/kostel/30003632616789/"
"30003668398041","farní kostel sv. Bartoloměje, apoštola","Bystré","Římskokatolická farnost Bystré v Orlických horách","2009-04-28","https://bohosluzby.dravec.org/kostel/30003668398041/"
"30003778359382","farní kostel sv. Václava, mučedníka","Cerekvice nad Loučnou","Římskokatolická farnost Cerekvice nad Loučnou","2009-04-28","https://bohosluzby.dravec.org/kostel/30003778359382/"
"30003791821070","farní kostel sv. Markéty, panny a mučednice","Borová","Římskokatolická farnost Borová","2009-04-28","https://bohosluzby.dravec.org/kostel/30003791821070/"
"30003830781813","farní kostel sv. Mikuláše Tolentinského","Vysoké Veselí","Římskokatolická farnost Vysoké Veselí","2009-04-28","https://bohosluzby.dravec.org/kostel/30003830781813/"
"30003869075158","filiální kostel Navštívení Panny Marie","Veletov","Římskokatolická farnost Konárovice","2009-04-28","https://bohosluzby.dravec.org/kostel/30003869075158/"
"30003883497755","farní kostel sv. Michaela, archanděla","Krouna","Římskokatolická farnost Krouna","2009-04-28","https://bohosluzby.dravec.org/kostel/30003883497755/"
"30003902755290","filiální kostel (bývalý farní) Nanebevzetí Panny Marie","Slatiny","Římskokatolická farnost Vysoké Veselí","2009-04-28","https://bohosluzby.dravec.org/kostel/30003902755290/"
"30003938234757","společenská místnost v Charitním domově Zdislava","Třebechovice pod Orebem","Římskokatolická farnost Třebechovice pod Orebem","2009-04-28","https://bohosluzby.dravec.org/kostel/30003938234757/"
"30004067562903","filiální kostel (bývalý farní) sv. Marie Magdalény","Telecí","Římskokatolická farnost Borová","2009-04-28","https://bohosluzby.dravec.org/kostel/30004067562903/"
"30004163524172","farní kostel sv. Prokopa, opata","Vamberk","Římskokatolická farnost Vamberk","2009-04-28","https://bohosluzby.dravec.org/kostel/30004163524172/"
"30004192497930","farní kostel sv. Jiljí, opata","Železnice","Římskokatolická farnost Železnice","2009-04-28","https://bohosluzby.dravec.org/kostel/30004192497930/"
"30004196132404","farní kostel Povýšení svatého kříže","Třebosice","Římskokatolická farnost Třebosice","2009-04-28","https://bohosluzby.dravec.org/kostel/30004196132404/"
"30004225375351","filiální kostel Povýšení svatého kříže","Slepotice","Římskokatolická farnost Horní Roveň","2009-04-28","https://bohosluzby.dravec.org/kostel/30004225375351/"
"30004260954656","farní kostel sv. Prokopa, opata","Žiželice","Římskokatolická farnost Žiželice","2009-04-28","https://bohosluzby.dravec.org/kostel/30004260954656/"
"30004273243580","kaple v domově pro seniory","Horní Sloupnice, Sloupnice","Římskokatolická farnost Horní Sloupnice","2009-04-28","https://bohosluzby.dravec.org/kostel/30004273243580/"
"30004278120107","kaple sv. Anežky České (v Hospici)","Červený Kostelec","Římskokatolická farnost Červený Kostelec","2009-04-28","https://bohosluzby.dravec.org/kostel/30004278120107/"
"30004290020808","kaple sv. Antonína z Padovy","Hejnice","Římskokatolická farnost České Libchavy","2009-04-28","https://bohosluzby.dravec.org/kostel/30004290020808/"
"30001992620","filiální kostel (bývalý farní) sv. Petra a Pavla, apoštolů","Kněžice","Římskokatolická farnost Městec Králové","2009-05-21","https://bohosluzby.dravec.org/kostel/30001992620/"
"30001399521867","filiální kostel (bývalý farní) Rozeslání svatých apoštolů","Chotěšice","Římskokatolická farnost Městec Králové","2009-05-21","https://bohosluzby.dravec.org/kostel/30001399521867/"
"30001436603701","filiální kostel (bývalý farní) sv. Václava, mučedníka","Činěves","Římskokatolická farnost Městec Králové","2009-05-21","https://bohosluzby.dravec.org/kostel/30001436603701/"
"30001472838549","farní kostel sv. Markéty, panny a mučednice","Městec Králové","Římskokatolická farnost Městec Králové","2009-05-21","https://bohosluzby.dravec.org/kostel/30001472838549/"
"30001615926466","kaple na faře","Městec Králové","Římskokatolická farnost Městec Králové","2009-05-21","https://bohosluzby.dravec.org/kostel/30001615926466/"
"30002381178998","filiální kostel sv. Martina, biskupa","Sloveč","Římskokatolická farnost Městec Králové","2009-05-21","https://bohosluzby.dravec.org/kostel/30002381178998/"
"30002510156599","filiální kostel (bývalý farní) sv. Leonarda","Úmyslovice","Římskokatolická farnost Městec Králové","2009-05-21","https://bohosluzby.dravec.org/kostel/30002510156599/"
"30003784310866","filiální kostel (bývalý farní) Narození Panny Marie","Běrunice","Římskokatolická farnost Městec Králové","2009-05-21","https://bohosluzby.dravec.org/kostel/30003784310866/"
"3000139401679","farní kostel sv. Jakuba Staršího, apoštola","Jiřice","Římskokatolická farnost Jiřice","2009-05-23","https://bohosluzby.dravec.org/kostel/3000139401679/"
"3000572882446","filiální kostel sv. Jiří, mučedníka","Lhotice, Želiv","Římskokatolická farnost Jiřice","2009-05-23","https://bohosluzby.dravec.org/kostel/3000572882446/"
"3000926595977","farní kostel sv. Jana Křtitele","Mladé Bříště","Římskokatolická farnost Mladé Bříště","2009-05-23","https://bohosluzby.dravec.org/kostel/3000926595977/"
"30001721668972","farní kostel Nanebevzetí Panny Marie","Vojslavice","Římskokatolická farnost Vojslavice","2009-05-23","https://bohosluzby.dravec.org/kostel/30001721668972/"
"3000461587905","farní kostel sv. Petra a Pavla, apoštolů","Nový Hrádek","Římskokatolická farnost Nový Hrádek","2009-06-17","https://bohosluzby.dravec.org/kostel/3000461587905/"
"30001393089202","kaple Panny Marie Sněžné","Sněžné","Římskokatolická farnost Nový Hrádek","2009-06-17","https://bohosluzby.dravec.org/kostel/30001393089202/"
"30002122782219","farní kostel sv. Bartoloměje, apoštola","Česká Bělá","Římskokatolická farnost Česká Bělá","2009-06-17","https://bohosluzby.dravec.org/kostel/30002122782219/"
"30003517158736","kaple Panny Marie","Macourov, Žižkovo Pole","Římskokatolická farnost Česká Bělá","2009-06-17","https://bohosluzby.dravec.org/kostel/30003517158736/"
"30004140541853","kaple Božského Srdce Páně","Borová","Římskokatolická farnost Nový Hrádek","2009-06-17","https://bohosluzby.dravec.org/kostel/30004140541853/"
"30002941798054","farní kostel sv. Jakuba Staršího, apoštola","Chroustovice","Římskokatolická farnost Chroustovice","2009-06-26","https://bohosluzby.dravec.org/kostel/30002941798054/"
"30001795594705","farní kostel Nanebevzetí Panny Marie","Libčany","Římskokatolická farnost Libčany","2009-08-03","https://bohosluzby.dravec.org/kostel/30001795594705/"
"30002895681019","filiální kostel Nejsvětější Trojice","Lhota pod Libčany","Římskokatolická farnost Libčany","2009-08-03","https://bohosluzby.dravec.org/kostel/30002895681019/"
"300057740485","kaple sv. Dominika","Pastviny","Římskokatolická farnost Klášterec nad Orlicí","2009-10-02","https://bohosluzby.dravec.org/kostel/300057740485/"
"30001719813674","filiální kostel (bývalý farní) sv. Petra a Pavla, apoštolů","České Petrovice","Římskokatolická farnost Klášterec nad Orlicí","2009-10-02","https://bohosluzby.dravec.org/kostel/30001719813674/"
"30001854436743","farní kostel Nejsvětější Trojice","Klášterec nad Orlicí","Římskokatolická farnost Klášterec nad Orlicí","2009-10-02","https://bohosluzby.dravec.org/kostel/30001854436743/"
"30001677673456","farní kostel sv. Václava, mučedníka","Ohnišťany","Římskokatolická farnost Ohnišťany","2010-01-05","https://bohosluzby.dravec.org/kostel/30001677673456/"
"30002423116012","filiální kostel sv. Anny","Skřivany","Římskokatolická farnost Smidary","2010-01-05","https://bohosluzby.dravec.org/kostel/30002423116012/"
"30002500072586","kaple sv. Kateřiny, panny a mučednice","Sedletín","Římskokatolická farnost Skuhrov u Havlíčkova Brodu","2010-01-05","https://bohosluzby.dravec.org/kostel/30002500072586/"
"30003787752910","farní kostel sv. Mikuláše, biskupa","Skuhrov","Římskokatolická farnost Skuhrov u Havlíčkova Brodu","2010-01-05","https://bohosluzby.dravec.org/kostel/30003787752910/"
"30004196470923","farní kostel Navštívení Panny Marie","Sobíňov","Římskokatolická farnost Sopoty","2010-01-05","https://bohosluzby.dravec.org/kostel/30004196470923/"
"30001160093021","farní kostel sv. Petra a Pavla, apoštolů","Úsobí","Římskokatolická farnost Úsobí","2010-01-25","https://bohosluzby.dravec.org/kostel/30001160093021/"
"3000281176680","farní kostel Všech svatých","Hronov","Římskokatolická farnost Hronov","2010-02-24","https://bohosluzby.dravec.org/kostel/3000281176680/"
"30003531006468","filiální kostel (bývalý farní) sv. Josefa","Stárkov","Římskokatolická farnost Hronov","2010-02-24","https://bohosluzby.dravec.org/kostel/30003531006468/"
"3000430146397","filiální kostel (bývalý farní) Všech svatých","Bělá nad Svitavou","Římskokatolická farnost Svojanov","2010-03-04","https://bohosluzby.dravec.org/kostel/3000430146397/"
"30001436147560","filiální kostel sv. Mikuláše, biskupa","Starý Svojanov, Svojanov","Římskokatolická farnost Svojanov","2010-03-04","https://bohosluzby.dravec.org/kostel/30001436147560/"
"30002319703270","kaple sv. Marie Magdalény","Hlásnice, Trpín","Římskokatolická farnost Svojanov","2010-03-04","https://bohosluzby.dravec.org/kostel/30002319703270/"
"30002649351608","filiální kostel sv. Kateřiny, panny a mučednice","Vítějeves","Římskokatolická farnost Svojanov","2010-03-04","https://bohosluzby.dravec.org/kostel/30002649351608/"
"30003116952634","kaple na faře","Svojanov","Římskokatolická farnost Svojanov","2010-03-04","https://bohosluzby.dravec.org/kostel/30003116952634/"
"30003310093661","filiální kostel (bývalý farní) sv. Barbory","Banín","Římskokatolická farnost Svojanov","2010-03-04","https://bohosluzby.dravec.org/kostel/30003310093661/"
"30003518227317","farní kostel sv. Petra a Pavla, apoštolů","Svojanov","Římskokatolická farnost Svojanov","2010-03-04","https://bohosluzby.dravec.org/kostel/30003518227317/"
"30003601065575","filiální kostel Nejsvětější Trojice","Chrastavec","Římskokatolická farnost Svojanov","2010-03-04","https://bohosluzby.dravec.org/kostel/30003601065575/"
"30003980837081","filiální kostel (bývalý farní) Nanebevzetí Panny Marie","Stašov","Římskokatolická farnost Svojanov","2010-03-04","https://bohosluzby.dravec.org/kostel/30003980837081/"
"30004181634626","filiální kostel (bývalý farní) sv. Erasma, biskupa a mučedníka","Rohozná","Římskokatolická farnost Svojanov","2010-03-04","https://bohosluzby.dravec.org/kostel/30004181634626/"
"3000205676814","farní kostel sv. Mikuláše, biskupa","Krucemburk","Římskokatolická farnost Krucemburk","2010-03-10","https://bohosluzby.dravec.org/kostel/3000205676814/"
"3000214718930","farní kostel sv. Víta, mučedníka","Havlíčkova Borová","Římskokatolická farnost Havlíčkova Borová","2010-03-10","https://bohosluzby.dravec.org/kostel/3000214718930/"
"3000526323778","kaple Panny Marie","Oudoleň","Římskokatolická farnost Havlíčkova Borová","2010-03-10","https://bohosluzby.dravec.org/kostel/3000526323778/"
"3000588639886","filiální kostel (bývalý farní) sv. Václava, mučedníka","Horní Studenec, Ždírec nad Doubravou","Římskokatolická farnost Krucemburk","2010-03-10","https://bohosluzby.dravec.org/kostel/3000588639886/"
"3000589287206","farní kostel sv. Jiljí, opata","Nasavrky","Římskokatolická farnost Nasavrky","2010-03-10","https://bohosluzby.dravec.org/kostel/3000589287206/"
"30001215624139","společenská místnost v Domě pečovatelské služby","Ždírec nad Doubravou","Římskokatolická farnost Krucemburk","2010-03-10","https://bohosluzby.dravec.org/kostel/30001215624139/"
"30001477658297","poutní a farní kostel Panny Marie Pomocnice (na Chlumku)","Luže","Římskokatolická farnost Luže","2010-03-10","https://bohosluzby.dravec.org/kostel/30001477658297/"
"30001571640059","kaple Nejsvětější Trojice","Vepřová","Římskokatolická farnost Velká Losenice","2010-03-10","https://bohosluzby.dravec.org/kostel/30001571640059/"
"30001804925664","kaple na faře","Nasavrky","Římskokatolická farnost Nasavrky","2010-03-10","https://bohosluzby.dravec.org/kostel/30001804925664/"
"30002129968194","filiální kostel (bývalý farní) sv. Vavřince, jáhna a mučedníka","Řepníky","Římskokatolická farnost Luže","2010-03-10","https://bohosluzby.dravec.org/kostel/30002129968194/"
"30002420118936","filiální kostel (bývalý farní) sv. Filipa a Jakuba, apoštolů","Trhová Kamenice","Římskokatolická farnost Nasavrky","2010-03-10","https://bohosluzby.dravec.org/kostel/30002420118936/"
"30002490693995","kaple Nanebevzetí Panny Marie","Malá Losenice","Římskokatolická farnost Velká Losenice","2010-03-10","https://bohosluzby.dravec.org/kostel/30002490693995/"
"30002686387630","kaple sv. Cyrila a Metoděje","Škrdlovice","Římskokatolická farnost Krucemburk","2010-03-10","https://bohosluzby.dravec.org/kostel/30002686387630/"
"30002702567329","filiální kostel (bývalý farní) sv. Ondřeje, apoštola","Vojnův Městec","Římskokatolická farnost Krucemburk","2010-03-10","https://bohosluzby.dravec.org/kostel/30002702567329/"
"30002881668920","filiální kostel sv. Bartoloměje, apoštola","Luže","Římskokatolická farnost Luže","2010-03-10","https://bohosluzby.dravec.org/kostel/30002881668920/"
"30002935966973","kaple v Hamzově odborné léčebně (pavilon G)","Košumberk, Luže","Římskokatolická farnost Luže","2010-03-10","https://bohosluzby.dravec.org/kostel/30002935966973/"
"30003755368991","farní kostel sv. Jakuba Staršího, apoštola","Velká Losenice","Římskokatolická farnost Velká Losenice","2010-03-10","https://bohosluzby.dravec.org/kostel/30003755368991/"
"3000334037139","filiální kostel (bývalý farní) Všech svatých","Levínská Olešnice","Římskokatolická farnost Nová Paka","2010-03-15","https://bohosluzby.dravec.org/kostel/3000334037139/"
"30001240143725","filiální kostel sv. Anny","Lubná","Římskokatolická farnost Sebranice u Litomyšle","2010-03-15","https://bohosluzby.dravec.org/kostel/30001240143725/"
"30001559179766","filiální kostel sv. Jana Křtitele","Široký Důl","Římskokatolická farnost Sebranice u Litomyšle","2010-03-15","https://bohosluzby.dravec.org/kostel/30001559179766/"
"30002030850644","filiální kostel Nejsvětější Trojice","Štikov, Nová Paka","Římskokatolická farnost Nová Paka","2010-03-15","https://bohosluzby.dravec.org/kostel/30002030850644/"
"30002290841050","kaple Nanebevzetí Panny Marie","Lezník, Polička","Římskokatolická farnost Sebranice u Litomyšle","2010-03-15","https://bohosluzby.dravec.org/kostel/30002290841050/"
"30002546539919","farní kostel sv. Prokopa, opata","Jablonec nad Jizerou","Římskokatolická farnost Jablonec nad Jizerou","2010-03-15","https://bohosluzby.dravec.org/kostel/30002546539919/"
"30002749152617","farní kostel sv. Petra a Pavla, apoštolů","Korouhev","Římskokatolická farnost Korouhev","2010-03-15","https://bohosluzby.dravec.org/kostel/30002749152617/"
"30003148563050","farní kostel sv. Mikuláše, biskupa","Nová Paka","Římskokatolická farnost Nová Paka","2010-03-15","https://bohosluzby.dravec.org/kostel/30003148563050/"
"30003211102848","farní kostel sv. Havla, opata","Vrbatův Kostelec","Římskokatolická farnost Vrbatův Kostelec","2010-03-15","https://bohosluzby.dravec.org/kostel/30003211102848/"
"30003317543781","filiální kostel (bývalý farní) Narození Panny Marie","Úbislavice","Římskokatolická farnost Nová Paka","2010-03-15","https://bohosluzby.dravec.org/kostel/30003317543781/"
"30003318793943","filiální kostel (bývalý kostel expozitury) sv. Vavřince, jáhna a mučedníka","Stará Paka","Římskokatolická farnost Nová Paka","2010-03-15","https://bohosluzby.dravec.org/kostel/30003318793943/"
"30003374236813","farní kostel sv. Mikuláše, biskupa","Sebranice","Římskokatolická farnost Sebranice u Litomyšle","2010-03-15","https://bohosluzby.dravec.org/kostel/30003374236813/"
"30003477652146","kaple sv. Václava, mučedníka","Střítež, Polička","Římskokatolická farnost Sebranice u Litomyšle","2010-03-15","https://bohosluzby.dravec.org/kostel/30003477652146/"
"30004143736315","klášterní kostel Nanebevzetí Panny Marie","Nová Paka","Římskokatolická farnost Nová Paka","2010-03-15","https://bohosluzby.dravec.org/kostel/30004143736315/"
"30001800156633","kaple Panny Marie","Chlumětín","Římskokatolická farnost Svratka","2010-03-23","https://bohosluzby.dravec.org/kostel/30001800156633/"
"30001822828974","farní kostel Narození sv. Jana Křtitele","Svratka","Římskokatolická farnost Svratka","2010-03-23","https://bohosluzby.dravec.org/kostel/30001822828974/"
"30002447353111","kaple sv. Jana Nepomuckého","Svratouch","Římskokatolická farnost Svratka","2010-03-23","https://bohosluzby.dravec.org/kostel/30002447353111/"
"3000431410870","filiální kostel (bývalý farní) sv. Petra a Pavla, apoštolů","Zdechovice","Římskokatolická farnost Přelouč","2010-03-25","https://bohosluzby.dravec.org/kostel/3000431410870/"
"30001098133672","filiální kostel sv. Marie Magdalény","Řečany nad Labem","Římskokatolická farnost Přelouč","2010-03-25","https://bohosluzby.dravec.org/kostel/30001098133672/"
"30001967509309","farní kostel sv. Jana Nepomuckého","Studnice","Římskokatolická farnost Studnice","2010-03-25","https://bohosluzby.dravec.org/kostel/30001967509309/"
"30002057195423","filiální kostel (bývalý farní) sv. Justa, biskupa","Zvole, Rychnovek","Římskokatolická farnost Česká Skalice","2010-03-25","https://bohosluzby.dravec.org/kostel/30002057195423/"
"30002255524783","farní kostel Nanebevzetí Panny Marie","Malá Skalice, Česká Skalice","Římskokatolická farnost Česká Skalice","2010-03-25","https://bohosluzby.dravec.org/kostel/30002255524783/"
"30002352493542","kaple Navštívení Panny Marie","Slavětín nad Metují","Římskokatolická farnost Česká Skalice","2010-03-25","https://bohosluzby.dravec.org/kostel/30002352493542/"
"30003536477129","filiální kostel (bývalý farní) Nanebevzetí Panny Marie","Velká Jesenice","Římskokatolická farnost Česká Skalice","2010-03-25","https://bohosluzby.dravec.org/kostel/30003536477129/"
"30003746151503","farní kostel sv. Jakuba Staršího, apoštola","Přelouč","Římskokatolická farnost Přelouč","2010-03-25","https://bohosluzby.dravec.org/kostel/30003746151503/"
"3000257458133","společenská místnost jídelna rehabilitačního ústavu","Brandýs nad Orlicí","Římskokatolická farnost Brandýs nad Orlicí","2010-03-29","https://bohosluzby.dravec.org/kostel/3000257458133/"
"3000633932871","filiální kostel (bývalý farní) Proměnění Páně","Sudslava","Římskokatolická farnost Brandýs nad Orlicí","2010-03-29","https://bohosluzby.dravec.org/kostel/3000633932871/"
"30002882631704","farní kostel Nanebevstoupení Páně","Brandýs nad Orlicí","Římskokatolická farnost Brandýs nad Orlicí","2010-03-29","https://bohosluzby.dravec.org/kostel/30002882631704/"
"30003639334343","filiální kostel (bývalý farní) sv. Jiří, mučedníka","Svatý Jiří","Římskokatolická farnost Brandýs nad Orlicí","2010-03-29","https://bohosluzby.dravec.org/kostel/30003639334343/"
"30004266377060","kaple sv. Andělů strážných","Říčky, Orlické Podhůří","Římskokatolická farnost Brandýs nad Orlicí","2010-03-29","https://bohosluzby.dravec.org/kostel/30004266377060/"
"30001590006947","filiální kostel sv. Václava, mučedníka","Bratčice","Římskokatolická farnost Žleby","2010-04-01","https://bohosluzby.dravec.org/kostel/30001590006947/"
"30002115565970","farní kostel sv. Vavřince, jáhna a mučedníka","Zbraslavice","Římskokatolická farnost Zbraslavice","2010-04-01","https://bohosluzby.dravec.org/kostel/30002115565970/"
"30002184907085","farní kostel sv. Zikmunda, mučedníka","Sopotnice","Římskokatolická farnost Sopotnice","2010-04-01","https://bohosluzby.dravec.org/kostel/30002184907085/"
"30003726511633","filiální kostel (bývalý farní) sv. Jiří, mučedníka","Pertoltice","Římskokatolická farnost Zbraslavice","2010-04-01","https://bohosluzby.dravec.org/kostel/30003726511633/"
"30003737552965","filiální kostel (bývalý farní) sv. Gotharda, biskupa","Potěhy","Římskokatolická farnost Žleby","2010-04-01","https://bohosluzby.dravec.org/kostel/30003737552965/"
"30003754515948","farní kostel Narození Panny Marie","Žleby","Římskokatolická farnost Žleby","2010-04-01","https://bohosluzby.dravec.org/kostel/30003754515948/"
"30004100750060","filiální kostel sv. Kateřiny, panny a mučednice","Licoměřice, Lipovec","Římskokatolická farnost Žleby","2010-04-01","https://bohosluzby.dravec.org/kostel/30004100750060/"
"30004201448942","farní kostel sv. Markéty, panny a mučednice","Luková","Římskokatolická farnost Luková","2010-04-01","https://bohosluzby.dravec.org/kostel/30004201448942/"
"30004262135627","kaple sv. Marie Magdalény","Vlastějovice","Římskokatolická farnost Zbraslavice","2010-04-01","https://bohosluzby.dravec.org/kostel/30004262135627/"
"300032758956","farní kostel sv. Jiří, mučedníka","Horní Heřmanice","Římskokatolická farnost Horní Heřmanice","2010-05-10","https://bohosluzby.dravec.org/kostel/300032758956/"
"3000150804720","filiální kostel sv. Jana a Pavla","Mistrovice","Římskokatolická farnost Letohrad","2010-05-10","https://bohosluzby.dravec.org/kostel/3000150804720/"
"3000206861371","filiální kostel Nanebevzetí Panny Marie","Šedivec","Římskokatolická farnost Letohrad","2010-05-10","https://bohosluzby.dravec.org/kostel/3000206861371/"
"3000376809838","filiální kostel (bývalý farní) sv. Jana Křtitele","Mladkov","Římskokatolická farnost Králíky","2010-05-10","https://bohosluzby.dravec.org/kostel/3000376809838/"
"3000815540000","filiální kostel sv. Josefa dělníka","Lichkov","Římskokatolická farnost Králíky","2010-05-10","https://bohosluzby.dravec.org/kostel/3000815540000/"
"30001543201647","filiální kostel sv. Filipa a Jakuba, apoštolů","Lukavice","Římskokatolická farnost Letohrad","2010-05-10","https://bohosluzby.dravec.org/kostel/30001543201647/"
"30001648538996","filiální kostel sv. Františka Xaverského","Petrovice","Římskokatolická farnost Dolní Čermná","2010-05-10","https://bohosluzby.dravec.org/kostel/30001648538996/"
"30001802030459","farní kostel Proměnění Páně","Výprachtice","Římskokatolická farnost Výprachtice","2010-05-10","https://bohosluzby.dravec.org/kostel/30001802030459/"
"30001811986036","kaple sv. Jana Nepomuckého (""Kopeček"")","Letohrad","Římskokatolická farnost Letohrad","2010-05-10","https://bohosluzby.dravec.org/kostel/30001811986036/"
"30002010390453","filiální kostel sv. Jana Křtitele","Verměřovice","Římskokatolická farnost Dolní Čermná","2010-05-10","https://bohosluzby.dravec.org/kostel/30002010390453/"
"30002470681303","farní kostel sv. Vavřince, jáhna a mučedníka","Čenkovice","Římskokatolická farnost Čenkovice","2010-05-10","https://bohosluzby.dravec.org/kostel/30002470681303/"
"30003091252535","filiální kostel (bývalý farní) Povýšení svatého kříže","Dolní Boříkovice, Králíky","Římskokatolická farnost Králíky","2010-05-10","https://bohosluzby.dravec.org/kostel/30003091252535/"
"30003106753731","farní kostel sv. Jiří, mučedníka","Dolní Čermná","Římskokatolická farnost Dolní Čermná","2010-05-10","https://bohosluzby.dravec.org/kostel/30003106753731/"
"30003233220546","farní kostel sv. Michaela, archanděla","Králíky","Římskokatolická farnost Králíky","2010-05-10","https://bohosluzby.dravec.org/kostel/30003233220546/"
"30003339219066","farní kostel sv. Václava, mučedníka","Letohrad","Římskokatolická farnost Letohrad","2010-05-10","https://bohosluzby.dravec.org/kostel/30003339219066/"
"30003589436714","filiální kostel Panny Marie","Orlice, Letohrad","Římskokatolická farnost Letohrad","2010-05-10","https://bohosluzby.dravec.org/kostel/30003589436714/"
"30003766286936","poutní kostel Narození Panny Marie (na Mariánské Hoře)","Horní Čermná","Římskokatolická farnost Dolní Čermná","2010-05-10","https://bohosluzby.dravec.org/kostel/30003766286936/"
"30003981308347","filiální kostel Neposkvrněného Početí Panny Marie","Prostřední Lipka, Králíky","Římskokatolická farnost Králíky","2010-05-10","https://bohosluzby.dravec.org/kostel/30003981308347/"
"30004246937744","farní kostel sv. Jakuba Staršího, apoštola","Bystřec","Římskokatolická farnost Bystřec","2010-05-10","https://bohosluzby.dravec.org/kostel/30004246937744/"
"30001282003964","farní kostel sv. Jana Křtitele","Rtyně v Podkrkonoší","Římskokatolická farnost Rtyně v Podkrkonoší","2010-05-25","https://bohosluzby.dravec.org/kostel/30001282003964/"
"30003397738533","kaple Nanebevzetí Panny Marie","Bohdašín, Červený Kostelec","Římskokatolická farnost Rtyně v Podkrkonoší","2010-05-25","https://bohosluzby.dravec.org/kostel/30003397738533/"
"30001247021978","farní kostel Zvěstování Páně","Lično","Římskokatolická farnost Lično","2010-06-16","https://bohosluzby.dravec.org/kostel/30001247021978/"
"30001989250456","farní kostel Nejsvětější Trojice","Sezemice","Římskokatolická farnost Sezemice","2010-06-24","https://bohosluzby.dravec.org/kostel/30001989250456/"
"30001841828619","farní kostel Navštívení Panny Marie","Ostřetín","Římskokatolická farnost Ostřetín","2010-07-10","https://bohosluzby.dravec.org/kostel/30001841828619/"
"30002481397278","farní kostel sv. Gotharda, biskupa","Vysoké Chvojno","Římskokatolická farnost Vysoké Chvojno","2010-07-10","https://bohosluzby.dravec.org/kostel/30002481397278/"
"30002084675795","filiální kostel (bývalý farní) sv. Jana Křtitele","Orlické Záhoří","Římskokatolická farnost Neratov","2010-09-02","https://bohosluzby.dravec.org/kostel/30002084675795/"
"30002536580339","poutní kostel Nanebevzetí Panny Marie","Bartošovice v Orlických horách","Římskokatolická farnost Neratov","2010-09-02","https://bohosluzby.dravec.org/kostel/30002536580339/"
"30002573409423","filiální kostel (bývalý farní) sv. Marie Magdalény","Bartošovice v Orlických horách","Římskokatolická farnost Neratov","2010-09-02","https://bohosluzby.dravec.org/kostel/30002573409423/"
"3000502963173","farní kostel Narození sv. Jana Křtitele","Přibyslav","Římskokatolická farnost Přibyslav","2010-11-13","https://bohosluzby.dravec.org/kostel/3000502963173/"
"30001122005943","filiální kostel sv. Kateřiny Alexandrijské, panny a mučednice","Stříbrné Hory","Římskokatolická farnost Přibyslav","2010-11-13","https://bohosluzby.dravec.org/kostel/30001122005943/"
"30001586193947","filiální kostel Nejsvětějšího Srdce Ježíšova","Česká Jablonná, Přibyslav","Římskokatolická farnost Přibyslav","2010-11-13","https://bohosluzby.dravec.org/kostel/30001586193947/"
"30002259095657","filiální kostel Nanebevzetí Panny Marie","Nové Dvory","Římskokatolická farnost Přibyslav","2010-11-13","https://bohosluzby.dravec.org/kostel/30002259095657/"
"30002380237940","filiální kostel sv. Rozálie","Olešenka","Římskokatolická farnost Přibyslav","2010-11-13","https://bohosluzby.dravec.org/kostel/30002380237940/"
"30002843839609","kaple sv. Floriána","Dolní Jablonná, Přibyslav","Římskokatolická farnost Přibyslav","2010-11-13","https://bohosluzby.dravec.org/kostel/30002843839609/"
"30003391385691","filiální kostel sv. Michaela, archanděla","Žižkovo Pole","Římskokatolická farnost Přibyslav","2010-11-13","https://bohosluzby.dravec.org/kostel/30003391385691/"
"30003180476548","farní kostel Nalezení svatého kříže","Svatý Kříž, Havlíčkův Brod","Římskokatolická farnost Svatý Kříž","2010-12-15","https://bohosluzby.dravec.org/kostel/30003180476548/"
"3000884117847","kaple sv. Kateřiny, panny a mučednice (na faře)","Solnice","Římskokatolická farnost Solnice","2011-01-27","https://bohosluzby.dravec.org/kostel/3000884117847/"
"30003676192834","filiální kostel (bývalý farní) sv. Jakuba Staršího, apoštola","Skuhrov nad Bělou","Římskokatolická farnost Solnice","2011-01-27","https://bohosluzby.dravec.org/kostel/30003676192834/"
"30001706987365","filiální kostel (bývalý farní) Nejsvětější Trojice","Mlázovice","Římskokatolická farnost Lázně Bělohrad","2011-02-16","https://bohosluzby.dravec.org/kostel/30001706987365/"
"30002327345830","filiální kostel (bývalý farní) sv. Mikuláše, biskupa","Choteč","Římskokatolická farnost Lázně Bělohrad","2011-02-16","https://bohosluzby.dravec.org/kostel/30002327345830/"
"30002558078091","filiální kostel (bývalý farní) Zvěstování Páně","Miletín","Římskokatolická farnost Lázně Bělohrad","2011-02-16","https://bohosluzby.dravec.org/kostel/30002558078091/"
"30002742120101","filiální kostel sv. Jakuba a Ondřeje","Červená Třemešná","Římskokatolická farnost Lázně Bělohrad","2011-02-16","https://bohosluzby.dravec.org/kostel/30002742120101/"
"30003309802905","farní kostel Všech svatých","Lázně Bělohrad","Římskokatolická farnost Lázně Bělohrad","2011-02-16","https://bohosluzby.dravec.org/kostel/30003309802905/"
"30003647531148","filiální kostel sv. Jiří, mučedníka","Hřídelec, Lázně Bělohrad","Římskokatolická farnost Lázně Bělohrad","2011-02-16","https://bohosluzby.dravec.org/kostel/30003647531148/"
"3000611153247","filiální kostel sv. Bartoloměje, apoštola","Batňovice","Římskokatolická farnost Úpice","2011-02-23","https://bohosluzby.dravec.org/kostel/3000611153247/"
"30002344488935","filiální kostel (bývalý farní) sv. Jana Křtitele","Markoušovice, Velké Svatoňovice","Římskokatolická farnost Úpice","2011-02-23","https://bohosluzby.dravec.org/kostel/30002344488935/"
"30003545722926","farní kostel sv. Jakuba Staršího, apoštola","Úpice","Římskokatolická farnost Úpice","2011-02-23","https://bohosluzby.dravec.org/kostel/30003545722926/"
"3000392052541","filiální kostel Zvěstování Páně","Živanice","Římskokatolická farnost Lázně Bohdaneč","2011-03-10","https://bohosluzby.dravec.org/kostel/3000392052541/"
"30001993041088","farní kostel sv. Marie Magdalény","Lázně Bohdaneč","Římskokatolická farnost Lázně Bohdaneč","2011-03-10","https://bohosluzby.dravec.org/kostel/30001993041088/"
"30001053989226","farní kostel Panny Marie Sedmibolestné","Předhradí","Římskokatolická farnost Předhradí","2011-03-16","https://bohosluzby.dravec.org/kostel/30001053989226/"
"30003380381798","farní kostel sv. Víta, mučedníka","Dolní Krupá","Římskokatolická farnost Dolní Krupá","2011-03-16","https://bohosluzby.dravec.org/kostel/30003380381798/"
"30003663447273","kaple sv. Petra a Pavla, apoštolů","Hluboká","Římskokatolická farnost Předhradí","2011-03-16","https://bohosluzby.dravec.org/kostel/30003663447273/"
"30003944421949","farní kostel sv. Petra a Pavla, apoštolů","Rohovládova Bělá","Římskokatolická farnost Rohovládova Bělá","2011-03-16","https://bohosluzby.dravec.org/kostel/30003944421949/"
"30002401378944","farní kostel sv. Martina, biskupa","Slatiňany","Římskokatolická farnost Slatiňany","2011-04-07","https://bohosluzby.dravec.org/kostel/30002401378944/"
"30003061772156","kaple Svaté rodiny (v klášteře sester františkánek)","Slatiňany","Římskokatolická farnost Slatiňany","2011-04-07","https://bohosluzby.dravec.org/kostel/30003061772156/"
"30001597988648","farní kostel sv. Klementa, papeže a mučedníka","Dobřenice","Římskokatolická farnost Dobřenice","2011-04-11","https://bohosluzby.dravec.org/kostel/30001597988648/"
"30001653809992","kaple sv. Václava, mučedníka","Jeníkov","Římskokatolická farnost Kameničky","2011-04-12","https://bohosluzby.dravec.org/kostel/30001653809992/"
"30002586693535","farní kostel Nejsvětější Trojice","Kameničky","Římskokatolická farnost Kameničky","2011-04-12","https://bohosluzby.dravec.org/kostel/30002586693535/"
"30002466992492","filiální kostel (bývalý farní) Všech svatých","Probluz, Dolní Přím","Římskokatolická farnost Nechanice","2011-05-16","https://bohosluzby.dravec.org/kostel/30002466992492/"
"30002697230807","farní kostel Nanebevzetí Panny Marie","Nechanice","Římskokatolická farnost Nechanice","2011-05-16","https://bohosluzby.dravec.org/kostel/30002697230807/"
"30003720367670","kaple Panny Marie, Matky Církve (na faře)","Nechanice","Římskokatolická farnost Nechanice","2011-05-16","https://bohosluzby.dravec.org/kostel/30003720367670/"
"800013414190","kostel farní sv. Petra a sv. Pavla","Bobrová","Římskokatolická farnost Bobrová","2011-06-13","https://bohosluzby.dravec.org/kostel/800013414190/"
"8000477597886","kostel filiální Panny Marie Matky jednoty křesťanů","Tavíkovice","Římskokatolická farnost Běhařovice","2011-06-16","https://bohosluzby.dravec.org/kostel/8000477597886/"
"80001314650490","kaple sv. Karla Boromejského","Karlín","Římskokatolická farnost Šardice","2011-06-16","https://bohosluzby.dravec.org/kostel/80001314650490/"
"80001861048630","kostel filiální Všech svatých","Přeskače","Římskokatolická farnost Běhařovice","2011-06-16","https://bohosluzby.dravec.org/kostel/80001861048630/"
"80002052087795","kostel farní Neposkvrněného početí Panny Marie","Práče","Římskokatolická farnost Práče","2011-06-16","https://bohosluzby.dravec.org/kostel/80002052087795/"
"80002387303027","kostel farní sv. Wolfganga","Hnanice","Římskokatolická farnost Hnanice","2011-06-16","https://bohosluzby.dravec.org/kostel/80002387303027/"
"80002487084682","kaple Povýšení sv. Kříže","Dolenice","Římskokatolická farnost Jiřice u Miroslavi","2011-06-16","https://bohosluzby.dravec.org/kostel/80002487084682/"
"80002798174176","kostel farní sv. Petra a sv. Pavla","Batelov","Římskokatolická farnost Batelov","2011-06-16","https://bohosluzby.dravec.org/kostel/80002798174176/"
"80003032354084","kostel farní sv. Anny","Jiřice u Miroslavi","Římskokatolická farnost Jiřice u Miroslavi","2011-06-16","https://bohosluzby.dravec.org/kostel/80003032354084/"
"80003053816774","kostel farní sv. Anny","Pasohlávky","Římskokatolická farnost Pasohlávky","2011-06-16","https://bohosluzby.dravec.org/kostel/80003053816774/"
"80003218628606","kostel farní sv. Michaela archanděla","Šardice","Římskokatolická farnost Šardice","2011-06-16","https://bohosluzby.dravec.org/kostel/80003218628606/"
"80003343407311","kostel farní Nejsvětější Trojice","Těšetice","Římskokatolická farnost Těšetice u Znojma","2011-06-16","https://bohosluzby.dravec.org/kostel/80003343407311/"
"80003443900826","kostel farní Nejsvětější Trojice","Běhařovice","Římskokatolická farnost Běhařovice","2011-06-16","https://bohosluzby.dravec.org/kostel/80003443900826/"
"80003575576558","kostel farní sv. Jana Křtitele","Vlasatice","Římskokatolická farnost Vlasatice","2011-06-16","https://bohosluzby.dravec.org/kostel/80003575576558/"
"80003786115321","kostel farní sv. Jana Křtitele","Višňové","Římskokatolická farnost Višňové u Znojma","2011-06-16","https://bohosluzby.dravec.org/kostel/80003786115321/"
"80004149842624","kaple Panny Marie Pomocnice","Nová Ves, Pohořelice","Římskokatolická farnost Vlasatice","2011-06-16","https://bohosluzby.dravec.org/kostel/80004149842624/"
"3000363453714","filiální kostel (bývalý farní) sv. Mikuláše, biskupa","Horní Brusnice","Římskokatolická farnost Pecka","2011-06-20","https://bohosluzby.dravec.org/kostel/3000363453714/"
"8000435188489","kostel farní sv. Jana Křtitele","Boleradice","Římskokatolická farnost Boleradice","2011-06-20","https://bohosluzby.dravec.org/kostel/8000435188489/"
"30001360128537","filiální kostel (bývalý farní) sv. Víta, mučedníka","Borovnice","Římskokatolická farnost Pecka","2011-06-20","https://bohosluzby.dravec.org/kostel/30001360128537/"
"30002357279481","filiální kostel (bývalý farní) sv. Andělů strážných","Vidochov","Římskokatolická farnost Pecka","2011-06-20","https://bohosluzby.dravec.org/kostel/30002357279481/"
"30002994068355","farní kostel sv. Bartoloměje, apoštola","Pecka","Římskokatolická farnost Pecka","2011-06-20","https://bohosluzby.dravec.org/kostel/30002994068355/"
"30003369721304","filiální kostel sv. Anny","Mostek","Římskokatolická farnost Pecka","2011-06-20","https://bohosluzby.dravec.org/kostel/30003369721304/"
"300047074542","farní kostel sv. Bartoloměje, apoštola","Jablonné nad Orlicí","Římskokatolická farnost Jablonné nad Orlicí","2011-07-14","https://bohosluzby.dravec.org/kostel/300047074542/"
"3000154070568","filiální kostel (bývalý farní) Nejsvětější Trojice","Jamné nad Orlicí","Římskokatolická farnost Jablonné nad Orlicí","2011-07-14","https://bohosluzby.dravec.org/kostel/3000154070568/"
"30001124952222","farní kostel Nanebevstoupení Páně","Josefov, Jaroměř","Římskokatolická farnost Josefov","2011-07-14","https://bohosluzby.dravec.org/kostel/30001124952222/"
"30001197323923","kaple Nejsvětějšího Srdce Ježíšova","Josefov, Jaroměř","Římskokatolická farnost Josefov","2011-07-14","https://bohosluzby.dravec.org/kostel/30001197323923/"
"30001472765112","filiální kostel (bývalý farní) sv. Jana Nepomuckého","Orličky","Římskokatolická farnost Jablonné nad Orlicí","2011-07-14","https://bohosluzby.dravec.org/kostel/30001472765112/"
"30001624777541","filiální kostel (bývalý farní) sv. Jiří, mučedníka","Jasenná","Římskokatolická farnost Josefov","2011-07-14","https://bohosluzby.dravec.org/kostel/30001624777541/"
"30001427620194","farní kostel sv. Markéty, panny a mučednice","Lučice","Římskokatolická farnost Lučice","2011-08-05","https://bohosluzby.dravec.org/kostel/30001427620194/"
"30003374450749","farní kostel sv. Anny","Pustá Kamenice","Římskokatolická farnost Pustá Kamenice","2011-08-05","https://bohosluzby.dravec.org/kostel/30003374450749/"
"8000341951303","kostel farní sv. Bartoloměje","Blížkovice","Římskokatolická farnost Blížkovice","2011-10-10","https://bohosluzby.dravec.org/kostel/8000341951303/"
"80001144841483","kostel filiální Nejsvětějšího Srdce Páně","Oslnovice","Římskokatolická farnost Bítov","2011-10-10","https://bohosluzby.dravec.org/kostel/80001144841483/"
"80002362226916","kostel farní sv. Václava","Bítov","Římskokatolická farnost Bítov","2011-10-10","https://bohosluzby.dravec.org/kostel/80002362226916/"
"80002411711577","kostel farní Povýšení sv. Kříže","Benešov","Římskokatolická farnost Benešov u Boskovic","2011-10-10","https://bohosluzby.dravec.org/kostel/80002411711577/"
"80004284315597","kaple Nanebevzetí Panny Marie","Bítov","Římskokatolická farnost Bítov","2011-10-10","https://bohosluzby.dravec.org/kostel/80004284315597/"
"8000388666746","kostel farní Panny Marie Pomocnice","Žabovřesky, Brno","Římskokatolická farnost u kostela Panny Marie Pomocnice v Brně - Žabovřeskách","2011-10-13","https://bohosluzby.dravec.org/kostel/8000388666746/"
"8000400661509","kaple Pána Ježíše v Getsemanech","Komín, Brno","Římskokatolická farnost u kostela sv. Vavřince, Brno - Komín","2011-10-13","https://bohosluzby.dravec.org/kostel/8000400661509/"
"8000561303283","kaple sv. Václava","Žabovřesky, Brno","Římskokatolická farnost u kostela Panny Marie Pomocnice v Brně - Žabovřeskách","2011-10-13","https://bohosluzby.dravec.org/kostel/8000561303283/"
"8000611264879","kaple sv. Vavřince a sv. Jana Křtitele","Hříšice","Římskokatolická farnost Dačice","2011-10-13","https://bohosluzby.dravec.org/kostel/8000611264879/"
"8000882496492","kostel farní Jména Panny Marie","Březí","Římskokatolická farnost Březí u Osové Bítýšky","2011-10-13","https://bohosluzby.dravec.org/kostel/8000882496492/"
"8000900305842","kaple Srdce Panny Marie","Malý Pěčín, Dačice","Římskokatolická farnost Dačice","2011-10-13","https://bohosluzby.dravec.org/kostel/8000900305842/"
"80001025645479","kostel filiální Nanebevzetí Panny Marie","Jamolice","Římskokatolická farnost Dobřínsko","2011-10-13","https://bohosluzby.dravec.org/kostel/80001025645479/"
"80001121887997","kostel farní Nanebevzetí Panny Marie","Bohdalice, Bohdalice-Pavlovice","Římskokatolická farnost Bohdalice","2011-10-13","https://bohosluzby.dravec.org/kostel/80001121887997/"
"80001309948962","kostel farní sv. Vavřince","Dačice I, Dačice","Římskokatolická farnost Dačice","2011-10-13","https://bohosluzby.dravec.org/kostel/80001309948962/"
"80001321353920","kostel filiální sv. Klementa Marie Hofbauera","Horní Heršpice, Brno","Římskokatolická farnost u kostela sv. Jiljí, Brno - Komárov","2011-10-13","https://bohosluzby.dravec.org/kostel/80001321353920/"
"80001351253016","kostel farní sv. Jana Nepomuckého","Brod nad Dyjí","Římskokatolická farnost Brod nad Dyjí","2011-10-13","https://bohosluzby.dravec.org/kostel/80001351253016/"
"80001393412164","kostel farní sv. Jakuba","Brtnice","Římskokatolická farnost Brtnice","2011-10-13","https://bohosluzby.dravec.org/kostel/80001393412164/"
"80001476711697","kostel farní sv. Vavřince","Řečkovice, Brno","Římskokatolická farnost u kostela sv. Vavřince, Brno - Řečkovice","2011-10-13","https://bohosluzby.dravec.org/kostel/80001476711697/"
"80001480637660","kostel farní sv. Prokopa","Dobřínsko","Římskokatolická farnost Dobřínsko","2011-10-13","https://bohosluzby.dravec.org/kostel/80001480637660/"
"80001507647896","kostel filiální sv. Kříže","Slatina, Brno","Římskokatolická farnost u kostela sv. Jiljí, Brno - Líšeň","2011-10-13","https://bohosluzby.dravec.org/kostel/80001507647896/"
"80001869399167","kostel farní sv. Vavřince","Bystřice nad Pernštejnem","Římskokatolická farnost Bystřice nad Pernštejnem","2011-10-13","https://bohosluzby.dravec.org/kostel/80001869399167/"
"80001879097215","kostel farní sv. Martina","Dolní Loučky","Římskokatolická farnost Dolní Loučky","2011-10-13","https://bohosluzby.dravec.org/kostel/80001879097215/"
"80001906494993","kostel farní sv. Antonína Paduánského","Brumovice","Římskokatolická farnost Brumovice na Moravě","2011-10-13","https://bohosluzby.dravec.org/kostel/80001906494993/"
"80001938797317","kaple sv. Antonína","Okřešice","Římskokatolická farnost Červená Lhota","2011-10-13","https://bohosluzby.dravec.org/kostel/80001938797317/"
"80002073053065","kostel filiální sv. Antonína Paduánského","Kuřimská Nová Ves","Římskokatolická farnost Deblín","2011-10-13","https://bohosluzby.dravec.org/kostel/80002073053065/"
"80002167388523","kostel farní Nanebevzetí Panny Marie","Bučovice","Římskokatolická farnost Bučovice","2011-10-13","https://bohosluzby.dravec.org/kostel/80002167388523/"
"80002289438838","kostel farní sv. Jana Křtitele a sv. Jana Evangelisty","Brno-město, Brno","Římskokatolická farnost u kostela sv. Janů, Brno","2011-10-13","https://bohosluzby.dravec.org/kostel/80002289438838/"
"80002423673221","kostel farní sv. Mikuláše","Deblín","Římskokatolická farnost Deblín","2011-10-13","https://bohosluzby.dravec.org/kostel/80002423673221/"
"80002613316273","kostel filiální sv. Antonína Paduánského","Panská Lhota, Brtnice","Římskokatolická farnost Brtnice","2011-10-13","https://bohosluzby.dravec.org/kostel/80002613316273/"
"80002633679889","kostel farní sv. Jiljí","Líšeň, Brno","Římskokatolická farnost u kostela sv. Jiljí, Brno - Líšeň","2011-10-13","https://bohosluzby.dravec.org/kostel/80002633679889/"
"80002687584866","kostel farní sv. Augustina","Stránice, Brno","Římskokatolická farnost u kostela sv. Augustina, Brno - Masarykova čtvrť","2011-10-13","https://bohosluzby.dravec.org/kostel/80002687584866/"
"80002779730499","kostel filiální sv. Barbory","Příseka, Brtnice","Římskokatolická farnost Brtnice","2011-10-13","https://bohosluzby.dravec.org/kostel/80002779730499/"
"80002831066259","kostel farní Navštívení Panny Marie","Poštorná, Břeclav","Římskokatolická farnost Břeclav - Poštorná","2011-10-13","https://bohosluzby.dravec.org/kostel/80002831066259/"
"80002993363206","kostel filiální sv. Jana Křtitele","Bílkov, Dačice","Římskokatolická farnost Dačice","2011-10-13","https://bohosluzby.dravec.org/kostel/80002993363206/"
"80003021920481","kostel farní sv. Gottharda a Nanebevzetí Panny Marie","Budišov","Římskokatolická farnost Budišov u Třebíče","2011-10-13","https://bohosluzby.dravec.org/kostel/80003021920481/"
"80003256232140","kostel farní sv. Jiljí","Komárov, Brno","Římskokatolická farnost u kostela sv. Jiljí, Brno - Komárov","2011-10-13","https://bohosluzby.dravec.org/kostel/80003256232140/"
"80003291460480","středisko Archa","Bystrc, Brno","Římskokatolická farnost u kostela sv. Jana Křtitele a sv. Jana Evangelisty, Brno - Bystrc","2011-10-13","https://bohosluzby.dravec.org/kostel/80003291460480/"
"80003351415025","kostel farní Zvěstování Panny Marie","Tuřany, Brno","Římskokatolická farnost u kostela Zvěstování Panny Marie, Brno - Tuřany","2011-10-13","https://bohosluzby.dravec.org/kostel/80003351415025/"
"80003489995421","kostel farní sv. Vavřince","Komín, Brno","Římskokatolická farnost u kostela sv. Vavřince, Brno - Komín","2011-10-13","https://bohosluzby.dravec.org/kostel/80003489995421/"
"80003558630304","kostel farní sv. Petra a sv. Pavla","Cizkrajov","Římskokatolická farnost Cizkrajov","2011-10-13","https://bohosluzby.dravec.org/kostel/80003558630304/"
"80003614620865","kostel farní sv. Vavřince","Červená Lhota","Římskokatolická farnost Červená Lhota","2011-10-13","https://bohosluzby.dravec.org/kostel/80003614620865/"
"80003626404923","kaple sv. Václava","Níhov","Římskokatolická farnost Březí u Osové Bítýšky","2011-10-13","https://bohosluzby.dravec.org/kostel/80003626404923/"
"80003731633107","kostel farní sv. Mikuláše","Brankovice","Římskokatolická farnost Brankovice","2011-10-13","https://bohosluzby.dravec.org/kostel/80003731633107/"
"80003767518802","kaple Panny Marie Pomocnice","Líšeň, Brno","Římskokatolická farnost u kostela sv. Jiljí, Brno - Líšeň","2011-10-13","https://bohosluzby.dravec.org/kostel/80003767518802/"
"80003795866278","kostel farní sv. Jana Křtitele a sv. Jana Evangelisty","Bystrc, Brno","Římskokatolická farnost u kostela sv. Jana Křtitele a sv. Jana Evangelisty, Brno - Bystrc","2011-10-13","https://bohosluzby.dravec.org/kostel/80003795866278/"
"80003857885295","kostel farní Nanebevzetí Panny Marie","Zábrdovice (Brno-Židenice), Brno","Římskokatolická farnost u kostela Nanebevzetí Panny Marie, Brno - Zábrdovice","2011-10-13","https://bohosluzby.dravec.org/kostel/80003857885295/"
"80003868825780","kostel filiální sv. Antonína Paduánského","Dačice III, Dačice","Římskokatolická farnost Dačice","2011-10-13","https://bohosluzby.dravec.org/kostel/80003868825780/"
"80004011929112","kaple Nanebevzetí Panny Marie","Březské","Římskokatolická farnost Březí u Osové Bítýšky","2011-10-13","https://bohosluzby.dravec.org/kostel/80004011929112/"
"80004055878672","kostel farní sv. Jana a sv. Pavla","Citonice","Římskokatolická farnost Citonice","2011-10-13","https://bohosluzby.dravec.org/kostel/80004055878672/"
"80004167743836","kostel farní sv. Jiljí","Dolní Dunajovice","Římskokatolická farnost Dolní Dunajovice","2011-10-13","https://bohosluzby.dravec.org/kostel/80004167743836/"
"80004204845001","kostel farní sv. Jana Nepomuckého","Starý Lískovec (Brno-Starý Lískovec), Brno","Římskokatolická farnost u kostela sv. Jana Nepomuckého, Brno - Lískovec","2011-10-13","https://bohosluzby.dravec.org/kostel/80004204845001/"
"80004287542219","kostel farní sv. Martina","Budkov","Římskokatolická farnost Budkov","2011-10-13","https://bohosluzby.dravec.org/kostel/80004287542219/"
"800039141401","kostel filiální sv. Václava","Dolní Dubňany","Římskokatolická farnost Horní Dubňany","2011-10-24","https://bohosluzby.dravec.org/kostel/800039141401/"
"800066160703","kostel farní sv. Petra a sv. Pavla","Miroslav","Římskokatolická farnost Miroslav","2011-10-24","https://bohosluzby.dravec.org/kostel/800066160703/"
"8000111466850","kostel farní sv. Václava a sv. Anežky České","Hustopeče","Římskokatolická farnost Hustopeče u Brna","2011-10-24","https://bohosluzby.dravec.org/kostel/8000111466850/"
"8000119596158","kostel farní sv. Jana Křtitele a sv. Václava","Ostrovačice","Římskokatolická farnost Ostrovačice","2011-10-24","https://bohosluzby.dravec.org/kostel/8000119596158/"
"8000151517802","kostel farní sv. Jakuba Staršího","Osová Bítýška","Římskokatolická farnost Osová Bítýška","2011-10-24","https://bohosluzby.dravec.org/kostel/8000151517802/"
"8000153392767","kostel filiální Panny Marie Pomocnice","Moravské Křižánky, Křižánky","Římskokatolická farnost Herálec pod Žákovou horou","2011-10-24","https://bohosluzby.dravec.org/kostel/8000153392767/"
"8000177625842","kostel filiální Všech svatých  a sv. Cyrila a Metoděje","Staré Hvězdlice, Hvězdlice","Římskokatolická farnost Hvězdlice","2011-10-24","https://bohosluzby.dravec.org/kostel/8000177625842/"
"8000184603592","kaple sv. Anny","Kamenice","Římskokatolická farnost Kamenice u Jihlavy","2011-10-24","https://bohosluzby.dravec.org/kostel/8000184603592/"
"8000213406149","kostel farní Nanebevzetí Panny Marie","Olbramkostel","Římskokatolická farnost Olbramkostel","2011-10-24","https://bohosluzby.dravec.org/kostel/8000213406149/"
"8000251945049","kostel farní Nanebevzetí Panny Marie","Netín","Římskokatolická farnost Netín","2011-10-24","https://bohosluzby.dravec.org/kostel/8000251945049/"
"8000325758333","kostel farní sv. Maří Magdalény","Olešná, Nové Město na Moravě","Římskokatolická farnost Olešná na Moravě","2011-10-24","https://bohosluzby.dravec.org/kostel/8000325758333/"
"8000330963978","kaple sv. Kateřiny","Nechvalín","Římskokatolická farnost Lovčice u Kyjova","2011-10-24","https://bohosluzby.dravec.org/kostel/8000330963978/"
"8000394979761","kostel farní sv. Kateřiny a Panny Marie","Herálec","Římskokatolická farnost Herálec pod Žákovou horou","2011-10-24","https://bohosluzby.dravec.org/kostel/8000394979761/"
"8000436729800","kostel farní sv. Petra a sv. Pavla","Horní Dubňany","Římskokatolická farnost Horní Dubňany","2011-10-24","https://bohosluzby.dravec.org/kostel/8000436729800/"
"8000506860259","kostel farní sv. Kateřiny","Mutěnice","Římskokatolická farnost Mutěnice","2011-10-24","https://bohosluzby.dravec.org/kostel/8000506860259/"
"8000571205975","kostel filiální Ducha Svatého","Kunštát","Římskokatolická farnost Kunštát na Moravě","2011-10-24","https://bohosluzby.dravec.org/kostel/8000571205975/"
"8000573580282","kostel farní sv. Kunhuty","Nové Město na Moravě","Římskokatolická farnost Nové Město na Moravě","2011-10-24","https://bohosluzby.dravec.org/kostel/8000573580282/"
"8000630874455","kostel farní sv. Jana Křtitele","Měřín","Římskokatolická farnost Měřín","2011-10-24","https://bohosluzby.dravec.org/kostel/8000630874455/"
"8000642212729","kostel filiální sv. stětí Jana Křtitele","Týnec","Římskokatolická farnost Moravská Nová Ves","2011-10-24","https://bohosluzby.dravec.org/kostel/8000642212729/"
"8000662282755","kostel farní sv. Prokopa","Letovice","Římskokatolická farnost Letovice","2011-10-24","https://bohosluzby.dravec.org/kostel/8000662282755/"
"8000686726711","kostel farní sv. Kunhuty","Kostelec","Římskokatolická farnost Kostelec u Jihlavy","2011-10-24","https://bohosluzby.dravec.org/kostel/8000686726711/"
"8000765612284","kostel farní Nejsvětější Trojice","Lažánky","Římskokatolická farnost Lažánky","2011-10-24","https://bohosluzby.dravec.org/kostel/8000765612284/"
"8000868841457","kostel filiální sv. Petra a sv. Pavla","Říčany","Římskokatolická farnost Ostrovačice","2011-10-24","https://bohosluzby.dravec.org/kostel/8000868841457/"
"8000943546378","kostel filiální sv. Jiří","Kochov, Letovice","Římskokatolická farnost Letovice","2011-10-24","https://bohosluzby.dravec.org/kostel/8000943546378/"
"8000966859625","kostel farní Nalezení sv. Kříže","Moravec","Římskokatolická farnost Moravec","2011-10-24","https://bohosluzby.dravec.org/kostel/8000966859625/"
"8000976017599","kostel farní sv. Jiří","Lubnice","Římskokatolická farnost Lubnice","2011-10-24","https://bohosluzby.dravec.org/kostel/8000976017599/"
"8000985711548","kostel farní sv. Stanislav","Jemnice","Římskokatolická farnost Jemnice","2011-10-24","https://bohosluzby.dravec.org/kostel/8000985711548/"
"80001086362802","kostel farní sv. Jiljí","Lukov","Římskokatolická farnost Lukov u Znojma","2011-10-24","https://bohosluzby.dravec.org/kostel/80001086362802/"
"80001121373822","kostel farní Všech svatých","Moravský Krumlov","Římskokatolická farnost Moravský Krumlov","2011-10-24","https://bohosluzby.dravec.org/kostel/80001121373822/"
"80001190576218","kostel farní Navštívení Panny Marie","Hluboké Mašůvky","Římskokatolická farnost Hluboké Mašůvky","2011-10-24","https://bohosluzby.dravec.org/kostel/80001190576218/"
"80001204158333","kostel farní sv. Stanislava","Kunštát","Římskokatolická farnost Kunštát na Moravě","2011-10-24","https://bohosluzby.dravec.org/kostel/80001204158333/"
"80001224742772","kostel filiální sv. Jakuba Staršího","Černín","Římskokatolická farnost Jevišovice","2011-10-24","https://bohosluzby.dravec.org/kostel/80001224742772/"
"80001268566167","kostel farní sv. Petra a sv. Pavla","Milonice","Římskokatolická farnost Milonice","2011-10-24","https://bohosluzby.dravec.org/kostel/80001268566167/"
"80001282713631","kostel farní sv. Jakuba Staršího","Jihlava","Římskokatolická farnost u kostela sv. Jakuba, Jihlava","2011-10-24","https://bohosluzby.dravec.org/kostel/80001282713631/"
"80001285799546","kostel farní sv. Jakuba ","Nové Hvězdlice, Hvězdlice","Římskokatolická farnost Hvězdlice","2011-10-24","https://bohosluzby.dravec.org/kostel/80001285799546/"
"80001376998732","kostel filiální Božského Srdce Páně","Terezín","Římskokatolická farnost Hovorany","2011-10-24","https://bohosluzby.dravec.org/kostel/80001376998732/"
"80001390032344","kostel farní sv. Jakuba Staršího","Lednice","Římskokatolická farnost Lednice na Moravě","2011-10-24","https://bohosluzby.dravec.org/kostel/80001390032344/"
"80001528137811","kostel farní sv. Klimenta","Horní Břečkov","Římskokatolická farnost Horní Břečkov","2011-10-24","https://bohosluzby.dravec.org/kostel/80001528137811/"
"80001546787769","kostel farní sv. Markéty","Jaroměřice nad Rokytnou","Římskokatolická farnost Jaroměřice nad Rokytnou","2011-10-24","https://bohosluzby.dravec.org/kostel/80001546787769/"
"80001595679908","kostel farní sv. Maří Magdalény","Lančov","Římskokatolická farnost Lančov","2011-10-24","https://bohosluzby.dravec.org/kostel/80001595679908/"
"80001706489658","kostel farní sv. Petra a sv. Pavla","Lovčice","Římskokatolická farnost Lovčice u Kyjova","2011-10-24","https://bohosluzby.dravec.org/kostel/80001706489658/"
"80001763903676","kaple Nanebevzetí Panny Marie","Maršov","Římskokatolická farnost Lažánky","2011-10-24","https://bohosluzby.dravec.org/kostel/80001763903676/"
"80001838380891","kostel farní sv. Jana Křtitele","Náměšť nad Oslavou","Římskokatolická farnost Náměšť nad Oslavou","2011-10-24","https://bohosluzby.dravec.org/kostel/80001838380891/"
"80001853217890","kaple sv. Anny","Milešovice","Římskokatolická farnost Otnice","2011-10-24","https://bohosluzby.dravec.org/kostel/80001853217890/"
"80001853723165","kostel filiální sv. Vendelína","Čejč","Římskokatolická farnost Hovorany","2011-10-24","https://bohosluzby.dravec.org/kostel/80001853723165/"
"80001856685674","kaple Panny Marie Karmelské","Zbraslavec","Římskokatolická farnost Kunštát na Moravě","2011-10-24","https://bohosluzby.dravec.org/kostel/80001856685674/"
"80001875038605","kostel farní sv. Martina","Jámy","Římskokatolická farnost Jámy","2011-10-24","https://bohosluzby.dravec.org/kostel/80001875038605/"
"80001892020794","kostel farní sv. Bartoloměje","Chvalkovice","Římskokatolická farnost Chvalkovice u Bučovic","2011-10-24","https://bohosluzby.dravec.org/kostel/80001892020794/"
"80001941622570","kostel klášterní sv. Václava","Letovice","Římskokatolická farnost Letovice","2011-10-24","https://bohosluzby.dravec.org/kostel/80001941622570/"
"80001954418433","kostel filiální sv. Markéty","Suchohrdly u Miroslavi","Římskokatolická farnost Miroslav","2011-10-24","https://bohosluzby.dravec.org/kostel/80001954418433/"
"80001959610141","kostel farní sv. Kunhuty","Hostěradice","Římskokatolická farnost Hostěradice","2011-10-24","https://bohosluzby.dravec.org/kostel/80001959610141/"
"80001978461163","kostel farní sv. Aloise a sv. Havla","Otnice","Římskokatolická farnost Otnice","2011-10-24","https://bohosluzby.dravec.org/kostel/80001978461163/"
"80001989967021","kaple sv. Víta","Skalice","Římskokatolická farnost Hostěradice","2011-10-24","https://bohosluzby.dravec.org/kostel/80001989967021/"
"80002065166547","kostel filiální sv. Judy","Radostice","Římskokatolická farnost u kostela sv. Jiří, Ořechov","2011-10-24","https://bohosluzby.dravec.org/kostel/80002065166547/"
"80002122019569","kostel farní Navštívení Panny Marie","Obyčtov","Římskokatolická farnost Obyčtov","2011-10-24","https://bohosluzby.dravec.org/kostel/80002122019569/"
"80002130274203","kostel farní sv. Vavřince","Olešnice","Římskokatolická farnost Olešnice na Moravě","2011-10-24","https://bohosluzby.dravec.org/kostel/80002130274203/"
"80002154967061","Dům sv. Antonína","Moravské Budějovice","Římskokatolická farnost Moravské Budějovice","2011-10-24","https://bohosluzby.dravec.org/kostel/80002154967061/"
"80002182034437","kostel filiální sv. Václava","Lovčičky","Římskokatolická farnost Otnice","2011-10-24","https://bohosluzby.dravec.org/kostel/80002182034437/"
"80002204582741","kostel filiální Nanebevzetí Panny Marie","Milíčovice","Římskokatolická farnost Lukov u Znojma","2011-10-24","https://bohosluzby.dravec.org/kostel/80002204582741/"
"80002236655714","kostel farní sv. Mikuláše","Lísek","Římskokatolická farnost Lísek u Bystřice nad Pernštejnem","2011-10-24","https://bohosluzby.dravec.org/kostel/80002236655714/"
"80002339041818","kostel filiální sv. Jana Křtitele","Jihlava","Římskokatolická farnost u kostela sv. Jakuba, Jihlava","2011-10-24","https://bohosluzby.dravec.org/kostel/80002339041818/"
"80002348990460","kostel farní sv. Jakuba Staršího","Moravská Nová Ves","Římskokatolická farnost Moravská Nová Ves","2011-10-24","https://bohosluzby.dravec.org/kostel/80002348990460/"
"80002349216672","kostel filiální sv. Vavřince","Rakšice, Moravský Krumlov","Římskokatolická farnost Moravský Krumlov","2011-10-24","https://bohosluzby.dravec.org/kostel/80002349216672/"
"80002379364888","kostel farní sv. Jana Křtitele","Mašovice","Římskokatolická farnost Mašovice","2011-10-24","https://bohosluzby.dravec.org/kostel/80002379364888/"
"80002655397247","kaple sv. Bernarda z Clairvaux","Stránecká Zhoř","Římskokatolická farnost Netín","2011-10-24","https://bohosluzby.dravec.org/kostel/80002655397247/"
"80002712941924","kostel farní sv. Kříže","Chvalatice","Římskokatolická farnost Chvalatice","2011-10-24","https://bohosluzby.dravec.org/kostel/80002712941924/"
"80002737688755","kostel farní sv. Petra a sv. Pavla","Jinošov","Římskokatolická farnost Jinošov","2011-10-24","https://bohosluzby.dravec.org/kostel/80002737688755/"
"80002754541288","kostel farní sv. Vavřince","Klobouky u Brna","Římskokatolická farnost Klobouky u Brna","2011-10-24","https://bohosluzby.dravec.org/kostel/80002754541288/"
"80002817717520","kostel filiální sv. Šebestiána a sv. Rocha a sv. Rozálie","Velké Hostěrádky","Římskokatolická farnost Klobouky u Brna","2011-10-24","https://bohosluzby.dravec.org/kostel/80002817717520/"
"80002891390837","kostel farní sv. Jakuba Staršího","Kamenice","Římskokatolická farnost Kamenice u Jihlavy","2011-10-24","https://bohosluzby.dravec.org/kostel/80002891390837/"
"80002898723562","kostel farní sv. Václava","Nové Veselí","Římskokatolická farnost Nové Veselí","2011-10-24","https://bohosluzby.dravec.org/kostel/80002898723562/"
"80002899599236","kostel farní sv. Vavřince","Horní Štěpánov","Římskokatolická farnost Horní Štěpánov","2011-10-24","https://bohosluzby.dravec.org/kostel/80002899599236/"
"80002934825705","kostel farní sv. Petra a sv. Pavla","Nová Říše","Římskokatolická farnost Nová Říše","2011-10-24","https://bohosluzby.dravec.org/kostel/80002934825705/"
"80002951408994","kaple Panny Marie","Ostrovánky","Římskokatolická farnost Lovčice u Kyjova","2011-10-24","https://bohosluzby.dravec.org/kostel/80002951408994/"
"80003022465916","kostel farní sv. Jiří","Kobylí","Římskokatolická farnost Kobylí na Moravě","2011-10-24","https://bohosluzby.dravec.org/kostel/80003022465916/"
"80003032041713","kostel farní sv. Petra a sv. Pavla","Mikulovice","Římskokatolická farnost Mikulovice u Znojma","2011-10-24","https://bohosluzby.dravec.org/kostel/80003032041713/"
"80003049659966","kaple sv. Jana Nepomuckého","Prštice","Římskokatolická farnost u kostela sv. Jiří, Ořechov","2011-10-24","https://bohosluzby.dravec.org/kostel/80003049659966/"
"80003049811288","kostel farní sv. Cyrila a Metoděje","Lužice","Římskokatolická farnost Lužice u Hodonína","2011-10-24","https://bohosluzby.dravec.org/kostel/80003049811288/"
"80003052495864","kaple sv. Michala","Vracovice","Římskokatolická farnost Horní Břečkov","2011-10-24","https://bohosluzby.dravec.org/kostel/80003052495864/"
"80003088294631","kostel filiální sv. Vavřince","Plenkovice","Římskokatolická farnost Olbramkostel","2011-10-24","https://bohosluzby.dravec.org/kostel/80003088294631/"
"80003126228873","kostel farní sv. Jiljí","Horní Slatina","Římskokatolická farnost Horní Slatina","2011-10-24","https://bohosluzby.dravec.org/kostel/80003126228873/"
"80003205035643","kostel farní sv. Jiljí","Jaroslavice","Římskokatolická farnost Jaroslavice","2011-10-24","https://bohosluzby.dravec.org/kostel/80003205035643/"
"80003219213993","kostel filiální Božího milosrdenství a sv, Faustýny","Slavkovice, Nové Město na Moravě","Římskokatolická farnost Jámy","2011-10-24","https://bohosluzby.dravec.org/kostel/80003219213993/"
"80003286328136","kostel filiální sv. Antonína Paduánského","Ronov, Ořechov","Římskokatolická farnost Osová Bítýška","2011-10-24","https://bohosluzby.dravec.org/kostel/80003286328136/"
"80003535954758","kostel filiální Božského Srdce Páně","Malý Beranov","Římskokatolická farnost u kostela sv. Jakuba, Jihlava","2011-10-24","https://bohosluzby.dravec.org/kostel/80003535954758/"
"80003571732935","kostel filiální sv. Petra a sv. Pavla","Zubří","Římskokatolická farnost Olešná na Moravě","2011-10-24","https://bohosluzby.dravec.org/kostel/80003571732935/"
"80003574951791","kostel farní sv. Josefa","Dubňany","Římskokatolická farnost Dubňany","2011-10-24","https://bohosluzby.dravec.org/kostel/80003574951791/"
"80003598650998","kostel farní Nanebevzetí Panny Marie","Ivančice","Římskokatolická farnost Ivančice","2011-10-24","https://bohosluzby.dravec.org/kostel/80003598650998/"
"80003669195702","kostel farní sv. Jiljí","Moravské Budějovice","Římskokatolická farnost Moravské Budějovice","2011-10-24","https://bohosluzby.dravec.org/kostel/80003669195702/"
"80003737514762","kostel filiální sv. Bartoloměje","Bobrůvka","Římskokatolická farnost Moravec","2011-10-24","https://bohosluzby.dravec.org/kostel/80003737514762/"
"80003790501372","kostel farní Všech svatých","Mohelno","Římskokatolická farnost Mohelno","2011-10-24","https://bohosluzby.dravec.org/kostel/80003790501372/"
"80003817900155","kaple sv. Alžběty","Bohumilice, Klobouky u Brna","Římskokatolická farnost Klobouky u Brna","2011-10-24","https://bohosluzby.dravec.org/kostel/80003817900155/"
"80003820872696","kostel filiální sv. Ignáce","Jihlava","Římskokatolická farnost u kostela sv. Jakuba, Jihlava","2011-10-24","https://bohosluzby.dravec.org/kostel/80003820872696/"
"80003823844295","kaple sv. Floriána","Moravský Krumlov","Římskokatolická farnost Moravský Krumlov","2011-10-24","https://bohosluzby.dravec.org/kostel/80003823844295/"
"80003832371347","kostel farní sv. Cyrila a Metoděje","Nové Syrovice","Římskokatolická farnost Nové Syrovice","2011-10-24","https://bohosluzby.dravec.org/kostel/80003832371347/"
"80003833579007","kostel farní sv. Kunhuty","Nedvědice","Římskokatolická farnost Nedvědice pod Pernštejnem","2011-10-24","https://bohosluzby.dravec.org/kostel/80003833579007/"
"80003833944935","kostel filiální sv. Martina","Kralice nad Oslavou","Římskokatolická farnost Jinošov","2011-10-24","https://bohosluzby.dravec.org/kostel/80003833944935/"
"80003848197070","kostel filiální sv. Leopolda","Rokytná, Moravský Krumlov","Římskokatolická farnost Moravský Krumlov","2011-10-24","https://bohosluzby.dravec.org/kostel/80003848197070/"
"80003862480929","kaple Neposkvrněného početí Panny Marie","Bezkov","Římskokatolická farnost Mašovice","2011-10-24","https://bohosluzby.dravec.org/kostel/80003862480929/"
"80003871615013","kostel filiální sv. Floriána","Nemochovice","Římskokatolická farnost Chvalkovice u Bučovic","2011-10-24","https://bohosluzby.dravec.org/kostel/80003871615013/"
"80003986677822","kostel farní sv. Vavřince","Korolupy","Římskokatolická farnost Korolupy","2011-10-24","https://bohosluzby.dravec.org/kostel/80003986677822/"
"80004001615753","kostel farní sv. Matouše","Fryšava pod Žákovou horou","Římskokatolická farnost Fryšava pod Žákovou horou","2011-10-24","https://bohosluzby.dravec.org/kostel/80004001615753/"
"80004009004370","kostel farní sv. Mikuláše","Letonice","Římskokatolická farnost Letonice","2011-10-24","https://bohosluzby.dravec.org/kostel/80004009004370/"
"80004021056722","kostel farní sv. Josefa","Jevišovice","Římskokatolická farnost Jevišovice","2011-10-24","https://bohosluzby.dravec.org/kostel/80004021056722/"
"80004029717124","kostel filiální sv. Bartoloměje","Moravský Krumlov","Římskokatolická farnost Moravský Krumlov","2011-10-24","https://bohosluzby.dravec.org/kostel/80004029717124/"
"80004114866894","kostel farní sv. Jiří","Ořechov","Římskokatolická farnost u kostela sv. Jiří, Ořechov","2011-10-24","https://bohosluzby.dravec.org/kostel/80004114866894/"
"80004152235969","kostel farní sv. Jana Křtitele","Hovorany","Římskokatolická farnost Hovorany","2011-10-24","https://bohosluzby.dravec.org/kostel/80004152235969/"
"80004215645041","kostel filiální sv. Mikuláše","Miroslavské Knínice","Římskokatolická farnost Miroslav","2011-10-24","https://bohosluzby.dravec.org/kostel/80004215645041/"
"80004228030199","kostel filiální sv. Klimenta","Jasenice","Římskokatolická farnost Jinošov","2011-10-24","https://bohosluzby.dravec.org/kostel/80004228030199/"
"80004248664721","kaple sv. Maří Magdalény","Kněževes","Římskokatolická farnost Olešnice na Moravě","2011-10-24","https://bohosluzby.dravec.org/kostel/80004248664721/"
"80004253390822","kaple sv. Bartoloměje","Hrušky","Římskokatolická farnost Moravská Nová Ves","2011-10-24","https://bohosluzby.dravec.org/kostel/80004253390822/"
"8000117181877","kostel filiální Panny Marie Bolestné","Němčany","Římskokatolická farnost Slavkov u Brna","2011-10-25","https://bohosluzby.dravec.org/kostel/8000117181877/"
"8000177376424","kostel farní sv. Jakuba Staršího","Vratěnín","Římskokatolická farnost Vratěnín","2011-10-25","https://bohosluzby.dravec.org/kostel/8000177376424/"
"8000216699117","kostel farní sv. Prokopa","Podklášteří, Třebíč","Římskokatolická farnost Třebíč - zámek","2011-10-25","https://bohosluzby.dravec.org/kostel/8000216699117/"
"8000259551330","kostel farní Povýšení sv. Kříže","Trstěnice","Římskokatolická farnost Trstěnice u Moravského Krumlova","2011-10-25","https://bohosluzby.dravec.org/kostel/8000259551330/"
"8000317653215","kaple sv. Cyrila a Metoděje","Chlístov","Římskokatolická farnost Rokytnice nad Rokytnou","2011-10-25","https://bohosluzby.dravec.org/kostel/8000317653215/"
"8000363987442","kostel filiální sv. Martina a sv. Cyrila a Metoděje","Násedlovice","Římskokatolická farnost Žarošice","2011-10-25","https://bohosluzby.dravec.org/kostel/8000363987442/"
"8000387185268","kostel farní sv. Cyrila a Metoděje","Ratíškovice","Římskokatolická farnost Ratíškovice","2011-10-25","https://bohosluzby.dravec.org/kostel/8000387185268/"
"8000411407582","kostel farní Nanebevzetí Panny Marie","Velké Pavlovice","Římskokatolická farnost Velké Pavlovice","2011-10-25","https://bohosluzby.dravec.org/kostel/8000411407582/"
"8000417984504","kostel farní Nejsvětější Trojice","Vladislav","Římskokatolická farnost Vladislav","2011-10-25","https://bohosluzby.dravec.org/kostel/8000417984504/"
"8000443382190","kaple Povýšení sv. Kříže","Velký Újezd, Kojatice","Římskokatolická farnost Velký Újezd u Jemnice","2011-10-25","https://bohosluzby.dravec.org/kostel/8000443382190/"
"8000481965327","kaple sv. Jana Nepomuckého","Ponětovice","Římskokatolická farnost Šlapanice u Brna","2011-10-25","https://bohosluzby.dravec.org/kostel/8000481965327/"
"8000489453633","kaple sv. Floriána","Dolní Vilémovice","Římskokatolická farnost Valeč u Hrotovic","2011-10-25","https://bohosluzby.dravec.org/kostel/8000489453633/"
"8000500462524","kostel farní sv. Jana Křtitele","Urbanov","Římskokatolická farnost Urbanov","2011-10-25","https://bohosluzby.dravec.org/kostel/8000500462524/"
"8000567053899","kostel farní sv. Václava a Panny Marie","Znojmo","Římskokatolická farnost Znojmo - Louka","2011-10-25","https://bohosluzby.dravec.org/kostel/8000567053899/"
"8000588866674","kostel farní Nejsvětější Trojice","Žatčany","Římskokatolická farnost Žatčany","2011-10-25","https://bohosluzby.dravec.org/kostel/8000588866674/"
"8000616183404","kostel farní Nanebevzetí Panny Marie","Šlapanice","Římskokatolická farnost Šlapanice u Brna","2011-10-25","https://bohosluzby.dravec.org/kostel/8000616183404/"
"8000666071963","kostel farní sv. Markéty","Přímětice, Znojmo","Římskokatolická farnost Přímětice","2011-10-25","https://bohosluzby.dravec.org/kostel/8000666071963/"
"8000672682625","kostel farní Narození Panny Marie","Vranov","Římskokatolická farnost Vranov u Brna","2011-10-25","https://bohosluzby.dravec.org/kostel/8000672682625/"
"8000713674246","kostel farní sv. Mikuláše","Perná","Římskokatolická farnost Perná","2011-10-25","https://bohosluzby.dravec.org/kostel/8000713674246/"
"8000725187701","kostel farní sv. stětí Jana Křtitele","Starý Petřín","Římskokatolická farnost Starý Petřín","2011-10-25","https://bohosluzby.dravec.org/kostel/8000725187701/"
"8000735852135","kostel farní sv. Barnabáše","Těšany","Římskokatolická farnost Těšany","2011-10-25","https://bohosluzby.dravec.org/kostel/8000735852135/"
"8000763501959","kaple sv. Markéty","Podmyče","Římskokatolická farnost Vranov nad Dyjí","2011-10-25","https://bohosluzby.dravec.org/kostel/8000763501959/"
"8000807698045","kostel filiální sv. Jana Nepomuckého","Žďár nad Sázavou 2, Žďár nad Sázavou","Římskokatolická farnost Žďár nad Sázavou - II","2011-10-25","https://bohosluzby.dravec.org/kostel/8000807698045/"
"8000816688569","kostel filiální sv. Jakuba Staršího","Bukov","Římskokatolická farnost Rožná nad Pernštejnem","2011-10-25","https://bohosluzby.dravec.org/kostel/8000816688569/"
"8000907439582","kostel farní sv. Cyrila a Metoděje a zemských patronů","Věteřov","Římskokatolická farnost Věteřov","2011-10-25","https://bohosluzby.dravec.org/kostel/8000907439582/"
"8000988339074","kostel farní Narození Jana Křtitele","Telnice","Římskokatolická farnost Telnice","2011-10-25","https://bohosluzby.dravec.org/kostel/8000988339074/"
"80001026697460","kostel farní Nanebevzetí Panny Marie","Žďár nad Sázavou 2, Žďár nad Sázavou","Římskokatolická farnost Žďár nad Sázavou - II","2011-10-25","https://bohosluzby.dravec.org/kostel/80001026697460/"
"80001115024725","kostel filiální sv. Václava","Krásné","Římskokatolická farnost Sněžné na Moravě","2011-10-25","https://bohosluzby.dravec.org/kostel/80001115024725/"
"80001119885606","kostel filiální Božího Těla","Slavonice","Římskokatolická farnost Slavonice","2011-10-25","https://bohosluzby.dravec.org/kostel/80001119885606/"
"80001124855457","kaple Nejsvětější Trojice","Radonín","Římskokatolická farnost Přibyslavice","2011-10-25","https://bohosluzby.dravec.org/kostel/80001124855457/"
"80001136838402","kostel farní sv. Jiří","Štítary","Římskokatolická farnost Štítary na Moravě","2011-10-25","https://bohosluzby.dravec.org/kostel/80001136838402/"
"80001208786714","kaple Všech svatých","Troubsko","Římskokatolická farnost Troubsko","2011-10-25","https://bohosluzby.dravec.org/kostel/80001208786714/"
"80001277370622","kostel farní sv. Petra a sv. Pavla","Újezd u Brna","Římskokatolická farnost Újezd u Brna","2011-10-25","https://bohosluzby.dravec.org/kostel/80001277370622/"
"80001281225037","kostel filiální Ducha Svatého","Šumná","Římskokatolická farnost Štítary na Moravě","2011-10-25","https://bohosluzby.dravec.org/kostel/80001281225037/"
"80001283697345","kaple Panny Marie Růžencové","Malé Hradisko","Římskokatolická farnost Protivanov","2011-10-25","https://bohosluzby.dravec.org/kostel/80001283697345/"
"80001293743778","kostel filiální sv. Filipa a sv. Jakuba","Lelekovice","Římskokatolická farnost Vranov u Brna","2011-10-25","https://bohosluzby.dravec.org/kostel/80001293743778/"
"80001325842566","kostel farní sv. Václava","Stonařov","Římskokatolická farnost Stonařov","2011-10-25","https://bohosluzby.dravec.org/kostel/80001325842566/"
"80001332403458","kostel farní Nanebevzetí Panny Marie a sv. Ondřeje","Staré Hobzí","Římskokatolická farnost Staré Hobzí","2011-10-25","https://bohosluzby.dravec.org/kostel/80001332403458/"
"80001379902186","kostel farní sv. Petra a sv. Pavla","Rudíkov","Římskokatolická farnost Rudíkov","2011-10-25","https://bohosluzby.dravec.org/kostel/80001379902186/"
"80001380158846","kostel farní sv. Prokopa","Studená","Římskokatolická farnost Studená","2011-10-25","https://bohosluzby.dravec.org/kostel/80001380158846/"
"80001424853362","kostel farní Vzkříšení Páně","Slavkov u Brna","Římskokatolická farnost Slavkov u Brna","2011-10-25","https://bohosluzby.dravec.org/kostel/80001424853362/"
"80001509260169","kostel farní sv. Václava","Radešínská Svratka","Římskokatolická farnost Radešínská Svratka","2011-10-25","https://bohosluzby.dravec.org/kostel/80001509260169/"
"80001520550544","kostel farní sv. Kříže","Sněžné","Římskokatolická farnost Sněžné na Moravě","2011-10-25","https://bohosluzby.dravec.org/kostel/80001520550544/"
"80001566241380","kostel farní sv. Anny","Žarošice","Římskokatolická farnost Žarošice","2011-10-25","https://bohosluzby.dravec.org/kostel/80001566241380/"
"80001603842776","kostel filiální sv. Kateřiny","Svatá Kateřina, Šebrov-Kateřina","Římskokatolická farnost Vranov u Brna","2011-10-25","https://bohosluzby.dravec.org/kostel/80001603842776/"
"80001646513634","kaple sv. Jana Křtitele","Ostopovice","Římskokatolická farnost Troubsko","2011-10-25","https://bohosluzby.dravec.org/kostel/80001646513634/"
"80001677026971","kostel farní sv. Mikuláše","Šaratice","Římskokatolická farnost Šaratice","2011-10-25","https://bohosluzby.dravec.org/kostel/80001677026971/"
"80001690590184","kostel farní sv. Bartoloměje","Šafov","Římskokatolická farnost Šafov","2011-10-25","https://bohosluzby.dravec.org/kostel/80001690590184/"
"80001784852806","kostel farní sv. Markéty","Prosetín","Římskokatolická farnost Prosetín u Bystřice nad Pernštejnem","2011-10-25","https://bohosluzby.dravec.org/kostel/80001784852806/"
"80001786675167","kostel filiální Panny Marie Bolestné","Mramotice, Znojmo","Římskokatolická farnost Přímětice","2011-10-25","https://bohosluzby.dravec.org/kostel/80001786675167/"
"80001868742090","kostel farní sv. Mikuláše","Znojmo","Římskokatolická farnost u kostela sv. Mikuláše, Znojmo","2011-10-25","https://bohosluzby.dravec.org/kostel/80001868742090/"
"80001990753345","kostel filiální sv. Michaela","Ladná","Římskokatolická farnost Podivín","2011-10-25","https://bohosluzby.dravec.org/kostel/80001990753345/"
"80002066189754","kaple sv. Sedmipočetníků a sv. Zdislavy","Vír","Římskokatolická farnost Rovečné","2011-10-25","https://bohosluzby.dravec.org/kostel/80002066189754/"
"80002073706190","kostel farní Nanebevzetí Panny Marie","Slavonice","Římskokatolická farnost Slavonice","2011-10-25","https://bohosluzby.dravec.org/kostel/80002073706190/"
"80002134891040","kostel farní sv. Václava","Zvole","Římskokatolická farnost Zvole nad Pernštejnem","2011-10-25","https://bohosluzby.dravec.org/kostel/80002134891040/"
"80002156421044","kostel farní sv. Jiljí","Ruda","Římskokatolická farnost Ruda","2011-10-25","https://bohosluzby.dravec.org/kostel/80002156421044/"
"80002156519597","kaple sv. Anny","Nová Ves u Nového Města na Moravě","Římskokatolická farnost Radešínská Svratka","2011-10-25","https://bohosluzby.dravec.org/kostel/80002156519597/"
"80002217728065","kostel farní Nanebevzetí Panny Marie","Ždánice","Římskokatolická farnost Ždánice","2011-10-25","https://bohosluzby.dravec.org/kostel/80002217728065/"
"80002248626145","kostel farní Povýšení sv. Kříže","Valeč","Římskokatolická farnost Valeč u Hrotovic","2011-10-25","https://bohosluzby.dravec.org/kostel/80002248626145/"
"80002297050580","kostel farní sv. Mikuláše","Šitbořice","Římskokatolická farnost Šitbořice","2011-10-25","https://bohosluzby.dravec.org/kostel/80002297050580/"
"80002320346509","kostel filiální sv. Anny","Morašice","Římskokatolická farnost Trstěnice u Moravského Krumlova","2011-10-25","https://bohosluzby.dravec.org/kostel/80002320346509/"
"80002340503986","kostel farní Nanebevzetí Panny Marie","Rouchovany","Římskokatolická farnost Rouchovany","2011-10-25","https://bohosluzby.dravec.org/kostel/80002340503986/"
"80002345469538","kaple sv. Michala","Jazovice, Starý Petřín","Římskokatolická farnost Starý Petřín","2011-10-25","https://bohosluzby.dravec.org/kostel/80002345469538/"
"80002350998758","kostel farní sv. Petra a sv. Pavla","Trnava","Římskokatolická farnost Trnava u Třebíče","2011-10-25","https://bohosluzby.dravec.org/kostel/80002350998758/"
"80002383058714","kostel farní sv. Jana Křtitele","Uherčice","Římskokatolická farnost Uherčice u Hustopečí","2011-10-25","https://bohosluzby.dravec.org/kostel/80002383058714/"
"80002432237076","kostel farní sv. Jana Křtitele","Rakvice","Římskokatolická farnost Rakvice","2011-10-25","https://bohosluzby.dravec.org/kostel/80002432237076/"
"80002471298768","kaple Povýšení sv. Kříže","Sokolnice","Římskokatolická farnost Telnice","2011-10-25","https://bohosluzby.dravec.org/kostel/80002471298768/"
"80002511415421","kaple sv. Petra a sv. Pavla","Přešovice","Římskokatolická farnost Rouchovany","2011-10-25","https://bohosluzby.dravec.org/kostel/80002511415421/"
"80002516259231","kostel farní Nanebevzetí Panny Marie","Rancířov, Dešná","Římskokatolická farnost Rancířov","2011-10-25","https://bohosluzby.dravec.org/kostel/80002516259231/"
"80002517750938","kostel farní sv. Kříže","Znojmo","Římskokatolická farnost u kostela sv. Kříže, Znojmo","2011-10-25","https://bohosluzby.dravec.org/kostel/80002517750938/"
"80002650531069","kostel farní Narození Panny Marie","Přibyslavice","Římskokatolická farnost Přibyslavice","2011-10-25","https://bohosluzby.dravec.org/kostel/80002650531069/"
"80002658812656","kostel farní Nanebevzetí Panny Marie","Pozořice","Římskokatolická farnost Pozořice","2011-10-25","https://bohosluzby.dravec.org/kostel/80002658812656/"
"80002679619819","kostel farní Proměnění Páně","Jejkov, Třebíč","Římskokatolická farnost Třebíč - Jejkov","2011-10-25","https://bohosluzby.dravec.org/kostel/80002679619819/"
"80002783907178","kaple sv. Heleny","Vranov nad Dyjí","Římskokatolická farnost Vranov nad Dyjí","2011-10-25","https://bohosluzby.dravec.org/kostel/80002783907178/"
"80002873616221","kostel filiální sv. Floriána","Kuchařovice","Římskokatolická farnost Přímětice","2011-10-25","https://bohosluzby.dravec.org/kostel/80002873616221/"
"80002883545226","kostel filiální sv. Michala","Znojmo","Římskokatolická farnost u kostela sv. Kříže, Znojmo","2011-10-25","https://bohosluzby.dravec.org/kostel/80002883545226/"
"80002889485892","kostel farní Narození Panny Marie","Protivanov","Římskokatolická farnost Protivanov","2011-10-25","https://bohosluzby.dravec.org/kostel/80002889485892/"
"80002927067194","kostel filiální sv. Matouše","Heršpice","Římskokatolická farnost Slavkov u Brna","2011-10-25","https://bohosluzby.dravec.org/kostel/80002927067194/"
"80002933612103","kostel farní sv. Prokopa","Žďár nad Sázavou 1, Žďár nad Sázavou","Římskokatolická farnost Žďár nad Sázavou - I","2011-10-25","https://bohosluzby.dravec.org/kostel/80002933612103/"
"80002953347726","kostel farní Nanebevzetí Panny Marie","Stálky","Římskokatolická farnost Stálky","2011-10-25","https://bohosluzby.dravec.org/kostel/80002953347726/"
"80003017423206","kaple sv. Floriána","Báňovice","Římskokatolická farnost Staré Hobzí","2011-10-25","https://bohosluzby.dravec.org/kostel/80003017423206/"
"80003023018777","kostel farní sv. Martina","Rovečné","Římskokatolická farnost Rovečné","2011-10-25","https://bohosluzby.dravec.org/kostel/80003023018777/"
"80003132457246","kostel farní sv. Havla","Rožná","Římskokatolická farnost Rožná nad Pernštejnem","2011-10-25","https://bohosluzby.dravec.org/kostel/80003132457246/"
"80003190999673","kostel farní sv. Jana Křtitele","Velká Bíteš","Římskokatolická farnost Velká Bíteš","2011-10-25","https://bohosluzby.dravec.org/kostel/80003190999673/"
"80003221194748","kostel farní Nanebevzetí Panny Marie","Předklášteří","Římskokatolická farnost Předklášteří","2011-10-25","https://bohosluzby.dravec.org/kostel/80003221194748/"
"80003253563484","kostel farní sv. Petra a sv. Pavla","Velký Újezd, Kojatice","Římskokatolická farnost Velký Újezd u Jemnice","2011-10-25","https://bohosluzby.dravec.org/kostel/80003253563484/"
"80003298817467","kaple sv. Bartoloměje","Mešovice, Uherčice","Římskokatolická farnost Vratěnín","2011-10-25","https://bohosluzby.dravec.org/kostel/80003298817467/"
"80003324435852","kaple sv. Floriána","Bosonohy, Brno","Římskokatolická farnost Troubsko","2011-10-25","https://bohosluzby.dravec.org/kostel/80003324435852/"
"80003380545806","kostel filiální sv. Antonína","Němčany","Římskokatolická farnost Slavkov u Brna","2011-10-25","https://bohosluzby.dravec.org/kostel/80003380545806/"
"80003395292779","kostel filiální sv. Bartoloměje","Hodějice","Římskokatolická farnost Slavkov u Brna","2011-10-25","https://bohosluzby.dravec.org/kostel/80003395292779/"
"80003445728457","kaple sv. Jana Křtitele","Slavkov u Brna","Římskokatolická farnost Slavkov u Brna","2011-10-25","https://bohosluzby.dravec.org/kostel/80003445728457/"
"80003467215779","kaple sv. Josefa","Buková","Římskokatolická farnost Protivanov","2011-10-25","https://bohosluzby.dravec.org/kostel/80003467215779/"
"80003486676931","kostel farní Nanebevzetí Panny Marie","Tasovice","Římskokatolická farnost Tasovice","2011-10-25","https://bohosluzby.dravec.org/kostel/80003486676931/"
"80003492710884","kostel filiální sv. Martina","Věžná","Římskokatolická farnost Rožná nad Pernštejnem","2011-10-25","https://bohosluzby.dravec.org/kostel/80003492710884/"
"80003562572587","kostel farní sv. Jakuba Staršího","Veverská Bítýška","Římskokatolická farnost Veverská Bítýška","2011-10-25","https://bohosluzby.dravec.org/kostel/80003562572587/"
"80003611750229","kostel farní sv. Václava","Tišnov","Římskokatolická farnost Tišnov","2011-10-25","https://bohosluzby.dravec.org/kostel/80003611750229/"
"80003660564906","kostel farní Nanebevzetí Panny Marie","Troubsko","Římskokatolická farnost Troubsko","2011-10-25","https://bohosluzby.dravec.org/kostel/80003660564906/"
"80003669491389","kostel farní Nanebevzetí Panny Marie","Sebranice","Římskokatolická farnost Sebranice u Boskovic","2011-10-25","https://bohosluzby.dravec.org/kostel/80003669491389/"
"80003671542420","kostel farní sv. Martina","Šatov","Římskokatolická farnost Šatov","2011-10-25","https://bohosluzby.dravec.org/kostel/80003671542420/"
"80003691101721","kaple Svaté Rodiny","Řečice","Římskokatolická farnost Radešínská Svratka","2011-10-25","https://bohosluzby.dravec.org/kostel/80003691101721/"
"80003714860619","kostel filiální sv. Václava","Holubice","Římskokatolická farnost Pozořice","2011-10-25","https://bohosluzby.dravec.org/kostel/80003714860619/"
"80003727377574","kostel filiální sv. Bartoloměje","Košíkov, Velká Bíteš","Římskokatolická farnost Velká Bíteš","2011-10-25","https://bohosluzby.dravec.org/kostel/80003727377574/"
"80003735126581","kostel farní sv. Bartoloměje","Žďárná","Římskokatolická farnost Žďárná","2011-10-25","https://bohosluzby.dravec.org/kostel/80003735126581/"
"80003773758803","kaple sv. Kříže","Chudčice","Římskokatolická farnost Veverská Bítýška","2011-10-25","https://bohosluzby.dravec.org/kostel/80003773758803/"
"80003809642147","kaple sv. Jana a sv. Pavla","Podhradí nad Dyjí","Římskokatolická farnost Stálky","2011-10-25","https://bohosluzby.dravec.org/kostel/80003809642147/"
"80003876421080","kostel farní Narození Jana Křtitele","Rokytnice nad Rokytnou","Římskokatolická farnost Rokytnice nad Rokytnou","2011-10-25","https://bohosluzby.dravec.org/kostel/80003876421080/"
"80003922942361","kostel farní Nanebevzetí Panny Marie","Vranov nad Dyjí","Římskokatolická farnost Vranov nad Dyjí","2011-10-25","https://bohosluzby.dravec.org/kostel/80003922942361/"
"80003965730084","kostel filiální sv. Jana Křtitele","Znojmo","Římskokatolická farnost u kostela sv. Mikuláše, Znojmo","2011-10-25","https://bohosluzby.dravec.org/kostel/80003965730084/"
"80004007213313","kostel farní sv. Petra a sv. Pavla","Podivín","Římskokatolická farnost Podivín","2011-10-25","https://bohosluzby.dravec.org/kostel/80004007213313/"
"80004012293462","kostel filiální sv. Alžběty","Znojmo","Římskokatolická farnost u kostela sv. Mikuláše, Znojmo","2011-10-25","https://bohosluzby.dravec.org/kostel/80004012293462/"
"80004110783618","kostel farní Navštívení Panny Marie","Vranovice","Římskokatolická farnost Vranovice nad Svratkou","2011-10-25","https://bohosluzby.dravec.org/kostel/80004110783618/"
"80004276660520","kostel filiální sv. Markéty","Přítluky","Římskokatolická farnost Rakvice","2011-10-25","https://bohosluzby.dravec.org/kostel/80004276660520/"
"3000333565623","farní kostel Nanebevzetí Panny Marie","Habry","Římskokatolická farnost Habry","2011-11-16","https://bohosluzby.dravec.org/kostel/3000333565623/"
"3000823022595","filiální kostel sv. Bartoloměje, apoštola","Kněž, Tis","Římskokatolická farnost Habry","2011-11-16","https://bohosluzby.dravec.org/kostel/3000823022595/"
"3000887465292","filiální kostel sv. Bartoloměje, apoštola","Chrtníč","Římskokatolická farnost Habry","2011-11-16","https://bohosluzby.dravec.org/kostel/3000887465292/"
"300029532626","farní kostel sv. Ondřeje, apoštola","Sány","Římskokatolická farnost Sány","2012-04-01","https://bohosluzby.dravec.org/kostel/300029532626/"
"3000509891703","farní kostel sv. Jana Nepomuckého","Ohaře","Římskokatolická farnost Ohaře","2012-04-01","https://bohosluzby.dravec.org/kostel/3000509891703/"
"30001985316409","farní kostel sv. Jakuba Staršího, apoštola","Kratonohy","Římskokatolická farnost Kratonohy","2012-04-01","https://bohosluzby.dravec.org/kostel/30001985316409/"
"30006519043","farní kostel sv. Petra a Pavla, apoštolů","Šlapanov","Římskokatolická farnost Šlapanov","2012-05-30","https://bohosluzby.dravec.org/kostel/30006519043/"
"3000467087717","farní kostel sv. Mikuláše, biskupa","Nížkov","Římskokatolická farnost Nížkov","2012-05-30","https://bohosluzby.dravec.org/kostel/3000467087717/"
"30002101808255","filiální kostel Navštívení Panny Marie","Sirákov","Římskokatolická farnost Nížkov","2012-05-30","https://bohosluzby.dravec.org/kostel/30002101808255/"
"30002646024322","farní kostel sv. Václava, mučedníka","Ždírec","Římskokatolická farnost Ždírec","2012-05-30","https://bohosluzby.dravec.org/kostel/30002646024322/"
"30001257831456","filiální kostel Narození sv. Jana Křtitele","Perálec","Římskokatolická farnost Proseč u Skutče","2012-06-06","https://bohosluzby.dravec.org/kostel/30001257831456/"
"30001561426469","kaple zimní v klášteře","Želiv","Římskokatolická farnost Želiv","2012-06-06","https://bohosluzby.dravec.org/kostel/30001561426469/"
"30001683673336","filiální kostel sv. Prokopa, opata","Chotovice","Římskokatolická farnost Nové Hrady u Skutče","2012-06-06","https://bohosluzby.dravec.org/kostel/30001683673336/"
"30003074094214","farní kostel sv. Jakuba Staršího, apoštola","Nové Hrady","Římskokatolická farnost Nové Hrady u Skutče","2012-06-06","https://bohosluzby.dravec.org/kostel/30003074094214/"
"30003211310386","farní kostel sv. Mikuláše, biskupa","Proseč","Římskokatolická farnost Proseč u Skutče","2012-06-06","https://bohosluzby.dravec.org/kostel/30003211310386/"
"30003645000453","opatský a farní kostel Narození Panny Marie","Želiv","Římskokatolická farnost Želiv","2012-06-06","https://bohosluzby.dravec.org/kostel/30003645000453/"
"8000262968638","kostel farní sv. Václava","Rousínovec, Rousínov","Římskokatolická farnost Rousínov u Vyškova","2012-06-07","https://bohosluzby.dravec.org/kostel/8000262968638/"
"80003030613230","kostel filiální sv. Barbory","Velešovice","Římskokatolická farnost Rousínov u Vyškova","2012-06-07","https://bohosluzby.dravec.org/kostel/80003030613230/"
"3000418835478","kaple Navštívení Panny Marie","Vidlatá Seč","Římskokatolická farnost Dolní Újezd","2012-06-11","https://bohosluzby.dravec.org/kostel/3000418835478/"
"3000724651954","farní kostel sv. Jiří, mučedníka","Kunvald","Římskokatolická farnost Kunvald v Čechách","2012-06-11","https://bohosluzby.dravec.org/kostel/3000724651954/"
"3000875930716","farní kostel Narození Panny Marie","Dašice","Římskokatolická farnost Dašice","2012-06-11","https://bohosluzby.dravec.org/kostel/3000875930716/"
"30001153592274","klášterní kostel sv. Alfonse","Koclířov","Římskokatolická farnost Koclířov u Svitav","2012-06-11","https://bohosluzby.dravec.org/kostel/30001153592274/"
"30001158653789","farní kostel sv. Jiří, mučedníka","Radhošť","Římskokatolická farnost Radhošť","2012-06-11","https://bohosluzby.dravec.org/kostel/30001158653789/"
"30001404594320","kaple Panny Marie Nanebevzaté","Bělečko, Býšť","Římskokatolická farnost Býšť","2012-06-11","https://bohosluzby.dravec.org/kostel/30001404594320/"
"30001658758445","kaple Nalezení svatého kříže","Horní Újezd","Římskokatolická farnost Dolní Újezd","2012-06-11","https://bohosluzby.dravec.org/kostel/30001658758445/"
"30001750285794","farní kostel sv. Jiří, mučedníka","Býšť","Římskokatolická farnost Býšť","2012-06-11","https://bohosluzby.dravec.org/kostel/30001750285794/"
"30001752838451","kaple na faře","Kunvald","Římskokatolická farnost Kunvald v Čechách","2012-06-11","https://bohosluzby.dravec.org/kostel/30001752838451/"
"30001840768002","kaple Nejsvětější Trojice","Pohodlí, Litomyšl","Římskokatolická farnost Dolní Újezd","2012-06-11","https://bohosluzby.dravec.org/kostel/30001840768002/"
"30001974718646","farní kostel sv. Martina, biskupa","Holice","Římskokatolická farnost Holice","2012-06-11","https://bohosluzby.dravec.org/kostel/30001974718646/"
"30002393414890","farní kostel Zvěstování Páně","Bohdaneč","Římskokatolická farnost Bohdaneč u Zbraslavic","2012-06-11","https://bohosluzby.dravec.org/kostel/30002393414890/"
"30002634537618","kaple sv. Jany Berettové Mollové (na faře)","Dolní Újezd","Římskokatolická farnost Dolní Újezd","2012-06-11","https://bohosluzby.dravec.org/kostel/30002634537618/"
"30003451599228","farní kostel sv. Martina, biskupa","Dolní Újezd","Římskokatolická farnost Dolní Újezd","2012-06-11","https://bohosluzby.dravec.org/kostel/30003451599228/"
"30001972624621","farní kostel sv. Bartoloměje, apoštola","Lovčice","Římskokatolická farnost Lovčice","2012-06-19","https://bohosluzby.dravec.org/kostel/30001972624621/"
"30001407882765","filiální kostel sv. Václava, mučedníka","Dobrovítov","Římskokatolická farnost Zbýšov v Čechách","2012-09-10","https://bohosluzby.dravec.org/kostel/30001407882765/"
"30001860270562","filiální kostel (bývalý farní) sv. Jakuba Staršího, apoštola","Vlkaneč","Římskokatolická farnost Zbýšov v Čechách","2012-09-10","https://bohosluzby.dravec.org/kostel/30001860270562/"
"30003757750393","filiální kostel Všech svatých","Kozohlody, Vlkaneč","Římskokatolická farnost Zbýšov v Čechách","2012-09-10","https://bohosluzby.dravec.org/kostel/30003757750393/"
"30003995151254","farní kostel Narození sv. Jana Křtitele","Zbýšov","Římskokatolická farnost Zbýšov v Čechách","2012-09-10","https://bohosluzby.dravec.org/kostel/30003995151254/"
"800030498540","kostel farní sv. Jakuba Staršího","Stařeč","Římskokatolická farnost Stařeč","2012-09-12","https://bohosluzby.dravec.org/kostel/800030498540/"
"80001298140375","kostel farní sv. Filipa a sv. Jakuba","Pavlov","Římskokatolická farnost Pavlov u Radostína nad Oslavou","2012-09-12","https://bohosluzby.dravec.org/kostel/80001298140375/"
"80002457178257","kostel farní sv. Bartoloměje","Radostín nad Oslavou","Římskokatolická farnost Radostín nad Oslavou","2012-09-12","https://bohosluzby.dravec.org/kostel/80002457178257/"
"80004109421905","kostel farní Povýšení sv. Kříže","Lanžhot","Římskokatolická farnost Lanžhot","2012-09-12","https://bohosluzby.dravec.org/kostel/80004109421905/"
"8000286304631","kostel farní sv. Barbory","Šakvice","Římskokatolická farnost Šakvice","2012-09-18","https://bohosluzby.dravec.org/kostel/8000286304631/"
"80001757865967","kostel farní sv. Václava","Moravany","Římskokatolická farnost Moravany","2012-09-18","https://bohosluzby.dravec.org/kostel/80001757865967/"
"80002690303373","kostel filiální sv. Kříže","Nebovidy","Římskokatolická farnost Moravany","2012-09-18","https://bohosluzby.dravec.org/kostel/80002690303373/"
"30001517453384","poutní a farní kostel Sedmi radostí Panny Marie","Malé Svatoňovice","Římskokatolická farnost Malé Svatoňovice","2012-11-29","https://bohosluzby.dravec.org/kostel/30001517453384/"
"3000718940642","filiální kostel sv. Marie Magdalény","Pařížov, Běstvina","Římskokatolická farnost Vilémov u Golčova Jeníkova","2013-02-01","https://bohosluzby.dravec.org/kostel/3000718940642/"
"30001104748032","farní kostel sv. Vavřince, jáhna a mučedníka","Čachotín","Římskokatolická farnost Čachotín","2013-02-01","https://bohosluzby.dravec.org/kostel/30001104748032/"
"30001223347253","filiální kostel sv. Bartoloměje, apoštola","Heřmanice","Římskokatolická farnost Vilémov u Golčova Jeníkova","2013-02-01","https://bohosluzby.dravec.org/kostel/30001223347253/"
"30003378304681","farní kostel sv. Václava, mučedníka","Klášter, Vilémov","Římskokatolická farnost Vilémov u Golčova Jeníkova","2013-02-01","https://bohosluzby.dravec.org/kostel/30003378304681/"
"30001021059087","farní kostel Navštívení Panny Marie","Slatina nad Úpou","Římskokatolická farnost Boušín","2013-02-14","https://bohosluzby.dravec.org/kostel/30001021059087/"
"30002178825954","farní kostel Nanebevzetí Panny Marie","Číhošť","Římskokatolická farnost Číhošť","2013-04-04","https://bohosluzby.dravec.org/kostel/30002178825954/"
"8000145721392","kaple sv. Kříže","Kostice","Římskokatolická farnost Tvrdonice","2013-08-29","https://bohosluzby.dravec.org/kostel/8000145721392/"
"80003157092957","kostel farní sv. Mikuláše","Tvrdonice","Římskokatolická farnost Tvrdonice","2013-08-29","https://bohosluzby.dravec.org/kostel/80003157092957/"
"3000549165667","farní kostel sv. Jana Nepomuckého","Nová Ves u Chotěboře","Římskokatolická farnost Nová Ves u Chotěboře","2013-09-21","https://bohosluzby.dravec.org/kostel/3000549165667/"
"3000906207291","farní kostel sv. Michaela, archanděla","Borohrádek","Římskokatolická farnost Borohrádek","2013-09-27","https://bohosluzby.dravec.org/kostel/3000906207291/"
"30002266658823","filiální kostel Nejsvětější Trojice","Šachov, Borohrádek","Římskokatolická farnost Borohrádek","2013-09-27","https://bohosluzby.dravec.org/kostel/30002266658823/"
"3000306657075","farní kostel sv. Prokopa, opata","Nová Ves nad Popelkou","Římskokatolická farnost Nová Ves nad Popelkou","2013-10-17","https://bohosluzby.dravec.org/kostel/3000306657075/"
"30001980136465","farní kostel Nanebevzetí Panny Marie","Vraclav","Římskokatolická farnost Vraclav","2013-10-17","https://bohosluzby.dravec.org/kostel/30001980136465/"
"30003584803766","farní kostel sv. Jana Křtitele","Běstvina","Římskokatolická farnost Běstvina","2013-10-17","https://bohosluzby.dravec.org/kostel/30003584803766/"
"30002340721942","farní kostel sv. Václava, mučedníka","Mikulovice","Římskokatolická farnost Mikulovice u Pardubic","2013-11-29","https://bohosluzby.dravec.org/kostel/30002340721942/"
"30001478236133","farní kostel sv. Vavřince, jáhna a mučedníka","Opatovice nad Labem","Římskokatolická farnost Opatovice nad Labem","2014-08-21","https://bohosluzby.dravec.org/kostel/30001478236133/"
"30001930662302","filiální kostel (bývalý farní) sv. Václava, mučedníka","Staré Ždánice","Římskokatolická farnost Opatovice nad Labem","2014-08-21","https://bohosluzby.dravec.org/kostel/30001930662302/"
"30003925596860","filiální kostel (bývalý farní) sv. Petra a Pavla, apoštolů","Dříteč","Římskokatolická farnost Opatovice nad Labem","2014-08-21","https://bohosluzby.dravec.org/kostel/30003925596860/"
"3000140703836","kaple Panny Marie Lurdské","Horní Rápotice","Římskokatolická farnost Kaliště","2014-10-03","https://bohosluzby.dravec.org/kostel/3000140703836/"
"30002017019838","farní kostel sv. Jana Křtitele","Kaliště","Římskokatolická farnost Kaliště","2014-10-03","https://bohosluzby.dravec.org/kostel/30002017019838/"
"80001438044335","kostel farní sv. Jiljí","Vrbice","Římskokatolická farnost Vrbice u Břeclavi","2015-04-15","https://bohosluzby.dravec.org/kostel/80001438044335/"
"8000274074558","kostel filiální sv. Anny","Telč-Vnitřní Město, Telč","Římskokatolická farnost Telč","2015-06-09","https://bohosluzby.dravec.org/kostel/8000274074558/"
"80001595727255","kostel farní sv. Jakuba Staršího","Telč-Vnitřní Město, Telč","Římskokatolická farnost Telč","2015-06-09","https://bohosluzby.dravec.org/kostel/80001595727255/"
"80002468647883","kostel filiální Matky Boží","Telč-Staré Město, Telč","Římskokatolická farnost Telč","2015-06-09","https://bohosluzby.dravec.org/kostel/80002468647883/"
"80003704016315","kostel filiální Jména Ježíš","Telč-Vnitřní Město, Telč","Římskokatolická farnost Telč","2015-06-09","https://bohosluzby.dravec.org/kostel/80003704016315/"
"30001574645057","farní kostel sv. Víta, mučedníka","Častolovice","Římskokatolická farnost Častolovice","2015-06-11","https://bohosluzby.dravec.org/kostel/30001574645057/"
"30002379770143","farní kostel sv. Mikuláše, biskupa","Týniště nad Orlicí","Římskokatolická farnost Týniště nad Orlicí","2015-07-18","https://bohosluzby.dravec.org/kostel/30002379770143/"
"30002896079108","filiální kostel sv. Vavřince, jáhna a mučedníka","Křivice, Týniště nad Orlicí","Římskokatolická farnost Týniště nad Orlicí","2015-07-18","https://bohosluzby.dravec.org/kostel/30002896079108/"
"3000772578276","kaple Nanebevzetí Panny Marie","Lanšperk, Dolní Dobrouč","Římskokatolická farnost Dolní Dobrouč","2015-07-28","https://bohosluzby.dravec.org/kostel/3000772578276/"
"30001438296974","filiální kostel (bývalý farní) sv. Jana Křtitele","Horní Dobrouč, Dolní Dobrouč","Římskokatolická farnost Dolní Dobrouč","2015-07-28","https://bohosluzby.dravec.org/kostel/30001438296974/"
"30002382511110","filiální kostel (bývalý farní) sv. Mikuláše, biskupa","Ostrov","Římskokatolická farnost Dolní Dobrouč","2015-07-28","https://bohosluzby.dravec.org/kostel/30002382511110/"
"30003082128727","farní kostel sv. Mikuláše, biskupa","Dolní Dobrouč","Římskokatolická farnost Dolní Dobrouč","2015-07-28","https://bohosluzby.dravec.org/kostel/30003082128727/"
"30003102493128","filiální kostel (bývalý farní) sv. Petra a Pavla, apoštolů","Hnátnice","Římskokatolická farnost Dolní Dobrouč","2015-07-28","https://bohosluzby.dravec.org/kostel/30003102493128/"
"8000907266138","kostel filiální Panny Marie Královny","Hrušovany u Brna","Římskokatolická farnost Židlochovice","2015-07-29","https://bohosluzby.dravec.org/kostel/8000907266138/"
"80001850169164","kostel filiální sv. Vavřince","Vojkovice","Římskokatolická farnost Židlochovice","2015-07-29","https://bohosluzby.dravec.org/kostel/80001850169164/"
"80003377019272","kostel farní Neposkvrněného početí Panny Marie","Trnitá (Brno-střed), Brno","Římskokatolická farnost u kostela Neposkvrněného Početí Panny Marie, Brno","2015-07-29","https://bohosluzby.dravec.org/kostel/80003377019272/"
"80003836963614","kostel filiální Nanebevzetí Panny Marie","Unkovice","Římskokatolická farnost Židlochovice","2015-07-29","https://bohosluzby.dravec.org/kostel/80003836963614/"
"80004192095856","kostel farní Povýšení sv. Kříže","Židlochovice","Římskokatolická farnost Židlochovice","2015-07-29","https://bohosluzby.dravec.org/kostel/80004192095856/"
"8000558975807","kostel farní sv. Václava a sv. Víta a Panny Marie","Velké Němčice","Římskokatolická farnost Velké Němčice","2015-08-07","https://bohosluzby.dravec.org/kostel/8000558975807/"
"80001611938655","kostel farní sv. Vavřince","Vyskytná nad Jihlavou","Římskokatolická farnost Vyskytná nad Jihlavou","2015-08-07","https://bohosluzby.dravec.org/kostel/80001611938655/"
"8000366182975","kostel farní Nejsvětější Trojice","Královo Pole, Brno","Římskokatolická farnost u kostela Nejsvětější Trojice, Brno - Královo Pole","2015-08-24","https://bohosluzby.dravec.org/kostel/8000366182975/"
"8000612478437","kostel farní sv. Petra a sv. Pavla","Tasov","Římskokatolická farnost Tasov","2015-08-24","https://bohosluzby.dravec.org/kostel/8000612478437/"
"8000994368531","kostel farní sv. Mikuláše","Velké Meziříčí","Římskokatolická farnost Velké Meziříčí","2015-08-24","https://bohosluzby.dravec.org/kostel/8000994368531/"
"8000448719198","kostel farní sv. Markéty","Zhoř","Římskokatolická farnost Zhoř u Jihlavy","2015-08-25","https://bohosluzby.dravec.org/kostel/8000448719198/"
"80001116882345","kostel farní sv. Jeronýma","Křetín","Římskokatolická farnost Křetín","2015-08-25","https://bohosluzby.dravec.org/kostel/80001116882345/"
"80001305182248","kaple sv. Antonína Paduánského","Rozseč nad Kunštátem","Římskokatolická farnost Sulíkov","2015-08-25","https://bohosluzby.dravec.org/kostel/80001305182248/"
"80001696384792","kaple sv. Floriána","Nadějov","Římskokatolická farnost Zhoř u Jihlavy","2015-08-25","https://bohosluzby.dravec.org/kostel/80001696384792/"
"80002239222552","kostel farní sv. Maří Magdalény","Sulíkov","Římskokatolická farnost Sulíkov","2015-08-25","https://bohosluzby.dravec.org/kostel/80002239222552/"
"80003084208713","kostel farní Nalezení sv. Kříže","Jamné","Římskokatolická farnost Jamné u Jihlavy","2015-08-25","https://bohosluzby.dravec.org/kostel/80003084208713/"
"80003259025670","kaple sv. Vendelína","Arnolec","Římskokatolická farnost Zhoř u Jihlavy","2015-08-25","https://bohosluzby.dravec.org/kostel/80003259025670/"
"800097592581","kostel filiální sv. Josefa","Senetářov","Římskokatolická farnost Jedovnice","2015-10-08","https://bohosluzby.dravec.org/kostel/800097592581/"
"8000220917772","kaple sv. Václava a sv. Anežky České","Šošůvka","Římskokatolická farnost Sloup v Moravském krasu","2015-10-08","https://bohosluzby.dravec.org/kostel/8000220917772/"
"8000763929701","kostel farní sv. Jiří","Bořitov","Římskokatolická farnost Bořitov","2015-10-08","https://bohosluzby.dravec.org/kostel/8000763929701/"
"80001566646459","kostel farní sv. Petra a sv. Pavla","Jedovnice","Římskokatolická farnost Jedovnice","2015-10-08","https://bohosluzby.dravec.org/kostel/80001566646459/"
"80001654587140","kaple sv. Barbory","Rudice","Římskokatolická farnost Jedovnice","2015-10-08","https://bohosluzby.dravec.org/kostel/80001654587140/"
"80001673519397","kostel filiální sv. Mikuláše","Němčice","Římskokatolická farnost Sloup v Moravském krasu","2015-10-08","https://bohosluzby.dravec.org/kostel/80001673519397/"
"80001971245281","kaple sv. Petra z Alkantary","Vilémovice","Římskokatolická farnost Jedovnice","2015-10-08","https://bohosluzby.dravec.org/kostel/80001971245281/"
"80002116045160","kaple sv. Jana Nepomuckého","Spešov","Římskokatolická farnost Blansko","2015-10-08","https://bohosluzby.dravec.org/kostel/80002116045160/"
"80002728388211","kostel farní Všech svatých","Rájec, Rájec-Jestřebí","Římskokatolická farnost Rájec nad Svitavou - Jestřebí","2015-10-08","https://bohosluzby.dravec.org/kostel/80002728388211/"
"80002906050163","kostel farní sv. Vavřince","Černá Hora","Římskokatolická farnost Černá Hora","2015-10-08","https://bohosluzby.dravec.org/kostel/80002906050163/"
"80003120867836","kostel farní Panny Marie Bolestné","Sloup","Římskokatolická farnost Sloup v Moravském krasu","2015-10-08","https://bohosluzby.dravec.org/kostel/80003120867836/"
"80003945740160","kostel farní Jména Panny Marie","Křtiny","Římskokatolická farnost Křtiny","2015-10-08","https://bohosluzby.dravec.org/kostel/80003945740160/"
"80004169320087","kostel filiální Nanebevzetí Panny Marie","Bukovinka","Římskokatolická farnost Křtiny","2015-10-08","https://bohosluzby.dravec.org/kostel/80004169320087/"
"80004208555206","kostel filiální Panny Marie Matky církve","Březina","Římskokatolická farnost Křtiny","2015-10-08","https://bohosluzby.dravec.org/kostel/80004208555206/"
"80004211122150","kaple Božského Srdce Páně","Kotvrdovice","Římskokatolická farnost Jedovnice","2015-10-08","https://bohosluzby.dravec.org/kostel/80004211122150/"
"80004213000894","kostel farní sv. Martina","Blansko","Římskokatolická farnost Blansko","2015-10-08","https://bohosluzby.dravec.org/kostel/80004213000894/"
"80004227150868","kostel filiální Božského Srdce Páně","Olomučany","Římskokatolická farnost Blansko","2015-10-08","https://bohosluzby.dravec.org/kostel/80004227150868/"
"30001491156441","farní kostel sv. Vavřince, jáhna a mučedníka","Teplice nad Metují","Římskokatolická farnost Teplice nad Metují","2015-10-11","https://bohosluzby.dravec.org/kostel/30001491156441/"
"30003989658324","poutní kostel Panny Marie Pomocné (s poustevnou)","Teplice nad Metují","Římskokatolická farnost Teplice nad Metují","2015-10-11","https://bohosluzby.dravec.org/kostel/30003989658324/"
"3000477145482","filiální kostel sv. Josefa","Svoboda nad Úpou","Římskokatolická farnost Janské Lázně","2016-01-11","https://bohosluzby.dravec.org/kostel/3000477145482/"
"30001126506772","farní kostel sv. Jana Křtitele","Janské Lázně","Římskokatolická farnost Janské Lázně","2016-01-11","https://bohosluzby.dravec.org/kostel/30001126506772/"
"30001890680812","filiální kostel (bývalý farní) Nanebevzetí Panny Marie","Horní Maršov","Římskokatolická farnost Janské Lázně","2016-01-11","https://bohosluzby.dravec.org/kostel/30001890680812/"
"30001907131167","filiální kostel (bývalý farní) sv. Petra a Pavla, apoštolů","Dolní Malá Úpa, Malá Úpa","Římskokatolická farnost Janské Lázně","2016-01-11","https://bohosluzby.dravec.org/kostel/30001907131167/"
"30003515768526","filiální kostel (bývalý farní) Nejsvětější Trojice","Velká Úpa, Pec pod Sněžkou","Římskokatolická farnost Janské Lázně","2016-01-11","https://bohosluzby.dravec.org/kostel/30003515768526/"
"30004227783388","filiální kostel (bývalý farní) sv. Jana Nepomuckého","Svoboda nad Úpou","Římskokatolická farnost Janské Lázně","2016-01-11","https://bohosluzby.dravec.org/kostel/30004227783388/"
"10005","Vojenský kostel sv. Jana Nepomuckého, Praha-Hradčany","Praha 1","Římskokatolická farnost u katedrály sv. Víta, Václava a Vojtěcha Praha-Hradčany","2016-09-06","https://bohosluzby.dravec.org/kostel/10005/"
"10007","filiální kostel sv. Mikuláše, Praha-Malá Strana","Praha 1","Římskokatolická farnost u kostela sv. Tomáše Praha-Malá Strana","2016-09-06","https://bohosluzby.dravec.org/kostel/10007/"
"20002","farní kaple, Cvikov","Cvikov","Římskokatolická farnost Cvikov","2016-09-06","https://bohosluzby.dravec.org/kostel/20002/"
"100010","klášterní kostel Panny Marie pod řetězem, Praha-Malá Strana","Praha 1","Římskokatolická farnost u kostela sv. Tomáše Praha-Malá Strana","2016-09-06","https://bohosluzby.dravec.org/kostel/100010/"
"100011","klášterní kostel Panny Marie Vítězné a sv. Antonína Pad., Praha-Malá Strana","Praha 1","Římskokatolická farnost u kostela sv. Tomáše Praha-Malá Strana","2016-09-06","https://bohosluzby.dravec.org/kostel/100011/"
"100012","farní kostel sv. Tomáše, Praha-Malá Strana","Praha 1","Římskokatolická farnost u kostela sv. Tomáše Praha-Malá Strana","2016-09-06","https://bohosluzby.dravec.org/kostel/100012/"
"100015","filiální kostel sv. Kříže, Praha-Nové Město","Praha 1","Římskokatolická farnost u kostela sv. Jindřicha Praha-Nové Město","2016-09-06","https://bohosluzby.dravec.org/kostel/100015/"
"100018","farní kostel sv. Petra, Praha-Nové Město","Praha 1","Římskokatolická farnost u kostela sv. Petra Praha-Nové Město","2016-09-06","https://bohosluzby.dravec.org/kostel/100018/"
"100019","klášterní kostel sv. Josefa, Praha-Nové Město","Praha 1","Římskokatolická farnost u kostela sv. Petra Praha-Nové Město","2016-09-06","https://bohosluzby.dravec.org/kostel/100019/"
"100020","farní kostel sv. Vojtěcha, Praha-Nové Město","Praha 1","Římskokatolická farnost u kostela sv. Vojtěcha Praha-Nové Město","2016-09-06","https://bohosluzby.dravec.org/kostel/100020/"
"100021","klášterní kostel sv. Voršily, Praha-Nové Město","Praha 1","Římskokatolická farnost u kostela sv. Vojtěcha Praha-Nové Město","2016-09-06","https://bohosluzby.dravec.org/kostel/100021/"
"100025","farní kostel Nejsv. Salvátora, Praha-Staré Město","Praha 1","Římskokatolická akademická farnost Praha","2016-09-06","https://bohosluzby.dravec.org/kostel/100025/"
"100026","filiální kostel sv. Haštala, Praha-Staré Město","Praha 1","Římskokatolická farnost u kostela Matky Boží před Týnem Praha-Staré Město","2016-09-06","https://bohosluzby.dravec.org/kostel/100026/"
"100027","klášterní bazilika sv. Jakuba Staršího, Praha-Staré Město","Praha 1","Římskokatolická farnost u kostela Matky Boží před Týnem Praha-Staré Město","2016-09-06","https://bohosluzby.dravec.org/kostel/100027/"
"100029","farní kostel sv. Jiljí, Praha-Staré Město","Praha 1","Římskokatolická farnost u kostela sv. Jiljí Praha-Staré Město","2016-09-06","https://bohosluzby.dravec.org/kostel/100029/"
"100030","klášterní kostel sv. Bartoloměje, Praha-Staré Město","Praha 1","Římskokatolická farnost u kostela sv. Jiljí Praha-Staré Město","2016-09-06","https://bohosluzby.dravec.org/kostel/100030/"
"100031","farní kostel Matky Boží před Týnem, Praha-Staré Město","Praha 1","Římskokatolická farnost u kostela Matky Boží před Týnem Praha-Staré Město","2016-09-06","https://bohosluzby.dravec.org/kostel/100031/"
"100032","filiální kostel sv. Havla, Praha-Staré Město","Praha 1","Římskokatolická farnost u kostela Matky Boží před Týnem Praha-Staré Město","2016-09-06","https://bohosluzby.dravec.org/kostel/100032/"
"100034","klášterní kostel Panny Marie Královny andělů, Praha-Hradčany","Praha 1","Římskokatolická farnost u kostela Nanebevzetí Panny Marie Praha-Strahov","2016-09-06","https://bohosluzby.dravec.org/kostel/100034/"
"100037","farní kostel sv. Apolináře, Praha-Nové Město","Praha 2","Římskokatolická farnost u kostela sv. Apolináře Praha-Nové Město","2016-09-06","https://bohosluzby.dravec.org/kostel/100037/"
"100047","filiální kostel sv. Vavřince, Praha-Jinonice","Praha 5","Římskokatolická farnost u kostela sv. Filipa a Jakuba Praha-Hlubočepy","2016-09-06","https://bohosluzby.dravec.org/kostel/100047/"
"100048","farní kostel Nejsvětější Trojice, Praha-Košíře","Praha 5","Římskokatolická farnost u kostela Nejsvětější Trojice Praha-Košíře","2016-09-06","https://bohosluzby.dravec.org/kostel/100048/"
"100049","filiální kostel sv. Jana Nepomuckého, Praha-Košíře","Praha 5","Římskokatolická farnost u kostela Nejsvětější Trojice Praha-Košíře","2016-09-06","https://bohosluzby.dravec.org/kostel/100049/"
"100050","kaple Nanebevzetí Panny Marie, Praha-Košíře","Praha 5","Římskokatolická farnost u kostela Nejsvětější Trojice Praha-Košíře","2016-09-06","https://bohosluzby.dravec.org/kostel/100050/"
"100051","farní kostel sv. Petra a Pavla, Praha-Radotín","Praha 16","Římskokatolická farnost u kostela sv. Petra a Pavla Praha-Radotín","2016-09-06","https://bohosluzby.dravec.org/kostel/100051/"
"100052","farní kostel Všech svatých, Praha-Slivenec","Praha-Slivenec","Římskokatolická farnost u kostela Všech svatých Praha-Slivenec","2016-09-06","https://bohosluzby.dravec.org/kostel/100052/"
"100053","farní kostel sv. Václava, Praha-Smíchov","Praha 5","Římskokatolická farnost u kostela sv. Václava Praha-Smíchov","2016-09-06","https://bohosluzby.dravec.org/kostel/100053/"
"100055","filiální kostel sv. Gabriela, Praha-Smíchov","Praha 5","Římskokatolická farnost u kostela sv. Václava Praha-Smíchov","2016-09-06","https://bohosluzby.dravec.org/kostel/100055/"
"100059","farní kostel sv. Jakuba Staršího, Praha-Stodůlky","Praha 13","Římskokatolická farnost u kostela sv. Jakuba Staršího Praha-Stodůlky","2016-09-06","https://bohosluzby.dravec.org/kostel/100059/"
"100062","farní kostel sv. Jakuba Staršího, Praha-Zbraslav","Praha-Zbraslav","Římskokatolická farnost u kostela sv. Jakuba Staršího Praha-Zbraslav","2016-09-06","https://bohosluzby.dravec.org/kostel/100062/"
"100066","farní kostel sv. Gotharda, Praha-Bubeneč","Praha 6","Římskokatolická farnost u kostela sv. Gotharda Praha-Bubeneč","2016-09-06","https://bohosluzby.dravec.org/kostel/100066/"
"100067","farní kostel sv. Matěje, Praha-Dejvice","Praha 6","Římskokatolická farnost u kostela sv. Matěje Praha-Dejvice","2016-09-06","https://bohosluzby.dravec.org/kostel/100067/"
"100068","klášterní kostel sv. Václava, Praha-Dejvice","Praha 6","Římskokatolická farnost u kostela sv. Matěje Praha-Dejvice","2016-09-06","https://bohosluzby.dravec.org/kostel/100068/"
"100069","filiální kostel sv. Vojtěcha, Praha-Dejvice","Praha 6","Římskokatolická farnost u kostela sv. Matěje Praha-Dejvice","2016-09-06","https://bohosluzby.dravec.org/kostel/100069/"
"100072","klášterní kaple Panny Marie Ochránkyně řádu Kazatelů, Praha-Lysolaje","Praha-Lysolaje","Římskokatolická farnost u kostela sv. Matěje Praha-Dejvice","2016-09-06","https://bohosluzby.dravec.org/kostel/100072/"
"100074","farní kostel sv. Fabiána a Šebestiána, Praha-Liboc","Praha 6","Římskokatolická farnost u kostela sv. Fabiána a Šebestiána Praha-Liboc","2016-09-06","https://bohosluzby.dravec.org/kostel/100074/"
"100077","farní kostel sv. Norberta, Praha-Střešovice","Praha 6","Římskokatolická farnost u kostela sv. Norberta Praha-Střešovice","2016-09-06","https://bohosluzby.dravec.org/kostel/100077/"
"100078","farní kostel sv. Jakuba Staršího, Hostivice","Jeneč","Římskokatolická farnost Hostivice","2016-09-06","https://bohosluzby.dravec.org/kostel/100078/"
"100079","farní kostel Stětí sv. Jana Křtitele, Ořech","Ořech","Římskokatolická farnost Ořech","2016-09-06","https://bohosluzby.dravec.org/kostel/100079/"
"100082","farní kostel Narození sv. Jana Křtitele, Roztoky","Roztoky","Římskokatolická farnost Roztoky u Prahy","2016-09-06","https://bohosluzby.dravec.org/kostel/100082/"
"100085","farní kostel sv. Martina, Třebotov","Třebotov","Římskokatolická farnost Třebotov","2016-09-06","https://bohosluzby.dravec.org/kostel/100085/"
"100087","filiální kostel Nanebevzetí Panny Marie, Černošice","Černošice","Římskokatolická farnost Třebotov","2016-09-06","https://bohosluzby.dravec.org/kostel/100087/"
"100088","kaple sv. Anny, Kosoř","Kosoř","Římskokatolická farnost Třebotov","2016-09-06","https://bohosluzby.dravec.org/kostel/100088/"
"100090","kaple sv. Anny, Horoměřice","Horoměřice","Římskokatolická farnost u kostela sv. Cyrila a Metoděje Praha-Nebušice","2016-09-06","https://bohosluzby.dravec.org/kostel/100090/"
"100092","farní kostel sv. Martina, Praha-Řepy","Praha 17","Římskokatolická farnost u kostela sv. Martina Praha-Řepy","2016-09-06","https://bohosluzby.dravec.org/kostel/100092/"
"100093","filiální kostel Svaté Rodiny, Praha-Řepy","Praha 17","Římskokatolická farnost u kostela sv. Martina Praha-Řepy","2016-09-06","https://bohosluzby.dravec.org/kostel/100093/"
"100095","kapitulní bazilika sv. Petra a Pavla, Praha-Vyšehrad","Praha 2","Římskokatolická farnost u kostela sv. Petra a Pavla Praha-Vyšehrad","2016-09-06","https://bohosluzby.dravec.org/kostel/100095/"
"100096","kaple sv. Martina, Praha-Vyšehrad","Praha 2","Římskokatolická farnost u kostela sv. Petra a Pavla Praha-Vyšehrad","2016-09-06","https://bohosluzby.dravec.org/kostel/100096/"
"100098","farní kostel Nejsvětějšího Srdce Páně, Praha-Vinohrady","Praha 3","Římskokatolická farnost u kostela Nejsvětějšího Srdce Páně Praha-Vinohrady","2016-09-06","https://bohosluzby.dravec.org/kostel/100098/"
"200049","Domov pro seniory Krásné Březno, Ústí nad Labem","Ústí nad Labem","Římskokatolická farnost Ústí nad Labem - Krásné Březno","2016-09-06","https://bohosluzby.dravec.org/kostel/200049/"
"200061","Domov důchodců Lipová","Lipová","Římskokatolická farnost - děkanství Lipová","2016-09-06","https://bohosluzby.dravec.org/kostel/200061/"
"200063","Domov pro seniory Severní Terasa, Ústí nad Labem","Ústí nad Labem","Římskokatolická farnost - arciděkanství Ústí nad Labem","2016-09-06","https://bohosluzby.dravec.org/kostel/200063/"
"200064","Domov pro seniory Dobětice, Ústí nad Labem","Ústí nad Labem","Římskokatolická farnost - arciděkanství Ústí nad Labem","2016-09-06","https://bohosluzby.dravec.org/kostel/200064/"
"200067","Domov pro seniory Velké Březno","Velké Březno","Římskokatolická farnost Svádov","2016-09-06","https://bohosluzby.dravec.org/kostel/200067/"
"200079","kaple sv. Ludmily, Centrum seniorů Mělník","Mělník","Římskokatolická farnost - proboštství Mělník","2016-09-06","https://bohosluzby.dravec.org/kostel/200079/"
"200097","kaple, Domov pro seniory Modrý Kámen, Mnichovo Hradiště","Mnichovo Hradiště","Římskokatolická farnost - děkanství Mnichovo Hradiště","2016-09-06","https://bohosluzby.dravec.org/kostel/200097/"
"1000101","farní kostel sv. Jakuba Staršího, Praha-Kunratice","Praha-Kunratice","Římskokatolická farnost u kostela sv. Jakuba Staršího Praha-Kunratice","2016-09-06","https://bohosluzby.dravec.org/kostel/1000101/"
"1000102","filiální kostel sv. Prokopa, Praha-Šeberov","Praha-Šeberov","Římskokatolická farnost u kostela sv. Jakuba Staršího Praha-Kunratice","2016-09-06","https://bohosluzby.dravec.org/kostel/1000102/"
"1000103","farní kostel Panny Marie Královny míru, Praha-Lhotka","Praha 4","Římskokatolická farnost u kostela Panny Marie Královny míru Praha-Lhotka","2016-09-06","https://bohosluzby.dravec.org/kostel/1000103/"
"1000104","farní kostel Narození Panny Marie, Praha-Michle","Praha 4","Římskokatolická farnost u kostela Narození Panny Marie Praha-Michle","2016-09-06","https://bohosluzby.dravec.org/kostel/1000104/"
"1000107","farní kostel sv. Václava, Praha-Nusle","Praha 4","Římskokatolická farnost u kostela sv. Václava Praha-Nusle","2016-09-06","https://bohosluzby.dravec.org/kostel/1000107/"
"1000108","filiální kostel sv. Pankráce, Praha-Nusle","Praha 4","Římskokatolická farnost u kostela sv. Václava Praha-Nusle","2016-09-06","https://bohosluzby.dravec.org/kostel/1000108/"
"1000109","farní kostel sv. Michaela Archanděla, Praha-Podolí","Praha 4","Římskokatolická farnost u kostela sv. Michaela Archanděla Praha-Podolí","2016-09-06","https://bohosluzby.dravec.org/kostel/1000109/"
"1000110","farní kostel sv. Anežky České a sv. patronů českých, Praha-Spořilov","Praha 4","Římskokatolická farnost u kostela sv. Anežky České Praha-Spořilov","2016-09-06","https://bohosluzby.dravec.org/kostel/1000110/"
"1000111","farní kostel Povýšení sv. Kříže, Praha-Koloděje","Praha-Koloděje","Římskokatolická farnost u kostela Povýšení sv. Kříže Praha-Koloděje","2016-09-06","https://bohosluzby.dravec.org/kostel/1000111/"
"1000112","farní kostel Stětí sv. Jana Křtitele, Praha-Hostivař","Praha 15","Římskokatolická farnost u kostela Stětí sv. Jana Křtitele Praha-Hostivař","2016-09-06","https://bohosluzby.dravec.org/kostel/1000112/"
"1000113","filiální kostel Narození Panny Marie, Praha-Záběhlice","Praha 10","Římskokatolická farnost u kostela Stětí sv. Jana Křtitele Praha-Hostivař","2016-09-06","https://bohosluzby.dravec.org/kostel/1000113/"
"1000114","farní kostel Neposkvrněného Početí Panny Marie, Praha-Strašnice","Praha 10","Římskokatolická farnost u kostela Neposkvrněného Početí Panny Marie Praha-Strašnice","2016-09-06","https://bohosluzby.dravec.org/kostel/1000114/"
"1000116","farní kostel Všech svatých, Praha-Uhříněves","Praha 22","Římskokatolická farnost u kostela Všech svatých Praha-Uhříněves","2016-09-06","https://bohosluzby.dravec.org/kostel/1000116/"
"1000118","filiální kostel sv. Ondřeje, Praha-Kolovraty","Praha-Kolovraty","Římskokatolická farnost u kostela Všech svatých Praha-Uhříněves","2016-09-06","https://bohosluzby.dravec.org/kostel/1000118/"
"1000120","farní kostel sv. Mikuláše, Praha-Vršovice","Praha 10","Římskokatolická farnost u kostelů sv. Mikuláše a sv. Václava Praha-Vršovice","2016-09-06","https://bohosluzby.dravec.org/kostel/1000120/"
"1000121","farní kostel sv. Václava, Praha-Vršovice","Praha 10","Římskokatolická farnost u kostelů sv. Mikuláše a sv. Václava Praha-Vršovice","2016-09-06","https://bohosluzby.dravec.org/kostel/1000121/"
"1000122","farní kostel sv. Jakuba Staršího, Praha-Petrovice","Praha-Petrovice","Římskokatolická farnost u kostela sv. Jakuba Staršího Praha-Petrovice","2016-09-06","https://bohosluzby.dravec.org/kostel/1000122/"
"1000123","filiální kostel sv. Anny, Praha-Žižkov","Praha 3","Římskokatolická farnost u kostela sv. Prokopa Praha-Žižkov","2016-09-06","https://bohosluzby.dravec.org/kostel/1000123/"
"1000125","farní kostel sv. Prokopa, Praha-Žižkov","Praha 3","Římskokatolická farnost u kostela sv. Prokopa Praha-Žižkov","2016-09-06","https://bohosluzby.dravec.org/kostel/1000125/"
"1000126","filiální kostel sv. Rocha, Šebestiána a Rosálie, Praha-Žižkov","Praha 3","Římskokatolická farnost u kostela sv. Prokopa Praha-Žižkov","2016-09-06","https://bohosluzby.dravec.org/kostel/1000126/"
"1000127","farní kostel sv. Antonína Paduánského, Praha-Holešovice","Praha 7","Římskokatolická farnost u kostela sv. Antonína Praha-Holešovice","2016-09-06","https://bohosluzby.dravec.org/kostel/1000127/"
"1000128","filiální kostel sv. Klementa, Praha-Holešovice","Praha 7","Římskokatolická farnost u kostela sv. Antonína Praha-Holešovice","2016-09-06","https://bohosluzby.dravec.org/kostel/1000128/"
"1000129","farní kostel sv. Petra a Pavla, Praha-Bohnice","Praha 8","Římskokatolická farnost u kostela sv. Petra a Pavla Praha-Bohnice","2016-09-06","https://bohosluzby.dravec.org/kostel/1000129/"
"1000131","farní kostel sv. Cyrila a Metoděje, Praha-Karlín","Praha 8","Římskokatolická farnost u kostela sv. Cyrila a Metoděje Praha-Karlín","2016-09-06","https://bohosluzby.dravec.org/kostel/1000131/"
"1000132","klášterní kaple sv. Karla Boromejského","Praha 8","Římskokatolická farnost u kostela sv. Cyrila a Metoděje Praha-Karlín","2016-09-06","https://bohosluzby.dravec.org/kostel/1000132/"
"1000133","farní kostel sv. Terezie od Dítěte Ježíše, Praha-Kobylisy","Praha 8","Římskokatolická farnost u kostela sv. Terezie od Dítěte Ježíše Praha-Kobylisy","2016-09-06","https://bohosluzby.dravec.org/kostel/1000133/"
"1000134","kaple sv. Kláry, Praha-Troja","Praha-Troja","Římskokatolická farnost u kostela sv. Terezie od Dítěte Ježíše Praha-Kobylisy","2016-09-06","https://bohosluzby.dravec.org/kostel/1000134/"
"1000138","farní kostel Nanebevzetí Panny Marie, Praha-Dolní Počernice","Praha-Dolní Počernice","Římskokatolická farnost u kostela Nanebevzetí Panny Marie Praha-Dolní Počernice","2016-09-06","https://bohosluzby.dravec.org/kostel/1000138/"
"1000140","farní kostel sv. Ludmily, Praha-Chvaly","Praha 20","Římskokatolická farnost u kostela sv. Ludmily Praha-Chvaly","2016-09-06","https://bohosluzby.dravec.org/kostel/1000140/"
"1000143","filiální kostel Stětí sv. Jana Křtitele, Praha-Dolní Chabry","Praha-Dolní Chabry","Římskokatolická farnost u kostela sv. Václava Praha-Prosek","2016-09-06","https://bohosluzby.dravec.org/kostel/1000143/"
"1000144","kaple Nejsvětější Trojice, Praha-Ďáblice","Praha-Ďáblice","Římskokatolická farnost u kostela sv. Václava Praha-Prosek","2016-09-06","https://bohosluzby.dravec.org/kostel/1000144/"
"1000146","farní kostel Povýšení sv. Kříže, Praha-Vinoř","Praha-Vinoř","Římskokatolická farnost u kostela Povýšení sv. Kříže Praha-Vinoř","2016-09-06","https://bohosluzby.dravec.org/kostel/1000146/"
"1000147","kaple sv. Anny, Praha-Satalice","Praha-Satalice","Římskokatolická farnost u kostela Povýšení sv. Kříže Praha-Vinoř","2016-09-06","https://bohosluzby.dravec.org/kostel/1000147/"
"1000150","filiální kostel Nanebevzetí Panny Marie, Klecany","Klecany","Římskokatolická farnost Odolena Voda","2016-09-06","https://bohosluzby.dravec.org/kostel/1000150/"
"1000156","farní kostel sv. Alžběty, Praha-Kbely","Praha 19","Římskokatolická farnost u kostela sv. Alžběty Praha-Kbely","2016-09-06","https://bohosluzby.dravec.org/kostel/1000156/"
"1000157","filiální kostel sv. Šimona a Judy, Arnoštovice","Heřmaničky","Římskokatolická farnost Sedlec-Prčice","2016-09-06","https://bohosluzby.dravec.org/kostel/1000157/"
"1000159","filiální kostel sv. Maří Magdalény, Bělice","Neveklov","Římskokatolická farnost Křečovice","2016-09-06","https://bohosluzby.dravec.org/kostel/1000159/"
"1000160","farní kostel sv. Mikuláše, Benešov","Benešov","Římskokatolická farnost Benešov","2016-09-06","https://bohosluzby.dravec.org/kostel/1000160/"
"1000161","filiální kostel sv. Anny, Benešov","Benešov","Římskokatolická farnost Benešov","2016-09-06","https://bohosluzby.dravec.org/kostel/1000161/"
"1000166","filiální kostel sv. Matouše, Červený Újezd","Červený Újezd","Římskokatolická farnost Sedlec-Prčice","2016-09-06","https://bohosluzby.dravec.org/kostel/1000166/"
"1000167","filiální kostel sv. Havla, Chotýšany","Chotýšany","Římskokatolická farnost Bystřice u Benešova","2016-09-06","https://bohosluzby.dravec.org/kostel/1000167/"
"1000170","filiální kostel sv. Jakuba Staršího, Kozmice","Kozmice","Římskokatolická farnost Poříčí nad Sázavou","2016-09-06","https://bohosluzby.dravec.org/kostel/1000170/"
"1000171","filiální kostel sv. Havla, Teplýšovice","Teplýšovice","Římskokatolická farnost Poříčí nad Sázavou","2016-09-06","https://bohosluzby.dravec.org/kostel/1000171/"
"1000173","farní kostel sv. Lukáše, Křečovice","Křečovice","Římskokatolická farnost Křečovice","2016-09-06","https://bohosluzby.dravec.org/kostel/1000173/"
"1000176","filiální kostel Panny Marie (Zvěstování Páně), Maršovice","Maršovice","Římskokatolická farnost Křečovice","2016-09-06","https://bohosluzby.dravec.org/kostel/1000176/"
"1000177","filiální kostel sv. Petra a Pavla, Hodětice","Křečovice","Římskokatolická farnost Křečovice","2016-09-06","https://bohosluzby.dravec.org/kostel/1000177/"
"1000181","filiální kostel sv. Havla, Neveklov","Neveklov","Římskokatolická farnost Křečovice","2016-09-06","https://bohosluzby.dravec.org/kostel/1000181/"
"1000183","filiální kostel sv. Vavřince, Okrouhlice","Benešov","Římskokatolická farnost Benešov","2016-09-06","https://bohosluzby.dravec.org/kostel/1000183/"
"1000186","farní kostel sv. Havla, Poříčí nad Sázavou","Poříčí nad Sázavou","Římskokatolická farnost Poříčí nad Sázavou","2016-09-06","https://bohosluzby.dravec.org/kostel/1000186/"
"1000187","filiální kostel sv. Petra, Poříčí nad Sázavou","Poříčí nad Sázavou","Římskokatolická farnost Poříčí nad Sázavou","2016-09-06","https://bohosluzby.dravec.org/kostel/1000187/"
"1000188","filiální kostel sv. Klementa, Lštění","Lštění","Římskokatolická farnost Poříčí nad Sázavou","2016-09-06","https://bohosluzby.dravec.org/kostel/1000188/"
"1000189","kaple Nanebevzetí Panny Marie, Soběhrdy","Soběhrdy","Římskokatolická farnost Poříčí nad Sázavou","2016-09-06","https://bohosluzby.dravec.org/kostel/1000189/"
"1000190","filiální kostel sv. Martina, Postupice","Postupice","Římskokatolická farnost Bystřice u Benešova","2016-09-06","https://bohosluzby.dravec.org/kostel/1000190/"
"1000193","farní kostel sv. Jeronýma, Sedlec","Sedlec-Prčice","Římskokatolická farnost Sedlec-Prčice","2016-09-06","https://bohosluzby.dravec.org/kostel/1000193/"
"1000194","filiální kostel sv. Vavřince, Prčice","Sedlec-Prčice","Římskokatolická farnost Sedlec-Prčice","2016-09-06","https://bohosluzby.dravec.org/kostel/1000194/"
"1000206","filiální kostel sv. Jakuba Staršího, Vojkov","Vojkov","Římskokatolická farnost Sedlčany","2016-09-06","https://bohosluzby.dravec.org/kostel/1000206/"
"1000207","farní kostel sv. Václava, Votice","Votice","Římskokatolická farnost Votice","2016-09-06","https://bohosluzby.dravec.org/kostel/1000207/"
"1000209","filiální kostel Nanebevzetí Panny Marie, Martinice","Votice","Římskokatolická farnost Votice","2016-09-06","https://bohosluzby.dravec.org/kostel/1000209/"
"1000210","filiální kostel Všech svatých, Olbramovice Ves","Olbramovice","Římskokatolická farnost Votice","2016-09-06","https://bohosluzby.dravec.org/kostel/1000210/"
"1000212","filiální kostel sv. Václava, Vranov","Vranov","Římskokatolická farnost Poříčí nad Sázavou","2016-09-06","https://bohosluzby.dravec.org/kostel/1000212/"
"1000214","filiální kostel sv. Martina, Vrchotovy Janovice","Vrchotovy Janovice","Římskokatolická farnost Votice","2016-09-06","https://bohosluzby.dravec.org/kostel/1000214/"
"1000216","farní kostel sv. Jakuba Staršího, Beroun","Beroun","Římskokatolická farnost Beroun","2016-09-06","https://bohosluzby.dravec.org/kostel/1000216/"
"1000219","kaple Povýšení sv. Kříže, Beroun","Beroun","Římskokatolická farnost Beroun","2016-09-06","https://bohosluzby.dravec.org/kostel/1000219/"
"1000221","filiální kostel Nanebevzetí Panny Marie, Bezdědice","Hostomice","Římskokatolická farnost Hořovice","2016-09-06","https://bohosluzby.dravec.org/kostel/1000221/"
"1000225","filiální kostel sv. Martina, Cerhovice","Cerhovice","Římskokatolická farnost Žebrák","2016-09-06","https://bohosluzby.dravec.org/kostel/1000225/"
"1000226","kaple Nejsvětějšího Srdce Ježíšova, Újezd","Újezd","Římskokatolická farnost Žebrák","2016-09-06","https://bohosluzby.dravec.org/kostel/1000226/"
"1000228","kaple sv. Judy Tadeáše, Dobřichovice","Dobřichovice","Římskokatolická farnost Řevnice","2016-09-06","https://bohosluzby.dravec.org/kostel/1000228/"
"1000230","farní kostel sv. Jiljí, Hořovice","Hořovice","Římskokatolická farnost Hořovice","2016-09-06","https://bohosluzby.dravec.org/kostel/1000230/"
"1000231","filiální kostel Nejsvětější Trojice, Hořovice","Hořovice","Římskokatolická farnost Hořovice","2016-09-06","https://bohosluzby.dravec.org/kostel/1000231/"
"1000232","filiální kostel Stolce sv. Petra, Hostomice","Hostomice","Římskokatolická farnost Hořovice","2016-09-06","https://bohosluzby.dravec.org/kostel/1000232/"
"1000233","filiální kostel sv. Tomáše, Hudlice","Hudlice","Římskokatolická farnost Beroun","2016-09-06","https://bohosluzby.dravec.org/kostel/1000233/"
"1000240","filiální kostel Nanebevzetí Panny Marie, Počaply","Králův Dvůr","Římskokatolická farnost Beroun","2016-09-06","https://bohosluzby.dravec.org/kostel/1000240/"
"1000241","filiální kostel sv. Petra a Pavla, Liteň","Liteň","Římskokatolická farnost Řevnice","2016-09-06","https://bohosluzby.dravec.org/kostel/1000241/"
"1000245","filiální kostel sv. Václava, Loděnice","Loděnice","Římskokatolická farnost Beroun","2016-09-06","https://bohosluzby.dravec.org/kostel/1000245/"
"1000246","filiální kostel sv. Bartoloměje, Vráž","Vráž","Římskokatolická farnost Beroun","2016-09-06","https://bohosluzby.dravec.org/kostel/1000246/"
"1000247","filiální kostel sv. Ondřeje, Lochovice","Lochovice","Římskokatolická farnost Hořovice","2016-09-06","https://bohosluzby.dravec.org/kostel/1000247/"
"1000250","filiální kostel Narození Panny Marie, Mrtník","Hvozdec","Římskokatolická farnost Hořovice","2016-09-06","https://bohosluzby.dravec.org/kostel/1000250/"
"1000251","filiální kostel sv. Petra a Pavla, Neumětely","Neumětely","Římskokatolická farnost Žebrák","2016-09-06","https://bohosluzby.dravec.org/kostel/1000251/"
"1000252","filiální kostel Povýšení sv. Kříže, Nižbor","Nižbor","Římskokatolická farnost Beroun","2016-09-06","https://bohosluzby.dravec.org/kostel/1000252/"
"1000254","filiální kostel Narození sv. Jana Křtitele, Osov","Osov","Římskokatolická farnost Řevnice","2016-09-06","https://bohosluzby.dravec.org/kostel/1000254/"
"1000256","filiální kostel sv. Mikuláše, Praskolesy","Praskolesy","Římskokatolická farnost Hořovice","2016-09-06","https://bohosluzby.dravec.org/kostel/1000256/"
"1000259","farní kostel Stětí sv. Jana Křtitele, Rudná","Rudná","Římskokatolická farnost Rudná-Hořelice","2016-09-06","https://bohosluzby.dravec.org/kostel/1000259/"
"1000260","filiální kostel sv. Jiří, Rudná-Dušníky","Rudná","Římskokatolická farnost Rudná-Hořelice","2016-09-06","https://bohosluzby.dravec.org/kostel/1000260/"
"1000262","farní kostel sv. Mořice, Řevnice","Řevnice","Římskokatolická farnost Řevnice","2016-09-06","https://bohosluzby.dravec.org/kostel/1000262/"
"1000265","poutní kostel Narození sv. Jana Křtitele, Svatý Jan pod Skalou","Svatý Jan pod Skalou","Římskokatolická farnost Beroun","2016-09-06","https://bohosluzby.dravec.org/kostel/1000265/"
"1000267","farní kostel sv. Jakuba Staršího, Tachlovice","Tachlovice","Římskokatolická farnost Tachlovice","2016-09-06","https://bohosluzby.dravec.org/kostel/1000267/"
"1000269","poutní kostel sv. Ludmily, Tetín","Tetín","Římskokatolická farnost Beroun","2016-09-06","https://bohosluzby.dravec.org/kostel/1000269/"
"1000270","poutní kostel sv. Kateřiny Alexandrijské, Tetín","Tetín","Římskokatolická farnost Beroun","2016-09-06","https://bohosluzby.dravec.org/kostel/1000270/"
"1000272","filiální kostel sv. Jiří, Tmaň","Tmaň","Římskokatolická farnost Žebrák","2016-09-06","https://bohosluzby.dravec.org/kostel/1000272/"
"1000274","farní kostel Panny Marie (Zvěstování Páně), Úhonice","Úhonice","Římskokatolická farnost Úhonice","2016-09-06","https://bohosluzby.dravec.org/kostel/1000274/"
"1000276","filiální kostel Narození sv. Jana Křtitele, Kublov","Kublov","Římskokatolická farnost Žebrák","2016-09-06","https://bohosluzby.dravec.org/kostel/1000276/"
"1000277","filiální kostel sv. Václava, Všenory","Všenory","Římskokatolická farnost Řevnice","2016-09-06","https://bohosluzby.dravec.org/kostel/1000277/"
"1000279","filiální kostel sv. Bartoloměje, Všeradice","Všeradice","Římskokatolická farnost Řevnice","2016-09-06","https://bohosluzby.dravec.org/kostel/1000279/"
"1000280","filiální kostel Narození Panny Marie, Zdice","Zdice","Římskokatolická farnost Žebrák","2016-09-06","https://bohosluzby.dravec.org/kostel/1000280/"
"1000281","farní kostel sv. Vavřince, Žebrák","Žebrák","Římskokatolická farnost Žebrák","2016-09-06","https://bohosluzby.dravec.org/kostel/1000281/"
"1000284","hradní kaple sv. Bartoloměje, Točník","Točník","Římskokatolická farnost Žebrák","2016-09-06","https://bohosluzby.dravec.org/kostel/1000284/"
"1000287","filiální kostel Narození Panny Marie, Hýskov","Hýskov","Římskokatolická farnost Beroun","2016-09-06","https://bohosluzby.dravec.org/kostel/1000287/"
"1000288","filiální kostel sv. Prokopa, Chyňava","Chyňava","Římskokatolická farnost Beroun","2016-09-06","https://bohosluzby.dravec.org/kostel/1000288/"
"1000289","farní kostel sv. Prokopa, Čestlice","Čestlice","Římskokatolická farnost Čestlice","2016-09-06","https://bohosluzby.dravec.org/kostel/1000289/"
"1000291","filiální kostel Narození Panny Marie, Průhonice","Průhonice","Římskokatolická farnost Čestlice","2016-09-06","https://bohosluzby.dravec.org/kostel/1000291/"
"1000292","filiální kostel sv. Václava, Dolní Jirčany","Psáry","Římskokatolická farnost Jílové u Prahy","2016-09-06","https://bohosluzby.dravec.org/kostel/1000292/"
"1000294","filiální kostel sv. Jiří, Hradešín","Hradešín","Římskokatolická farnost Úvaly","2016-09-06","https://bohosluzby.dravec.org/kostel/1000294/"
"1000295","filiální kostel sv. Petra a Pavla, Horka","Přišimasy","Římskokatolická farnost Úvaly","2016-09-06","https://bohosluzby.dravec.org/kostel/1000295/"
"1000296","filiální kostel sv. Anny, Škvorec","Škvorec","Římskokatolická farnost Úvaly","2016-09-06","https://bohosluzby.dravec.org/kostel/1000296/"
"1000299","filiální kostel Nanebevzetí Panny Marie, Chocerady","Chocerady","Římskokatolická farnost Mnichovice","2016-09-06","https://bohosluzby.dravec.org/kostel/1000299/"
"1000300","kaple Nejsvětější Trojice, Komorní Hrádek","Chocerady","Římskokatolická farnost Mnichovice","2016-09-06","https://bohosluzby.dravec.org/kostel/1000300/"
"1000301","filiální kostel sv. Václava, Jažlovice","Říčany","Římskokatolická farnost Říčany u Prahy","2016-09-06","https://bohosluzby.dravec.org/kostel/1000301/"
"1000302","filiální kostel sv. Mikuláše, Otice","Strančice","Římskokatolická farnost Říčany u Prahy","2016-09-06","https://bohosluzby.dravec.org/kostel/1000302/"
"1000303","farní kostel sv. Vojtěcha, Jílové u Prahy","Jílové u Prahy","Římskokatolická farnost Jílové u Prahy","2016-09-06","https://bohosluzby.dravec.org/kostel/1000303/"
"1000306","filiální kostel sv. Ludmily, Kamenný Přívoz","Kamenný Přívoz","Římskokatolická farnost Jílové u Prahy","2016-09-06","https://bohosluzby.dravec.org/kostel/1000306/"
"1000307","filiální kostel sv. Martina, Kostelec u Křížků","Kostelec u Křížků","Římskokatolická farnost Říčany u Prahy","2016-09-06","https://bohosluzby.dravec.org/kostel/1000307/"
"1000308","filiální kostel sv. Františka z Assisi, Kamenice","Kamenice","Římskokatolická farnost Říčany u Prahy","2016-09-06","https://bohosluzby.dravec.org/kostel/1000308/"
"1000310","farní kostel Narození Panny Marie, Mnichovice","Mnichovice","Římskokatolická farnost Mnichovice","2016-09-06","https://bohosluzby.dravec.org/kostel/1000310/"
"1000311","kaple sv. Anny, Strančice","Strančice","Římskokatolická farnost Mnichovice","2016-09-06","https://bohosluzby.dravec.org/kostel/1000311/"
"1000312","filiální kostel Nanebevzetí Panny Marie, Mukařov","Mukařov","Římskokatolická farnost Říčany u Prahy","2016-09-06","https://bohosluzby.dravec.org/kostel/1000312/"
"1000314","filiální kostel sv. Šimona a Judy, Ondřejov","Ondřejov","Římskokatolická farnost Mnichovice","2016-09-06","https://bohosluzby.dravec.org/kostel/1000314/"
"1000315","filiální kostel sv. Martina, Kostelní Střimelice","Stříbrná Skalice","Římskokatolická farnost Mnichovice","2016-09-06","https://bohosluzby.dravec.org/kostel/1000315/"
"1000316","kaple sv. Jana Nepomuckého, Zvánovice","Zvánovice","Římskokatolická farnost Mnichovice","2016-09-06","https://bohosluzby.dravec.org/kostel/1000316/"
"1000317","filiální kostel sv. Bartoloměje, Popovičky","Popovičky","Římskokatolická farnost Říčany u Prahy","2016-09-06","https://bohosluzby.dravec.org/kostel/1000317/"
"1000318","filiální kostel Narození Panny Marie, Olešky","Radějovice","Římskokatolická farnost Říčany u Prahy","2016-09-06","https://bohosluzby.dravec.org/kostel/1000318/"
"1000319","filiální kostel Povýšení sv. Kříže, Pyšely","Pyšely","Římskokatolická farnost Jílové u Prahy","2016-09-06","https://bohosluzby.dravec.org/kostel/1000319/"
"1000328","farní kostel sv. Petra a Pavla, Říčany","Říčany","Římskokatolická farnost Říčany u Prahy","2016-09-06","https://bohosluzby.dravec.org/kostel/1000328/"
"1000329","filiální kostel sv. Martina, Praha-Lipany","Praha-Kolovraty","Římskokatolická farnost Říčany u Prahy","2016-09-06","https://bohosluzby.dravec.org/kostel/1000329/"
"1000330","filiální kostel Narození sv. Jana Křtitele, Tehov","Tehov","Římskokatolická farnost Říčany u Prahy","2016-09-06","https://bohosluzby.dravec.org/kostel/1000330/"
"1000331","kaple Panny Marie, Všestary","Všestary","Římskokatolická farnost Říčany u Prahy","2016-09-06","https://bohosluzby.dravec.org/kostel/1000331/"
"1000342","filiální kostel sv. Petra a Pavla, Slapy","Slapy","Římskokatolická farnost Štěchovice","2016-09-06","https://bohosluzby.dravec.org/kostel/1000342/"
"1000345","filiální kostel sv. Jakuba Staršího, Sluštice","Sluštice","Římskokatolická farnost Úvaly","2016-09-06","https://bohosluzby.dravec.org/kostel/1000345/"
"1000347","filiální kostel sv. Bartoloměje, Březí","Březí","Římskokatolická farnost Úvaly","2016-09-06","https://bohosluzby.dravec.org/kostel/1000347/"
"1000350","filiální kostel sv. Jana Nepomuckého, Stříbrná Skalice","Stříbrná Skalice","Římskokatolická farnost Sázava-Černé Budy","2016-09-06","https://bohosluzby.dravec.org/kostel/1000350/"
"1000351","farní kostel sv. Jana Nepomuckého, Štěchovice","Štěchovice","Římskokatolická farnost Štěchovice","2016-09-06","https://bohosluzby.dravec.org/kostel/1000351/"
"1000352","filiální kostel sv. Kiliána, Davle","Davle","Římskokatolická farnost Štěchovice","2016-09-06","https://bohosluzby.dravec.org/kostel/1000352/"
"1000353","kaple Navštívení Panny Marie, Davle","Bratřínov","Římskokatolická farnost Štěchovice","2016-09-06","https://bohosluzby.dravec.org/kostel/1000353/"
"1000357","filiální kostel Narození sv. Jana Křtitele, Tuklaty","Tuklaty","Římskokatolická farnost Úvaly","2016-09-06","https://bohosluzby.dravec.org/kostel/1000357/"
"1000358","farní kostel Panny Marie (Zvěstování Páně), Úvaly","Úvaly","Římskokatolická farnost Úvaly","2016-09-06","https://bohosluzby.dravec.org/kostel/1000358/"
"1000360","filiální kostel Panny Marie Sněžné, Velké Popovice","Velké Popovice","Římskokatolická farnost Říčany u Prahy","2016-09-06","https://bohosluzby.dravec.org/kostel/1000360/"
"1000361","filiální kostel sv. Maří Magdalény, Kunice","Kunice","Římskokatolická farnost Říčany u Prahy","2016-09-06","https://bohosluzby.dravec.org/kostel/1000361/"
"1000362","filiální kostel sv. Jiří, Vrané nad Vltavou","Vrané nad Vltavou","Římskokatolická farnost u kostela sv. Jakuba Staršího Praha-Zbraslav","2016-09-06","https://bohosluzby.dravec.org/kostel/1000362/"
"1000363","filiální kostel sv. Markéty, Zvole","Zvole","Římskokatolická farnost u kostela sv. Jakuba Staršího Praha-Zbraslav","2016-09-06","https://bohosluzby.dravec.org/kostel/1000363/"
"1000366","poutní kostel sv. Petra a Pavla, Kováry","Zákolany","Římskokatolická farnost Roztoky u Prahy","2016-09-06","https://bohosluzby.dravec.org/kostel/1000366/"
"1000372","filiální kostel Povýšení sv. Kříže, Buštěhrad","Buštěhrad","Římskokatolická farnost u kostela sv. Václava Kladno-Rozdělov","2016-09-06","https://bohosluzby.dravec.org/kostel/1000372/"
"1000377","filiální kostel sv. Václava, Dřetovice","Dřetovice","Římskokatolická farnost u kostela sv. Václava Kladno-Rozdělov","2016-09-06","https://bohosluzby.dravec.org/kostel/1000377/"
"1000380","filiální kostel sv. Bartoloměje, Hostouň","Hostouň","Římskokatolická farnost Unhošť","2016-09-06","https://bohosluzby.dravec.org/kostel/1000380/"
"1000383","farní kostel Nanebevzetí Panny Marie, Kladno","Kladno","Římskokatolická farnost u kostela Nanebevzetí Panny Marie Kladno","2016-09-06","https://bohosluzby.dravec.org/kostel/1000383/"
"1000384","filiální kostel Nejsvětějšího Srdce Ježíšova, Kladno-Kročehlavy","Kladno","Římskokatolická farnost u kostela Nanebevzetí Panny Marie Kladno","2016-09-06","https://bohosluzby.dravec.org/kostel/1000384/"
"1000385","kaple sv. Floriána, Kladno","Kladno","Římskokatolická farnost u kostela Nanebevzetí Panny Marie Kladno","2016-09-06","https://bohosluzby.dravec.org/kostel/1000385/"
"1000387","farní kostel sv. Václava, Kladno-Rozdělov","Kladno","Římskokatolická farnost u kostela sv. Václava Kladno-Rozdělov","2016-09-06","https://bohosluzby.dravec.org/kostel/1000387/"
"1000388","filiální kostel sv. Mikuláše, Kladno-Švermov","Kladno","Římskokatolická farnost u kostela Nanebevzetí Panny Marie Kladno","2016-09-06","https://bohosluzby.dravec.org/kostel/1000388/"
"1000389","filiální kostel sv. Mikuláše, Kladno-Vrapice","Kladno","Římskokatolická farnost u kostela Nanebevzetí Panny Marie Kladno","2016-09-06","https://bohosluzby.dravec.org/kostel/1000389/"
"1000401","filiální kostel sv. Prokopa, Libušín","Libušín","Římskokatolická farnost u kostela sv. Václava Kladno-Rozdělov","2016-09-06","https://bohosluzby.dravec.org/kostel/1000401/"
"1000406","filiální kostel sv. Michala, Svrkyně","Svrkyně","Římskokatolická farnost Roztoky u Prahy","2016-09-06","https://bohosluzby.dravec.org/kostel/1000406/"
"1000414","filiální kostel sv. Václava, Černochov","Peruc","Římskokatolická farnost Zlonice","2016-09-06","https://bohosluzby.dravec.org/kostel/1000414/"
"1000416","filiální kostel Nalezení těla sv. Štěpána, Pchery","Pchery","Římskokatolická farnost Smečno","2016-09-06","https://bohosluzby.dravec.org/kostel/1000416/"
"1000417","filiální kostel Všech svatých, Knovíz","Knovíz","Římskokatolická farnost Smečno","2016-09-06","https://bohosluzby.dravec.org/kostel/1000417/"
"1000419","filiální kostel Stětí sv. Jana Křtitele, Pozdeň","Pozdeň","Římskokatolická farnost Slaný","2016-09-06","https://bohosluzby.dravec.org/kostel/1000419/"
"1000423","farní kostel sv. Gotharda, Slaný","Slaný","Římskokatolická farnost Slaný","2016-09-06","https://bohosluzby.dravec.org/kostel/1000423/"
"1000428","farní kostel Nejsvětější Trojice, Smečno","Smečno","Římskokatolická farnost Smečno","2016-09-06","https://bohosluzby.dravec.org/kostel/1000428/"
"1000429","kaple sv. Anny, Smečno","Smečno","Římskokatolická farnost Smečno","2016-09-06","https://bohosluzby.dravec.org/kostel/1000429/"
"1000436","filiální kostel sv. Prokopa, Středokluky","Středokluky","Římskokatolická farnost Tuchoměřice","2016-09-06","https://bohosluzby.dravec.org/kostel/1000436/"
"1000445","farní kostel sv. Víta, Tuchoměřice","Tuchoměřice","Římskokatolická farnost Tuchoměřice","2016-09-06","https://bohosluzby.dravec.org/kostel/1000445/"
"1000448","filiální kostel Nanebevzetí Panny Marie, Tuřany","Tuřany","Římskokatolická farnost Slaný","2016-09-06","https://bohosluzby.dravec.org/kostel/1000448/"
"1000449","farní kostel sv. Petra a Pavla, Unhošť","Unhošť","Římskokatolická farnost Unhošť","2016-09-06","https://bohosluzby.dravec.org/kostel/1000449/"
"1000451","filiální kostel Narození sv. Jana Křtitele, Vraný","Vraný","Římskokatolická farnost Zlonice","2016-09-06","https://bohosluzby.dravec.org/kostel/1000451/"
"1000460","filiální kostel sv. Martina, Zvoleněves","Zvoleněves","Římskokatolická farnost Slaný","2016-09-06","https://bohosluzby.dravec.org/kostel/1000460/"
"1000462","farní kostel sv. Gotharda, Český Brod","Český Brod","Římskokatolická farnost Český Brod","2016-09-06","https://bohosluzby.dravec.org/kostel/1000462/"
"1000463","filiální kostel sv. Havla, Štolmíř","Český Brod","Římskokatolická farnost Český Brod","2016-09-06","https://bohosluzby.dravec.org/kostel/1000463/"
"1000473","farní kostel sv. Bartoloměje, Kolín","Kolín","Římskokatolická farnost Kolín","2016-09-06","https://bohosluzby.dravec.org/kostel/1000473/"
"1000474","filiální kostel Nejsvětější Trojice, Kolín","Kolín","Římskokatolická farnost Kolín","2016-09-06","https://bohosluzby.dravec.org/kostel/1000474/"
"1000475","filiální kostel sv. Víta, Kolín","Kolín","Římskokatolická farnost Kolín","2016-09-06","https://bohosluzby.dravec.org/kostel/1000475/"
"1000491","filiální kostel sv. Jiří, Lošany","Lošany","Římskokatolická farnost Kolín","2016-09-06","https://bohosluzby.dravec.org/kostel/1000491/"
"1000493","filiální kostel sv. Martina, Zibohlavy","Kolín","Římskokatolická farnost Kolín","2016-09-06","https://bohosluzby.dravec.org/kostel/1000493/"
"1000496","filiální kostel Nanebevzetí Panny Marie, Lstiboř","Klučov","Římskokatolická farnost Český Brod","2016-09-06","https://bohosluzby.dravec.org/kostel/1000496/"
"1000497","filiální kostel sv. Bartoloměje, Bylany","Chrášťany","Římskokatolická farnost Český Brod","2016-09-06","https://bohosluzby.dravec.org/kostel/1000497/"
"1000500","filiální kostel sv. Petra a Pavla, Nebovidy","Nebovidy","Římskokatolická farnost Kolín","2016-09-06","https://bohosluzby.dravec.org/kostel/1000500/"
"1000501","filiální kostel Narození Panny Marie, Červené Pečky","Červené Pečky","Římskokatolická farnost Kolín","2016-09-06","https://bohosluzby.dravec.org/kostel/1000501/"
"1000502","filiální kostel sv. Václava, Nová Ves I","Nová Ves I","Římskokatolická farnost Kolín","2016-09-06","https://bohosluzby.dravec.org/kostel/1000502/"
"1000505","filiální kostel sv. Jakuba Staršího, Ovčáry","Ovčáry","Římskokatolická farnost Kolín","2016-09-06","https://bohosluzby.dravec.org/kostel/1000505/"
"1000507","farní kostel sv. Václava, Pečky","Pečky","Římskokatolická farnost Pečky","2016-09-06","https://bohosluzby.dravec.org/kostel/1000507/"
"1000511","filiální kostel sv. Václava, Vrbčany","Vrbčany","Římskokatolická farnost Pečky","2016-09-06","https://bohosluzby.dravec.org/kostel/1000511/"
"1000512","filiální kostel Nanebevzetí Panny Marie, Předhradí","Pňov-Předhradí","Římskokatolická farnost Kolín","2016-09-06","https://bohosluzby.dravec.org/kostel/1000512/"
"1000513","filiální kostel sv. Václava, Přistoupim","Přistoupim","Římskokatolická farnost Český Brod","2016-09-06","https://bohosluzby.dravec.org/kostel/1000513/"
"1000515","filiální kostel sv. Jakuba Staršího, Ratenice","Ratenice","Římskokatolická farnost Pečky","2016-09-06","https://bohosluzby.dravec.org/kostel/1000515/"
"1000516","filiální kostel Stětí sv. Jana Křtitele, Skramníky","Klučov","Římskokatolická farnost Pečky","2016-09-06","https://bohosluzby.dravec.org/kostel/1000516/"
"1000517","filiální kostel sv. Prokopa, Chotouň","Chrášťany","Římskokatolická farnost Pečky","2016-09-06","https://bohosluzby.dravec.org/kostel/1000517/"
"1000520","filiální kostel sv. Ondřeje, Starý Kolín","Starý Kolín","Římskokatolická farnost Kolín","2016-09-06","https://bohosluzby.dravec.org/kostel/1000520/"
"1000524","filiální kostel sv. Markéty, Suchdol","Suchdol","Římskokatolická farnost Kolín","2016-09-06","https://bohosluzby.dravec.org/kostel/1000524/"
"1000525","filiální kostel sv. Václava, Dobřeň","Suchdol","Římskokatolická farnost Kolín","2016-09-06","https://bohosluzby.dravec.org/kostel/1000525/"
"1000530","filiální kostel sv. Martina, Rostoklaty","Rostoklaty","Římskokatolická farnost Český Brod","2016-09-06","https://bohosluzby.dravec.org/kostel/1000530/"
"1000531","farní kostel sv. Aloise, Uhlířské Janovice","Uhlířské Janovice","Římskokatolická farnost Uhlířské Janovice","2016-09-06","https://bohosluzby.dravec.org/kostel/1000531/"
"1000533","filiální kostel sv. Jiří, Malejovice","Uhlířské Janovice","Římskokatolická farnost Uhlířské Janovice","2016-09-06","https://bohosluzby.dravec.org/kostel/1000533/"
"1000540","filiální kostel sv. Vavřince, Velim","Velim","Římskokatolická farnost Kolín","2016-09-06","https://bohosluzby.dravec.org/kostel/1000540/"
"1000541","filiální kostel Nanebevzetí Panny Marie, Veltruby","Veltruby","Římskokatolická farnost Kolín","2016-09-06","https://bohosluzby.dravec.org/kostel/1000541/"
"1000542","filiální kostel Nejsvětějšího Srdce Ježíšova, Velký Osek","Velký Osek","Římskokatolická farnost Kolín","2016-09-06","https://bohosluzby.dravec.org/kostel/1000542/"
"1000548","filiální kostel sv. Václava, Bechlín","Bechlín","Římskokatolická farnost Roudnice nad Labem","2016-09-06","https://bohosluzby.dravec.org/kostel/1000548/"
"1000550","farní kostel sv. Václava, Budyně nad Ohří","Budyně nad Ohří","Římskokatolická farnost Budyně nad Ohří","2016-09-06","https://bohosluzby.dravec.org/kostel/1000550/"
"1000554","filiální kostel sv. Linharta, Cítov","Cítov","Římskokatolická farnost Roudnice nad Labem","2016-09-06","https://bohosluzby.dravec.org/kostel/1000554/"
"1000560","kaple Svaté Rodiny, Horní Beřkovice","Horní Beřkovice","Římskokatolická farnost Roudnice nad Labem","2016-09-06","https://bohosluzby.dravec.org/kostel/1000560/"
"1000563","filiální kostel Nanebevzetí Panny Marie, Hostín u Vojkovic","Hostín u Vojkovic","Římskokatolická farnost Neratovice","2016-09-06","https://bohosluzby.dravec.org/kostel/1000563/"
"1000572","filiální kostel sv. Mikuláše, Zálezlice","Zálezlice","Římskokatolická farnost Neratovice","2016-09-06","https://bohosluzby.dravec.org/kostel/1000572/"
"1000574","filiální kostel sv. Petra a Pavla, Chvatěruby","Chvatěruby","Římskokatolická farnost Kralupy nad Vltavou","2016-09-06","https://bohosluzby.dravec.org/kostel/1000574/"
"1000579","farní kostel Nanebevzetí Panny Marie a sv. Václava, Kralupy nad Vltavou","Kralupy nad Vltavou","Římskokatolická farnost Kralupy nad Vltavou","2016-09-06","https://bohosluzby.dravec.org/kostel/1000579/"
"1000580","filiální kostel sv. Jakuba Staršího, Kralupy nad Vltavou-Minice","Kralupy nad Vltavou","Římskokatolická farnost Kralupy nad Vltavou","2016-09-06","https://bohosluzby.dravec.org/kostel/1000580/"
"1000584","filiální kostel sv. Jiljí, Lužec nad Vltavou","Lužec nad Vltavou","Římskokatolická farnost Roudnice nad Labem","2016-09-06","https://bohosluzby.dravec.org/kostel/1000584/"
"1000585","filiální kostel sv. Ondřeje, Nelahozeves","Nelahozeves","Římskokatolická farnost Kralupy nad Vltavou","2016-09-06","https://bohosluzby.dravec.org/kostel/1000585/"
"1000588","filiální kostel Nanebevzetí Panny Marie, Neratovice-Lobkovice","Neratovice","Římskokatolická farnost Neratovice","2016-09-06","https://bohosluzby.dravec.org/kostel/1000588/"
"1000591","farní kostel sv. Klementa, Odolena Voda","Odolena Voda","Římskokatolická farnost Odolena Voda","2016-09-06","https://bohosluzby.dravec.org/kostel/1000591/"
"1000594","filiální kostel sv. Havla, Račiněves","Račiněves","Římskokatolická farnost Roudnice nad Labem","2016-09-06","https://bohosluzby.dravec.org/kostel/1000594/"
"1000596","farní kostel Narození Panny Marie, Roudnice nad Labem","Roudnice nad Labem","Římskokatolická farnost Roudnice nad Labem","2016-09-06","https://bohosluzby.dravec.org/kostel/1000596/"
"1000601","filiální kostel sv. Jiří, Mnetěš","Mnetěš","Římskokatolická farnost Roudnice nad Labem","2016-09-06","https://bohosluzby.dravec.org/kostel/1000601/"
"1000603","filiální kostel sv. Kateřiny Alexandrijské, Velvary","Velvary","Římskokatolická farnost Kralupy nad Vltavou","2016-09-06","https://bohosluzby.dravec.org/kostel/1000603/"
"1000610","filiální kostel Narození Panny Marie, Vepřek","Nová Ves","Římskokatolická farnost Kralupy nad Vltavou","2016-09-06","https://bohosluzby.dravec.org/kostel/1000610/"
"1000616","filiální kostel Nanebevzetí Panny Marie, Borotice","Borotice","Římskokatolická farnost Starý Knín","2016-09-06","https://bohosluzby.dravec.org/kostel/1000616/"
"1000618","farní kostel Nejsvětější Trojice, Dobříš","Dobříš","Římskokatolická farnost Dobříš","2016-09-06","https://bohosluzby.dravec.org/kostel/1000618/"
"1000623","filiální kostel Nejsvětější Trojice, Dublovice","Dublovice","Římskokatolická farnost Sedlčany","2016-09-06","https://bohosluzby.dravec.org/kostel/1000623/"
"1000630","filiální kostel sv. Václava, Chlum","Nalžovice","Římskokatolická farnost Sedlčany","2016-09-06","https://bohosluzby.dravec.org/kostel/1000630/"
"1000634","filiální kostel Nejsvětější Trojice, Jesenice","Jesenice","Římskokatolická farnost Sedlčany","2016-09-06","https://bohosluzby.dravec.org/kostel/1000634/"
"1000638","filiální kostel sv. Bartoloměje, Kosova Hora","Kosova Hora","Římskokatolická farnost Sedlčany","2016-09-06","https://bohosluzby.dravec.org/kostel/1000638/"
"1000647","filiální kostel sv. Mikuláše, Nechvalice","Nechvalice","Římskokatolická farnost Petrovice u Sedlčan","2016-09-06","https://bohosluzby.dravec.org/kostel/1000647/"
"1000648","filiální kostel Nanebevzetí Panny Marie, Obděnice","Petrovice","Římskokatolická farnost Petrovice u Sedlčan","2016-09-06","https://bohosluzby.dravec.org/kostel/1000648/"
"1000650","filiální kostel sv. Šimona a Judy, Obecnice","Obecnice","Římskokatolická farnost u kostela sv. Vojtěcha Příbram VI-Březové Hory","2016-09-06","https://bohosluzby.dravec.org/kostel/1000650/"
"1000651","farní kostel sv. Petra a Pavla, Petrovice u Sedlčan","Petrovice","Římskokatolická farnost Petrovice u Sedlčan","2016-09-06","https://bohosluzby.dravec.org/kostel/1000651/"
"1000652","filiální kostel sv. Ducha, Hrazany","Hrazany","Římskokatolická farnost Petrovice u Sedlčan","2016-09-06","https://bohosluzby.dravec.org/kostel/1000652/"
"1000654","filiální kostel sv. Petra a Pavla, Rosovice","Rosovice","Římskokatolická farnost Dobříš","2016-09-06","https://bohosluzby.dravec.org/kostel/1000654/"
"1000655","filiální kostel sv. Lukáše, Suchodol","Suchodol","Římskokatolická farnost u kostela sv. Jakuba Staršího Příbram","2016-09-06","https://bohosluzby.dravec.org/kostel/1000655/"
"1000656","filiální kostel Narození sv. Jana Křtitele, Počepice","Počepice","Římskokatolická farnost Sedlčany","2016-09-06","https://bohosluzby.dravec.org/kostel/1000656/"
"1000658","farní kostel sv. Jakuba Staršího","Příbram","Římskokatolická farnost u kostela sv. Jakuba Staršího Příbram","2016-09-06","https://bohosluzby.dravec.org/kostel/1000658/"
"1000664","farní kostel sv. Vojtěcha, Příbram-Březové Hory","Příbram","Římskokatolická farnost u kostela sv. Vojtěcha Příbram VI-Březové Hory","2016-09-06","https://bohosluzby.dravec.org/kostel/1000664/"
"1000666","farní kostel sv. Martina, Sedlčany","Sedlčany","Římskokatolická farnost Sedlčany","2016-09-06","https://bohosluzby.dravec.org/kostel/1000666/"
"1000669","farní kostel sv. Františka z Assisi, Nový Knín","Nový Knín","Římskokatolická farnost Starý Knín","2016-09-06","https://bohosluzby.dravec.org/kostel/1000669/"
"1000670","filiální kostel sv. Mikuláše, Nový Knín","Nový Knín","Římskokatolická farnost Starý Knín","2016-09-06","https://bohosluzby.dravec.org/kostel/1000670/"
"1000672","filiální kostel sv. Zikmunda, Velká Hraštice","Malá Hraštice","Římskokatolická farnost Starý Knín","2016-09-06","https://bohosluzby.dravec.org/kostel/1000672/"
"1000678","filiální kostel sv. Jana před latinskou branou, Dlouhá Lhota","Dlouhá Lhota","Římskokatolická farnost Svaté Pole","2016-09-06","https://bohosluzby.dravec.org/kostel/1000678/"
"1000683","filiální kostel sv. Jana Nepomuckého, Svatý Jan","Svatý Jan","Římskokatolická farnost Krásná Hora nad Vltavou","2016-09-06","https://bohosluzby.dravec.org/kostel/1000683/"
"1000688","filiální kostel sv. Fabiána a Šebestiána, Živohošť","Chotilsko","Římskokatolická farnost Starý Knín","2016-09-06","https://bohosluzby.dravec.org/kostel/1000688/"
"1000702","filiální kostel sv. Víta, Kounov","Kounov","Římskokatolická farnost Rakovník","2016-09-06","https://bohosluzby.dravec.org/kostel/1000702/"
"1000704","filiální kostel sv. Petra, Křivoklát","Křivoklát","Římskokatolická farnost Zbečno","2016-09-06","https://bohosluzby.dravec.org/kostel/1000704/"
"1000706","filiální kostel Nanebevzetí Panny Marie, Lišany","Lišany","Římskokatolická farnost Rakovník","2016-09-06","https://bohosluzby.dravec.org/kostel/1000706/"
"1000707","filiální kostel sv. Barbory, Lužná","Lužná","Římskokatolická farnost Rakovník","2016-09-06","https://bohosluzby.dravec.org/kostel/1000707/"
"1000712","filiální kostel sv. Václava, Mutějovice","Mutějovice","Římskokatolická farnost Rakovník","2016-09-06","https://bohosluzby.dravec.org/kostel/1000712/"
"1000716","filiální kostel sv. Vavřince, Nezabudice","Nezabudice","Římskokatolická farnost Zbečno","2016-09-06","https://bohosluzby.dravec.org/kostel/1000716/"
"1000717","farní kostel Narození Panny Marie, Nové Strašecí","Nové Strašecí","Římskokatolická farnost Nové Strašecí","2016-09-06","https://bohosluzby.dravec.org/kostel/1000717/"
"1000721","filiální kostel sv. Martina, Olešná","Olešná","Římskokatolická farnost Rakovník","2016-09-06","https://bohosluzby.dravec.org/kostel/1000721/"
"1000728","farní kostel sv. Bartoloměje, Rakovník","Rakovník","Římskokatolická farnost Rakovník","2016-09-06","https://bohosluzby.dravec.org/kostel/1000728/"
"1000743","farní kostel sv. Martina, Zbečno","Zbečno","Římskokatolická farnost Zbečno","2016-09-06","https://bohosluzby.dravec.org/kostel/1000743/"
"1000744","farní kostel sv. Maří Magdalény, Benátky nad Jizerou","Benátky nad Jizerou","Římskokatolická farnost Benátky nad Jizerou","2016-09-06","https://bohosluzby.dravec.org/kostel/1000744/"
"1000745","filiální kostel Nanebevzetí Panny Marie, Benátky nad Jizerou","Benátky nad Jizerou","Římskokatolická farnost Benátky nad Jizerou","2016-09-06","https://bohosluzby.dravec.org/kostel/1000745/"
"1000747","filiální kostel Všech svatých, Zdětín","Zdětín","Římskokatolická farnost Benátky nad Jizerou","2016-09-06","https://bohosluzby.dravec.org/kostel/1000747/"
"1000749","farní kostel Obrácení sv. Pavla, Brandýs nad Labem","Brandýs nad Labem-Stará Boleslav","Římskokatolická farnost Brandýs nad Labem","2016-09-06","https://bohosluzby.dravec.org/kostel/1000749/"
"1000750","filiální kostel sv. Jakuba Staršího, Zápy","Zápy","Římskokatolická farnost Brandýs nad Labem","2016-09-06","https://bohosluzby.dravec.org/kostel/1000750/"
"1000753","filiální kostel Nalezení sv. Kříže, Bříství","Bříství","Římskokatolická farnost Český Brod","2016-09-06","https://bohosluzby.dravec.org/kostel/1000753/"
"1000756","farní kostel Nanebevzetí Panny Marie, Čelákovice","Čelákovice","Římskokatolická farnost Čelákovice","2016-09-06","https://bohosluzby.dravec.org/kostel/1000756/"
"1000757","filiální kostel sv. Bartoloměje, Mochov","Mochov","Římskokatolická farnost Čelákovice","2016-09-06","https://bohosluzby.dravec.org/kostel/1000757/"
"1000762","filiální kostel Nanebevzetí Panny Marie, Praha-Klánovice","Praha-Klánovice","Římskokatolická farnost Jirny","2016-09-06","https://bohosluzby.dravec.org/kostel/1000762/"
"1000765","filiální kostel sv. Petra v okovech, Kostelní Hlavno","Kostelní Hlavno","Římskokatolická farnost Benátky nad Jizerou","2016-09-06","https://bohosluzby.dravec.org/kostel/1000765/"
"1000766","filiální kostel sv. Bartoloměje, Kostomlaty nad Labem","Kostomlaty nad Labem","Římskokatolická farnost Lysá nad Labem","2016-09-06","https://bohosluzby.dravec.org/kostel/1000766/"
"1000767","filiální kostel sv. Jakuba Staršího, Kounice","Kounice","Římskokatolická farnost Český Brod","2016-09-06","https://bohosluzby.dravec.org/kostel/1000767/"
"1000769","farní kostel Narození sv. Jana Křtitele, Lysá nad Labem","Lysá nad Labem","Římskokatolická farnost Lysá nad Labem","2016-09-06","https://bohosluzby.dravec.org/kostel/1000769/"
"1000770","filiální kostel sv. Kateřiny Alexandrijské, Milovice","Milovice","Římskokatolická farnost Lysá nad Labem","2016-09-06","https://bohosluzby.dravec.org/kostel/1000770/"
"1000771","filiální kostel sv. Václava, Nehvizdy","Nehvizdy","Římskokatolická farnost Čelákovice","2016-09-06","https://bohosluzby.dravec.org/kostel/1000771/"
"1000772","farní kostel sv. Jiljí, Nymburk","Nymburk","Římskokatolická farnost Nymburk","2016-09-06","https://bohosluzby.dravec.org/kostel/1000772/"
"1000774","filiální kostel sv. Prokopa, Budiměřice","Budiměřice","Římskokatolická farnost Nymburk","2016-09-06","https://bohosluzby.dravec.org/kostel/1000774/"
"1000775","filiální kostel Narození Panny Marie, Poříčany","Poříčany","Římskokatolická farnost Český Brod","2016-09-06","https://bohosluzby.dravec.org/kostel/1000775/"
"1000776","filiální kostel sv. Jakuba Staršího, Předměřice nad Jizerou","Předměřice nad Jizerou","Římskokatolická farnost Benátky nad Jizerou","2016-09-06","https://bohosluzby.dravec.org/kostel/1000776/"
"1000777","filiální kostel sv. Vojtěcha, Přerov nad Labem","Přerov nad Labem","Římskokatolická farnost Čelákovice","2016-09-06","https://bohosluzby.dravec.org/kostel/1000777/"
"1000780","filiální kostel sv. Apolináře, Sadská","Sadská","Římskokatolická farnost Nymburk","2016-09-06","https://bohosluzby.dravec.org/kostel/1000780/"
"1000781","filiální kostel sv. Jana Křtitele, Skorkov","Skorkov","Římskokatolická farnost Stará Boleslav","2016-09-06","https://bohosluzby.dravec.org/kostel/1000781/"
"1000782","filiální kostel sv. Vojtěcha, Sluhy","Sluhy","Římskokatolická farnost Brandýs nad Labem","2016-09-06","https://bohosluzby.dravec.org/kostel/1000782/"
"1000784","poutní kostel sv. Václava, Stará Boleslav","Brandýs nad Labem-Stará Boleslav","Římskokatolická farnost Stará Boleslav","2016-09-06","https://bohosluzby.dravec.org/kostel/1000784/"
"1000790","filiální kostel sv. Jana Křtitele, Dřísy","Dřísy","Římskokatolická farnost Stará Boleslav","2016-09-06","https://bohosluzby.dravec.org/kostel/1000790/"
"1000792","filiální kostel sv. Prokopa, Svémyslice","Svémyslice","Římskokatolická farnost Brandýs nad Labem","2016-09-06","https://bohosluzby.dravec.org/kostel/1000792/"
"1000793","filiální kostel sv. Václava, Veleliby","Dvory","Římskokatolická farnost Nymburk","2016-09-06","https://bohosluzby.dravec.org/kostel/1000793/"
"1000795","filiální kostel sv. Jana Křtitele, Všejany","Všejany","Římskokatolická farnost Nymburk","2016-09-06","https://bohosluzby.dravec.org/kostel/1000795/"
"1000798","filiální kostel sv. Petra a Pavla, Všetaty","Všetaty","Římskokatolická farnost Stará Boleslav","2016-09-06","https://bohosluzby.dravec.org/kostel/1000798/"
"1000799","filiální kostel sv. Martina, Vyšehořovice","Vyšehořovice","Římskokatolická farnost Čelákovice","2016-09-06","https://bohosluzby.dravec.org/kostel/1000799/"
"1000801","filiální kostel sv. Petra a Pavla, Borovnice","Borovnice","Římskokatolická farnost Čechtice","2016-09-06","https://bohosluzby.dravec.org/kostel/1000801/"
"1000802","filiální kostel sv. Filipa a Jakuba, Mnichovice","Mnichovice","Římskokatolická farnost Čechtice","2016-09-06","https://bohosluzby.dravec.org/kostel/1000802/"
"1000803","farní kostel sv. Jakuba Staršího, Čechtice","Čechtice","Římskokatolická farnost Čechtice","2016-09-06","https://bohosluzby.dravec.org/kostel/1000803/"
"1000804","filiální kostel sv. Petra a Pavla, Čestín","Čestín","Římskokatolická farnost Uhlířské Janovice","2016-09-06","https://bohosluzby.dravec.org/kostel/1000804/"
"1000806","farní kostel sv. Bartoloměje, Divišov","Divišov","Římskokatolická farnost Divišov","2016-09-06","https://bohosluzby.dravec.org/kostel/1000806/"
"1000807","filiální kostel sv. Martina, Měchnov","Divišov","Římskokatolická farnost Divišov","2016-09-06","https://bohosluzby.dravec.org/kostel/1000807/"
"1000813","sakrální síň Bernartice","Bernartice","Římskokatolická farnost Keblov","2016-09-06","https://bohosluzby.dravec.org/kostel/1000813/"
"1000814","filiální kostel sv. Jiljí, Všebořice","Loket","Římskokatolická farnost Keblov","2016-09-06","https://bohosluzby.dravec.org/kostel/1000814/"
"1000816","kaple Narození sv. Jana Křtitele, Dolní Kralovice","Dolní Kralovice","Římskokatolická farnost Keblov","2016-09-06","https://bohosluzby.dravec.org/kostel/1000816/"
"1000817","filiální kostel sv. Jakuba Staršího, Domašín","Vlašim","Římskokatolická farnost Vlašim","2016-09-06","https://bohosluzby.dravec.org/kostel/1000817/"
"1000818","farní kostel sv. Matouše, Hrádek","Ctiboř","Římskokatolická farnost Hrádek","2016-09-06","https://bohosluzby.dravec.org/kostel/1000818/"
"1000820","kaple Nejsvětější Trojice, Libež","Libež","Římskokatolická farnost Hrádek","2016-09-06","https://bohosluzby.dravec.org/kostel/1000820/"
"1000823","filiální kostel Narození Panny Marie, Kácov","Kácov","Římskokatolická farnost Zruč nad Sázavou","2016-09-06","https://bohosluzby.dravec.org/kostel/1000823/"
"1000825","farní kostel Nanebevzetí Panny Marie, Keblov","Keblov","Římskokatolická farnost Keblov","2016-09-06","https://bohosluzby.dravec.org/kostel/1000825/"
"1000826","filiální kostel sv. Bartoloměje, Kondrac","Kondrac","Římskokatolická farnost Vlašim","2016-09-06","https://bohosluzby.dravec.org/kostel/1000826/"
"1000828","kaple sv. Cyrila a Metoděje, Vracovice","Vracovice","Římskokatolická farnost Vlašim","2016-09-06","https://bohosluzby.dravec.org/kostel/1000828/"
"1000829","filiální kostel Narození Panny Marie, Křivsoudov","Křivsoudov","Římskokatolická farnost Čechtice","2016-09-06","https://bohosluzby.dravec.org/kostel/1000829/"
"1000835","filiální kostel sv. Jana Křtitele, Pravonín","Pravonín","Římskokatolická farnost Zdislavice","2016-09-06","https://bohosluzby.dravec.org/kostel/1000835/"
"1000836","filiální kostel sv. Víta, Radošovice","Radošovice","Římskokatolická farnost Hrádek","2016-09-06","https://bohosluzby.dravec.org/kostel/1000836/"
"1000837","kaple sv. Václava, Slověnice","Slověnice","Římskokatolická farnost Hrádek","2016-09-06","https://bohosluzby.dravec.org/kostel/1000837/"
"1000838","filiální kostel sv. Petra a Pavla, Snět","Snět","Římskokatolická farnost Keblov","2016-09-06","https://bohosluzby.dravec.org/kostel/1000838/"
"1000839","filiální kostel sv. Lucie, Ježov","Ježov","Římskokatolická farnost Keblov","2016-09-06","https://bohosluzby.dravec.org/kostel/1000839/"
"1000840","filiální kostel sv. Jakuba Staršího, Soutice","Soutice","Římskokatolická farnost Zruč nad Sázavou","2016-09-06","https://bohosluzby.dravec.org/kostel/1000840/"
"1000841","filiální kostel sv. Petra a Pavla, Šlapánov","Zvěstov","Římskokatolická farnost Louňovice pod Blaníkem","2016-09-06","https://bohosluzby.dravec.org/kostel/1000841/"
"1000845","filiální kostel sv. Prokopa, Tehov","Tehov","Římskokatolická farnost Hrádek","2016-09-06","https://bohosluzby.dravec.org/kostel/1000845/"
"1000846","kaple Panny Marie Sedmibolestné, Javorník","Javorník","Římskokatolická farnost Hrádek","2016-09-06","https://bohosluzby.dravec.org/kostel/1000846/"
"1000847","kaple sv. Václava, Kladruby","Kladruby","Římskokatolická farnost Hrádek","2016-09-06","https://bohosluzby.dravec.org/kostel/1000847/"
"1000848","kaple sv. Jana Nepomuckého, Chlum","Chlum","Římskokatolická farnost Hrádek","2016-09-06","https://bohosluzby.dravec.org/kostel/1000848/"
"1000849","filiální kostel Všech svatých, Třebešice","Třebešice","Římskokatolická farnost Divišov","2016-09-06","https://bohosluzby.dravec.org/kostel/1000849/"
"1000855","farní kostel sv. Jiljí, Vlašim","Vlašim","Římskokatolická farnost Vlašim","2016-09-06","https://bohosluzby.dravec.org/kostel/1000855/"
"1000857","filiální kostel sv. Anny, Zdebuzeves","Divišov","Římskokatolická farnost Divišov","2016-09-06","https://bohosluzby.dravec.org/kostel/1000857/"
"1000858","filiální kostel sv. Michaela Archanděla, Soběšín","Soběšín","Římskokatolická farnost Divišov","2016-09-06","https://bohosluzby.dravec.org/kostel/1000858/"
"1000860","filiální kostel Nejsvětější Trojice, Psáře","Psáře","Římskokatolická farnost Divišov","2016-09-06","https://bohosluzby.dravec.org/kostel/1000860/"
"1000861","farní kostel sv. Petra a Pavla, Zdislavice","Zdislavice","Římskokatolická farnost Zdislavice","2016-09-06","https://bohosluzby.dravec.org/kostel/1000861/"
"1000866","filiální kostel Povýšení sv. Kříže, Zhoř","Čechtice","Římskokatolická farnost Čechtice","2016-09-06","https://bohosluzby.dravec.org/kostel/1000866/"
"1000868","filiální kostel sv. Martina, Kamberk","Kamberk","Římskokatolická farnost Louňovice pod Blaníkem","2016-09-06","https://bohosluzby.dravec.org/kostel/1000868/"
"1000870","farní kostel Povýšení sv. Kříže, Zruč nad Sázavou","Zruč nad Sázavou","Římskokatolická farnost Zruč nad Sázavou","2016-09-06","https://bohosluzby.dravec.org/kostel/1000870/"
"1000873","kaple Panny Marie Loretánské, Hořovice","Hořovice","Římskokatolická farnost Hořovice","2016-09-06","https://bohosluzby.dravec.org/kostel/1000873/"
"1000876","klášterní kostel Nejsvětější Trojice, Slaný","Slaný","Římskokatolická farnost Slaný","2016-09-06","https://bohosluzby.dravec.org/kostel/1000876/"
"1000882","nemocniční kaple sv. Lazara, Praha-Bohnice","Praha 8","Římskokatolická farnost u kostela sv. Petra a Pavla Praha-Bohnice","2016-09-06","https://bohosluzby.dravec.org/kostel/1000882/"
"1000888","nemocniční kaple Milosrdného Samaritána","Praha 6","Římskokatolická farnost u kostela sv. Norberta Praha-Střešovice","2016-09-06","https://bohosluzby.dravec.org/kostel/1000888/"
"1000891","Katolická oáza, Praha-Černý Most","Praha 14","Římskokatolická farnost u kostela sv. Bartoloměje Praha-Kyje","2016-09-06","https://bohosluzby.dravec.org/kostel/1000891/"
"1000893","klášterní kaple Panny Marie Andělské, Praha-Břevnov","Praha 6","Římskokatolická farnost u kostela sv. Norberta Praha-Střešovice","2016-09-06","https://bohosluzby.dravec.org/kostel/1000893/"
"1000898","poloveřejná kaple Pražského Jezulátka, Praha-Zbraslav","Praha-Zbraslav","Římskokatolická farnost u kostela sv. Jakuba Staršího Praha-Zbraslav","2016-09-06","https://bohosluzby.dravec.org/kostel/1000898/"
"1000899","kaple Dobrého Pastýře, Čerčany","Čerčany","Římskokatolická farnost Poříčí nad Sázavou","2016-09-06","https://bohosluzby.dravec.org/kostel/1000899/"
"1000903","kaple Jména Panny Marie, Kamenné Žehrovice","Kamenné Žehrovice","Římskokatolická farnost Smečno","2016-09-06","https://bohosluzby.dravec.org/kostel/1000903/"
"1000906","kaple sv. Vojtěcha, Senohraby","Senohraby","Římskokatolická farnost Hrusice","2016-09-06","https://bohosluzby.dravec.org/kostel/1000906/"
"1000923","klášterní kostel Panny Marie Matky jednoty křesťanů, Poličany","Křečovice","Římskokatolická farnost Křečovice","2016-09-06","https://bohosluzby.dravec.org/kostel/1000923/"
"2000111","farní kostel Nejsvětější Trojice, Roprachtice","Roprachtice","Římskokatolická farnost Roprachtice","2016-09-06","https://bohosluzby.dravec.org/kostel/2000111/"
"2000114","Domov důchodců Semily-Řeky","Semily","Římskokatolická farnost - děkanství Semily","2016-09-06","https://bohosluzby.dravec.org/kostel/2000114/"
"2000115","kaple sv. Antonína Paduánského, Chuchelna","Chuchelna","Římskokatolická farnost - děkanství Semily","2016-09-06","https://bohosluzby.dravec.org/kostel/2000115/"
"2000174","farní kostel sv. Františka z Assisi, Kováň","Kováň","Římskokatolická farnost Kováň","2016-09-06","https://bohosluzby.dravec.org/kostel/2000174/"
"2000201","farní kostel Stětí sv. Jana Křtitele, Libčeves","Libčeves","Římskokatolická farnost Libčeves","2016-09-06","https://bohosluzby.dravec.org/kostel/2000201/"
"2000208","kaple Božího milosrdenství, Domov pro seniory v Žatci","Žatec","Římskokatolická farnost - děkanství Žatec","2016-09-06","https://bohosluzby.dravec.org/kostel/2000208/"
"2000243","filiální kostel sv. Barbory, Chomutov","Chomutov","Římskokatolická farnost - děkanství Chomutov","2016-09-06","https://bohosluzby.dravec.org/kostel/2000243/"
"2000247","kaple, Domov pro seniory Podbořany","Podbořany","Římskokatolická farnost - děkanství Podbořany","2016-09-06","https://bohosluzby.dravec.org/kostel/2000247/"
"2000261","Domov důchodců Čížkovice","Čížkovice","Římskokatolická farnost Čížkovice","2016-09-06","https://bohosluzby.dravec.org/kostel/2000261/"
"2000262","farní kostel sv. Václava, Dlažkovice","Dlažkovice","Římskokatolická farnost Dlažkovice","2016-09-06","https://bohosluzby.dravec.org/kostel/2000262/"
"2000275","klášterní kostel sv. Jakuba Staršího, Litoměřice","Litoměřice","Římskokatolická farnost - děkanství u Všech Svatých Litoměřice","2016-09-06","https://bohosluzby.dravec.org/kostel/2000275/"
"2000278","děkanský kostel Všech svatých, Litoměřice","Litoměřice","Římskokatolická farnost - děkanství u Všech Svatých Litoměřice","2016-09-06","https://bohosluzby.dravec.org/kostel/2000278/"
"2000283","farní kostel sv. Vojtěcha, Počaply","Počaply","Římskokatolická farnost Počaply","2016-09-06","https://bohosluzby.dravec.org/kostel/2000283/"
"2000335","děkanský kostel sv. Jana Křtitele, Liberec","Liberec","Římskokatolická farnost - děkanství Liberec - Rochlice","2016-09-06","https://bohosluzby.dravec.org/kostel/2000335/"
"2000343","filiální kostel Nejsvětější Trojice, Mšeno nad Nisou","Jablonec nad Nisou","Římskokatolická farnost - děkanství Jablonec nad Nisou","2016-09-06","https://bohosluzby.dravec.org/kostel/2000343/"
"2000371","kaple, Domov pro seniory ""Mládežnická"", Jirkov","Jirkov","Římskokatolická farnost - děkanství Jirkov","2016-09-06","https://bohosluzby.dravec.org/kostel/2000371/"
"2000384","farní kaple, Arnoltice","Arnoltice","Římskokatolická farnost Arnoltice","2016-09-06","https://bohosluzby.dravec.org/kostel/2000384/"
"2000390","Domov pro seniory (Kamenická), Děčín","Děčín","Římskokatolická farnost - děkanství Děčín I","2016-09-06","https://bohosluzby.dravec.org/kostel/2000390/"
"2000397","farní kaple sv. Josefa, Rumburk","Rumburk","Římskokatolická farnost - děkanství Rumburk","2016-09-06","https://bohosluzby.dravec.org/kostel/2000397/"
"2000417","farní kostel sv. Anny, Verneřice","Verneřice","Římskokatolická farnost Verneřice","2016-09-06","https://bohosluzby.dravec.org/kostel/2000417/"
"2000444","farní kostel sv. Šimona a Judy, Lenešice","Lenešice","Římskokatolická farnost Lenešice","2016-09-06","https://bohosluzby.dravec.org/kostel/2000444/"
"2000471","kaple sv. Petra a Pavla, Levonice","Postoloprty","Římskokatolická farnost - děkanství Postoloprty","2016-09-06","https://bohosluzby.dravec.org/kostel/2000471/"
"2000574","farní kaple Neposkvrněného Početí Panny Marie, Mnichovo Hradiště","Mnichovo Hradiště","Římskokatolická farnost - děkanství Mnichovo Hradiště","2016-09-06","https://bohosluzby.dravec.org/kostel/2000574/"
"2000602","kaple Panny Marie, Biskupské gymnázium Bohosudov","Krupka","Římskokatolická farnost Bohosudov","2016-09-06","https://bohosluzby.dravec.org/kostel/2000602/"
"2000897","filiální kostel Navštívení Panny Marie, Květnov","Blatno","Římskokatolická farnost - děkanství Jirkov","2016-09-06","https://bohosluzby.dravec.org/kostel/2000897/"
"10001717","farní kostel sv. Maří Magdalény, Bohutín","Bohutín","Římskokatolická farnost Bohutín","2016-09-06","https://bohosluzby.dravec.org/kostel/10001717/"
"10001722","farní kostel sv. Vavřince, Pečice","Pečice","Římskokatolická farnost Pečice","2016-09-06","https://bohosluzby.dravec.org/kostel/10001722/"
"10001723","farní kostel sv. Petra, Milín","Milín","Římskokatolická farnost Slivice-Milín","2016-09-06","https://bohosluzby.dravec.org/kostel/10001723/"
"10001724","filiální kostel sv. Václava, Milín","Milín","Římskokatolická farnost Slivice-Milín","2016-09-06","https://bohosluzby.dravec.org/kostel/10001724/"
"10001726","farní kostel Nanebevzetí Panny Marie, Třebsko","Třebsko","Římskokatolická farnost Třebsko","2016-09-06","https://bohosluzby.dravec.org/kostel/10001726/"
"10001731","kaple Malých sester Ježíšových, Praha 14 - Černý Most","Praha 14","Římskokatolická farnost u kostela sv. Bartoloměje Praha-Kyje","2016-09-06","https://bohosluzby.dravec.org/kostel/10001731/"
"10001744","kaple sv. Antonína Paduánského, Bílkovice","Bílkovice","Římskokatolická farnost Hrádek","2016-09-06","https://bohosluzby.dravec.org/kostel/10001744/"
"10001771","Domov sv. Josefa, Roudnice nad Labem","Roudnice nad Labem","Římskokatolická farnost Roudnice nad Labem","2016-09-06","https://bohosluzby.dravec.org/kostel/10001771/"
"20001076","farní kaple, Klášterec nad Ohří","Klášterec nad Ohří","Římskokatolická farnost Klášterec nad Ohří","2016-09-06","https://bohosluzby.dravec.org/kostel/20001076/"
"20001160","farní kaple, Hrádek nad Nisou","Hrádek nad Nisou","Římskokatolická farnost Hrádek nad Nisou","2016-09-06","https://bohosluzby.dravec.org/kostel/20001160/"
"20001854","Domov pokojného stáří - Domov sv. Vavřince, Chrastava","Chrastava","Římskokatolická farnost Chrastava","2016-09-06","https://bohosluzby.dravec.org/kostel/20001854/"
"20001855","farní kaple, Bílý Kostel nad Nisou","Bílý Kostel nad Nisou","Římskokatolická farnost Bílý Kostel nad Nisou","2016-09-06","https://bohosluzby.dravec.org/kostel/20001855/"
"20001859","farní kaple, Kryry","Kryry","Římskokatolická farnost Kryry","2016-09-06","https://bohosluzby.dravec.org/kostel/20001859/"
"20001873","loretánská kaple Panny Marie, Rumburk","Rumburk","Římskokatolická farnost - děkanství Rumburk","2016-09-06","https://bohosluzby.dravec.org/kostel/20001873/"
"100040","farní kostel sv. Jana Nepomuckého, Praha-Nové Město","Praha 2","Římskokatolická farnost u kostela Nejsvětější Trojice v Podskalí Praha-Nové Město","2016-11-01","https://bohosluzby.dravec.org/kostel/100040/"
"1000100","farní kostel sv. Františka z Assisi, Praha-Chodov","Praha 11","Římskokatolická farnost u kostela sv. Františka z Assisi Praha-Chodov","2016-11-08","https://bohosluzby.dravec.org/kostel/1000100/"
"30003504395574","farní kostel sv. Bartoloměje, apoštola","Herálec","Římskokatolická farnost Herálec","2016-11-18","https://bohosluzby.dravec.org/kostel/30003504395574/"
"2000120","kaple sv. Josefa, Domov důchodců Pohoda, Turnov","Turnov","Římskokatolická farnost - děkanství Turnov","2017-01-19","https://bohosluzby.dravec.org/kostel/2000120/"
"300074454714","farní kostel sv. Martina, biskupa","Hrochův Týnec","Římskokatolická farnost Hrochův Týnec","2017-02-03","https://bohosluzby.dravec.org/kostel/300074454714/"
"3000717230261","filiální kostel Povýšení svatého kříže","Honbice","Římskokatolická farnost Hrochův Týnec","2017-02-03","https://bohosluzby.dravec.org/kostel/3000717230261/"
"30003362304099","filiální kostel sv. Michaela, archanděla","Trojovice","Římskokatolická farnost Hrochův Týnec","2017-02-03","https://bohosluzby.dravec.org/kostel/30003362304099/"
"2000260","farní kostel sv. Jakuba apoštola, Čížkovice","Čížkovice","Římskokatolická farnost Čížkovice","2017-03-16","https://bohosluzby.dravec.org/kostel/2000260/"
"2000165","děkanský kostel sv. Bartoloměje, Dobrovice","Dobrovice","Římskokatolická farnost - děkanství Dobrovice","2017-03-17","https://bohosluzby.dravec.org/kostel/2000165/"
"2000570","farní kostel sv. Otmara, Hoštka","Hoštka","Římskokatolická farnost Hoštka","2017-03-20","https://bohosluzby.dravec.org/kostel/2000570/"
"2000587","kaple Panny Marie, Vysoká Jedle","Místo","Římskokatolická farnost - děkanství Chomutov","2017-03-20","https://bohosluzby.dravec.org/kostel/2000587/"
"2000272","farní kostel sv. Václava, Křesín","Křesín","Římskokatolická farnost Křesín","2017-03-24","https://bohosluzby.dravec.org/kostel/2000272/"
"200092","farní kostel sv. Stanislava z Krakova, Loukov u Semil","Háje nad Jizerou","Římskokatolická farnost Loukov u Semil","2017-03-28","https://bohosluzby.dravec.org/kostel/200092/"
"2000169","filiální kostel sv. Jiří, Hradsko","Mšeno","Římskokatolická farnost Mšeno u Mělníka","2017-03-29","https://bohosluzby.dravec.org/kostel/2000169/"
"2000352","kaple Nejsvětější Trojice, Rádlo","Rádlo","Římskokatolická farnost Rychnov u Jablonce nad Nisou","2017-03-30","https://bohosluzby.dravec.org/kostel/2000352/"
"20001833","Domov pro seniory, Vroutek","Vroutek","Římskokatolická farnost Vroutek","2017-03-31","https://bohosluzby.dravec.org/kostel/20001833/"
"8000353103581","kostel farní Nejsvětějšího Srdce Páně","Husovice, Brno","Římskokatolická farnost u kostela Nejsvětějšího Srdce Páně, Brno - Husovice","2017-09-25","https://bohosluzby.dravec.org/kostel/8000353103581/"
"80002420699120","kostel filiální Neposkvrněného početí Panny Marie","Soběšice, Brno","Římskokatolická farnost u kostela Nejsvětějšího Srdce Páně, Brno - Husovice","2017-09-25","https://bohosluzby.dravec.org/kostel/80002420699120/"
"80003382402656","kostel farní sv. Stanislav","Bošovice","Římskokatolická farnost Bošovice","2017-09-25","https://bohosluzby.dravec.org/kostel/80003382402656/"
"100071","kaple sv. Michala, Praha-Dejvice","Praha 6","Římskokatolická farnost u kostela sv. Matěje Praha-Dejvice","2017-09-27","https://bohosluzby.dravec.org/kostel/100071/"
"200025","zimní kaple baziliky, Jablonné v Podještědí","Jablonné v Podještědí","Římskokatolická farnost - děkanství Jablonné v Podještědí","2017-10-10","https://bohosluzby.dravec.org/kostel/200025/"
"10001803","kaple sv. Jana Nepomuckého","Chmelná","Římskokatolická farnost Čechtice","2017-10-30","https://bohosluzby.dravec.org/kostel/10001803/"
"1000466","filiální kostel sv. Jana Nepomuckého, Cerhenice","Cerhenice","Římskokatolická farnost Pečky","2017-11-30","https://bohosluzby.dravec.org/kostel/1000466/"
"3000429530173","filiální kostel sv. Václava, mučedníka","Malešov","Římskokatolická farnost Bykáň","2017-12-08","https://bohosluzby.dravec.org/kostel/3000429530173/"
"30001892639120","filiální kostel (bývalý farní) sv. Markéty, panny a mučednice","Křesetice","Římskokatolická farnost Bykáň","2017-12-08","https://bohosluzby.dravec.org/kostel/30001892639120/"
"30003631587093","farní kostel Nanebevzetí Panny Marie","Bykáň, Křesetice","Římskokatolická farnost Bykáň","2017-12-08","https://bohosluzby.dravec.org/kostel/30003631587093/"
"30004050728684","farní kostel sv. Matouše, apoštola a evangelisty","Třebonín","Římskokatolická farnost Třebonín","2017-12-08","https://bohosluzby.dravec.org/kostel/30004050728684/"
"10009","klášterní kostel sv. Karla Boromejského, Praha-Malá Strana","Praha 1","Římskokatolická farnost u kostela sv. Tomáše Praha-Malá Strana","2018-01-11","https://bohosluzby.dravec.org/kostel/10009/"
"1000895","kaple sv. Terezie z Kalkaty, Praha-Chodov","Praha 11","Římskokatolická farnost u kostela sv. Františka z Assisi Praha-Chodov","2018-02-13","https://bohosluzby.dravec.org/kostel/1000895/"
"1000883","Prostor ticha","Praha 5","Římskokatolická farnost u kostela Nejsvětější Trojice Praha-Košíře","2018-03-06","https://bohosluzby.dravec.org/kostel/1000883/"
"1000904","kaple Domova seniorů, Jenštejn","Jenštejn","Římskokatolická farnost Brandýs nad Labem","2018-03-13","https://bohosluzby.dravec.org/kostel/1000904/"
"10001816","bohoslužební místo v Domově pro seniory Hortenzie","Bořanovice","Římskokatolická farnost Odolena Voda","2018-03-13","https://bohosluzby.dravec.org/kostel/10001816/"
"10001822","bohoslužební místo v Domově seniorů Jankov","Jankov","Římskokatolická farnost Votice","2018-03-13","https://bohosluzby.dravec.org/kostel/10001822/"
"10001827","bohoslužební místo v Domově seniorů Na Výsluní, Hořovice","Hořovice","Římskokatolická farnost Hořovice","2018-03-13","https://bohosluzby.dravec.org/kostel/10001827/"
"10001829","bohoslužební místo v Domově seniorů Hostomice-Zátor","Hostomice","Římskokatolická farnost Hořovice","2018-03-13","https://bohosluzby.dravec.org/kostel/10001829/"
"10001832","bohoslužební místo v Domově V Zahradách","Zdice","Římskokatolická farnost Žebrák","2018-03-13","https://bohosluzby.dravec.org/kostel/10001832/"
"10001764","bohoslužební místo v DPS Senior","Říčany","Římskokatolická farnost Říčany u Prahy","2018-03-14","https://bohosluzby.dravec.org/kostel/10001764/"
"10001765","bohoslužební místo v Domově Pod Kavčí Skálou","Říčany","Římskokatolická farnost Říčany u Prahy","2018-03-14","https://bohosluzby.dravec.org/kostel/10001765/"
"1000897","Ekumenická kaple Domu kněžny Emmy, Neratovice","Neratovice","Římskokatolická farnost Neratovice","2018-03-27","https://bohosluzby.dravec.org/kostel/1000897/"
"10001883","kaple Domova seniorů Dobříš","Dobříš","Římskokatolická farnost Dobříš","2018-03-27","https://bohosluzby.dravec.org/kostel/10001883/"
"10001885","bohoslužební místo v Masarykově sanatoriu Dobříš","Dobříš","Římskokatolická farnost Dobříš","2018-03-27","https://bohosluzby.dravec.org/kostel/10001885/"
"1000900","kaple v Diakonii ČCE, Krabčice","Krabčice","Římskokatolická farnost Roudnice nad Labem","2018-03-28","https://bohosluzby.dravec.org/kostel/1000900/"
"1000901","bohoslužební místo v Domově důchodců, Roudnice nad Labem","Roudnice nad Labem","Římskokatolická farnost Roudnice nad Labem","2018-03-28","https://bohosluzby.dravec.org/kostel/1000901/"
"10001888","bohoslužební místo v Domově Sedlčany","Sedlčany","Římskokatolická farnost Sedlčany","2018-03-28","https://bohosluzby.dravec.org/kostel/10001888/"
"10001889","bohoslužební místo v Domově seniorů Vojkov","Vojkov","Římskokatolická farnost Sedlčany","2018-03-28","https://bohosluzby.dravec.org/kostel/10001889/"
"10001894","bohoslužební místo v Domově seniorů Nové Strašecí","Nové Strašecí","Římskokatolická farnost Nové Strašecí","2018-03-29","https://bohosluzby.dravec.org/kostel/10001894/"
"10001757","bohoslužební místo v DPS Straškov","Straškov-Vodochody","Římskokatolická farnost Roudnice nad Labem","2018-04-03","https://bohosluzby.dravec.org/kostel/10001757/"
"10001908","bohoslužební místo v Domově ve Vlašimi","Vlašim","Římskokatolická farnost Vlašim","2018-04-05","https://bohosluzby.dravec.org/kostel/10001908/"
"80004030718594","kostel farní sv. Cyrila a Metoděje","Bílovice nad Svitavou","Římskokatolická farnost Bílovice nad Svitavou","2018-05-07","https://bohosluzby.dravec.org/kostel/80004030718594/"
"1000175","kaple sv. Anny, Osečany","Osečany","Římskokatolická farnost Křečovice","2018-08-17","https://bohosluzby.dravec.org/kostel/1000175/"
"1000751","filiální kostel sv. Floriána, Lázně Toušeň","Lázně Toušeň","Římskokatolická farnost Brandýs nad Labem","2018-09-18","https://bohosluzby.dravec.org/kostel/1000751/"
"1000844","filiální kostel sv. Bartoloměje, Trhový Štěpánov","Trhový Štěpánov","Římskokatolická farnost Hrádek","2018-09-25","https://bohosluzby.dravec.org/kostel/1000844/"
"100017","farní kostel Panny Marie Sněžné, Praha-Nové Město","Praha 1","Římskokatolická farnost u kostela Panny Marie Sněžné Praha-Nové Město","2018-10-25","https://bohosluzby.dravec.org/kostel/100017/"
"3000414606410","filiální kostel Proměnění Páně","Chlum, Všestary","Římskokatolická farnost Všestary","2018-11-20","https://bohosluzby.dravec.org/kostel/3000414606410/"
"30001838775601","filiální kostel Nanebevzetí Panny Marie","Neděliště","Římskokatolická farnost Všestary","2018-11-20","https://bohosluzby.dravec.org/kostel/30001838775601/"
"30001876234337","farní kostel Nejsvětější Trojice","Všestary","Římskokatolická farnost Všestary","2018-11-20","https://bohosluzby.dravec.org/kostel/30001876234337/"
"10001720","farní kostel sv. Jana Křtitele, Smolotely","Smolotely","Římskokatolická farnost Maková-Smolotely","2018-11-28","https://bohosluzby.dravec.org/kostel/10001720/"
"1000760","farní kostel sv. Petra a Pavla, Jirny","Jirny","Římskokatolická farnost Jirny","2018-12-11","https://bohosluzby.dravec.org/kostel/1000760/"
"10002652","bohoslužební místo v Domově pro seniory ANNA Český Brod","Český Brod","Římskokatolická farnost Český Brod","2019-01-07","https://bohosluzby.dravec.org/kostel/10002652/"
"1000368","kaple sv. Prokopa, Otvovice","Otvovice","Římskokatolická farnost Roztoky u Prahy","2019-02-20","https://bohosluzby.dravec.org/kostel/1000368/"
"1000573","filiální kostel sv. Klementa, Chržín","Chržín","Římskokatolická farnost Kralupy nad Vltavou","2019-02-20","https://bohosluzby.dravec.org/kostel/1000573/"
"2000333","arciděkanský kostel sv. Antonína Velikého, Liberec","Liberec","Římskokatolická farnost - arciděkanství Liberec","2019-03-14","https://bohosluzby.dravec.org/kostel/2000333/"
"2000334","filiální kostel sv. Bonifáce, Liberec-Dolní Hanychov","Liberec","Římskokatolická farnost - děkanství Liberec - Rochlice","2019-03-14","https://bohosluzby.dravec.org/kostel/2000334/"
"2000337","farní kostel sv. Antonína Paduánského, Liberec-Ruprechtice","Liberec","Římskokatolická farnost Liberec - Ruprechtice","2019-03-14","https://bohosluzby.dravec.org/kostel/2000337/"
"2000547","filiální kostel Nalezení sv. Kříže, Liberec","Liberec","Římskokatolická farnost - arciděkanství Liberec","2019-03-14","https://bohosluzby.dravec.org/kostel/2000547/"
"200030","farní kostel sv. Máří Magdalény, Mařenice","Mařenice","Římskokatolická farnost Mařenice","2019-03-15","https://bohosluzby.dravec.org/kostel/200030/"
"2000122","farní kostel sv. Martina, Libuň","Libuň","Římskokatolická farnost Libuň","2019-03-15","https://bohosluzby.dravec.org/kostel/2000122/"
"2000177","farní kostel sv. Havla, Liběchov","Liběchov","Římskokatolická farnost Liběchov","2019-03-15","https://bohosluzby.dravec.org/kostel/2000177/"
"2000178","farní kostel Nanebevzetí Panny Marie, Loučeň","Loučeň","Římskokatolická farnost Loučeň","2019-03-15","https://bohosluzby.dravec.org/kostel/2000178/"
"2000273","děkanský kostel Všech svatých, Libochovice","Libochovice","Římskokatolická farnost - děkanství Libochovice","2019-03-15","https://bohosluzby.dravec.org/kostel/2000273/"
"2000285","filiální kostel Nejsvětější Trojice, Sulejovice","Sulejovice","Římskokatolická farnost Lovosice","2019-03-15","https://bohosluzby.dravec.org/kostel/2000285/"
"2000339","farní kostel Navštívení Panny Marie, Lučany nad Nisou","Lučany nad Nisou","Římskokatolická farnost Lučany nad Nisou","2019-03-15","https://bohosluzby.dravec.org/kostel/2000339/"
"2000430","farní kostel Nanebevzetí Panny Marie, Liběšice","Liběšice","Římskokatolická farnost Liběšice u Litoměřic","2019-03-15","https://bohosluzby.dravec.org/kostel/2000430/"
"2000485","farní kostel sv. Martina a Navštívení Panny Marie, Liběšice","Liběšice","Římskokatolická farnost Liběšice u Žatce","2019-03-15","https://bohosluzby.dravec.org/kostel/2000485/"
"2000490","farní kostel Nanebevzetí Panny Marie, Libořice","Libořice","Římskokatolická farnost Libořice","2019-03-15","https://bohosluzby.dravec.org/kostel/2000490/"
"2000491","kaple Nejsvětější Trojice, Liběšovice","Blšany","Římskokatolická farnost Libořice","2019-03-15","https://bohosluzby.dravec.org/kostel/2000491/"
"2000492","filiální kostel Neposkvrněného Početí Panny Marie, Siřem","Blšany","Římskokatolická farnost Libořice","2019-03-15","https://bohosluzby.dravec.org/kostel/2000492/"
"2000548","farní kostel Nanebevzetí Panny Marie, Horní Jiřetín","Horní Jiřetín","Římskokatolická farnost Horní Jiřetín","2019-03-15","https://bohosluzby.dravec.org/kostel/2000548/"
"2000549","děkanský kostel sv. Michaela archanděla, Litvínov","Litvínov","Římskokatolická farnost - děkanství Litvínov","2019-03-15","https://bohosluzby.dravec.org/kostel/2000549/"
"2000579","farní kostel Nejsvětější Trojice, Loukov","Loukov","Římskokatolická farnost Loukov u Mnichova Hradiště","2019-03-15","https://bohosluzby.dravec.org/kostel/2000579/"
"2000586","farní kostel Panny Marie Bolestné, Mariánské Radčice","Mariánské Radčice","Římskokatolická farnost Mariánské Radčice","2019-03-15","https://bohosluzby.dravec.org/kostel/2000586/"
"2000648","filiální kostel sv. Jana Křtitele, Byšice","Byšice","Římskokatolická farnost Liblice","2019-03-15","https://bohosluzby.dravec.org/kostel/2000648/"
"2000774","farní kostel Tří králů, Libouchec","Libouchec","Římskokatolická farnost Libouchec","2019-03-15","https://bohosluzby.dravec.org/kostel/2000774/"
"20001012","děkanský kostel sv. Šimona a Judy, Lipová","Lipová","Římskokatolická farnost - děkanství Lipová","2019-03-15","https://bohosluzby.dravec.org/kostel/20001012/"
"20001016","farní kostel Navštívení Panny Marie, Lobendava","Lobendava","Římskokatolická farnost Lobendava","2019-03-15","https://bohosluzby.dravec.org/kostel/20001016/"
"30001737240976","kaple sv. Josefa","Hradec Králové","Římskokatolická farnost u katedrály Svatého Ducha Hradec Králové","2019-03-18","https://bohosluzby.dravec.org/kostel/30001737240976/"
"30002701299499","filiální kostel (bývalý farní) sv. Josefa","Dubenec","Římskokatolická farnost Dvůr Králové nad Labem","2019-03-18","https://bohosluzby.dravec.org/kostel/30002701299499/"
"200031","farní kostel sv. Petra a Pavla, Mimoň","Mimoň","Římskokatolická farnost Mimoň","2019-03-19","https://bohosluzby.dravec.org/kostel/200031/"
"200077","proboštský kostel sv. Petra a Pavla, Mělník","Mělník","Římskokatolická farnost - proboštství Mělník","2019-03-19","https://bohosluzby.dravec.org/kostel/200077/"
"200094","farní kostel sv. Jiljí, Mladějov","Mladějov","Římskokatolická farnost Mladějov","2019-03-19","https://bohosluzby.dravec.org/kostel/200094/"
"2000180","farní kostel sv. Václava, Mcely","Mcely","Římskokatolická farnost Mcely","2019-03-19","https://bohosluzby.dravec.org/kostel/2000180/"
"2000380","děkanský kostel Nanebevzetí Panny Marie, Mašťov","Mašťov","Římskokatolická farnost - děkanství Mašťov","2019-03-19","https://bohosluzby.dravec.org/kostel/2000380/"
"20001048","farní kostel sv. Mikuláše, Mikulášovice","Mikulášovice","Římskokatolická farnost Mikulášovice","2019-03-19","https://bohosluzby.dravec.org/kostel/20001048/"
"3000457958561","farní kostel sv. Františka Serafinského","Golčův Jeníkov","Římskokatolická farnost Golčův Jeníkov","2019-03-19","https://bohosluzby.dravec.org/kostel/3000457958561/"
"30002087262690","farní kostel Panny Marie Sedmibolestné","Bílé Předměstí (Pardubice I), Pardubice","Řeckokatolická farnost v Pardubicích","2019-03-19","https://bohosluzby.dravec.org/kostel/30002087262690/"
"30003701408967","klášterní kostel Nejsvětějšího Srdce Ježíšova (v klášteře sester voršilek)","Kutná Hora-Vnitřní Město, Kutná Hora","Římskokatolická farnost – arciděkanství Kutná Hora","2019-03-19","https://bohosluzby.dravec.org/kostel/30003701408967/"
"200050","farní kostel sv. Šimona a Judy, Ústí nad Labem-Mojžíř","Ústí nad Labem","Římskokatolická farnost Mojžíř","2019-03-20","https://bohosluzby.dravec.org/kostel/200050/"
"2000108","farní kostel Narození Panny Marie, Osenice","Dětenice","Římskokatolická farnost Osenice","2019-03-20","https://bohosluzby.dravec.org/kostel/2000108/"
"2000109","farní kostel sv. Václava, Paseky nad Jizerou","Paseky nad Jizerou","Římskokatolická farnost Paseky nad Jizerou","2019-03-20","https://bohosluzby.dravec.org/kostel/2000109/"
"2000157","filiální kostel sv. Prokopa, Mukov","Hrobčice","Římskokatolická farnost Mrzlice","2019-03-20","https://bohosluzby.dravec.org/kostel/2000157/"
"2000185","farní kostel sv. Martina, Mšeno u Mělníka","Mšeno","Římskokatolická farnost Mšeno u Mělníka","2019-03-20","https://bohosluzby.dravec.org/kostel/2000185/"
"2000186","farní kostel sv. Šimona a Judy, Plazy","Plazy","Římskokatolická farnost Plazy","2019-03-20","https://bohosluzby.dravec.org/kostel/2000186/"
"2000229","děkanský kostel Nanebevzetí Panny Marie, Postoloprty","Postoloprty","Římskokatolická farnost - děkanství Postoloprty","2019-03-20","https://bohosluzby.dravec.org/kostel/2000229/"
"2000235","farní kostel sv. Václava, Most","Most","Římskokatolická farnost - děkanství Most - in urbe","2019-03-20","https://bohosluzby.dravec.org/kostel/2000235/"
"2000350","farní kostel Narození sv. Jana Křtitele, Polubný","Kořenov","Římskokatolická farnost Polubný","2019-03-20","https://bohosluzby.dravec.org/kostel/2000350/"
"2000351","farní kostel sv. Víta, Příchovice","Kořenov","Římskokatolická farnost Příchovice","2019-03-20","https://bohosluzby.dravec.org/kostel/2000351/"
"2000464","farní kostel Nanebevzetí Panny Marie, Opočno","Opočno","Římskokatolická farnost Opočno","2019-03-20","https://bohosluzby.dravec.org/kostel/2000464/"
"2000541","farní kostel Navštívení Panny Marie, Moldava","Moldava","Římskokatolická farnost Moldava","2019-03-20","https://bohosluzby.dravec.org/kostel/2000541/"
"2000573","děkanský kostel sv. Jakuba apoštola, Mnichovo Hradiště","Mnichovo Hradiště","Římskokatolická farnost - děkanství Mnichovo Hradiště","2019-03-20","https://bohosluzby.dravec.org/kostel/2000573/"
"2000627","farní kostel Nejsvětější Trojice, Polevsko","Polevsko","Římskokatolická farnost Polevsko","2019-03-20","https://bohosluzby.dravec.org/kostel/2000627/"
"2000658","farní kostel sv. Jiljí, Nebužely","Nebužely","Římskokatolická farnost Nebužely","2019-03-20","https://bohosluzby.dravec.org/kostel/2000658/"
"2000710","farní kostel sv. Vavřince, Mukařov ","Mukařov","Římskokatolická farnost Mukařov u Mladé Boleslavi","2019-03-20","https://bohosluzby.dravec.org/kostel/2000710/"
"2000714","filiální kostel Narození Panny Marie, Klášter Hradiště nad Jizerou","Klášter Hradiště nad Jizerou","Římskokatolická farnost - děkanství Mnichovo Hradiště","2019-03-20","https://bohosluzby.dravec.org/kostel/2000714/"
"2000779","farní kostel sv. Josefa, Ústí nad Labem-Předlice","Ústí nad Labem","Římskokatolická farnost Předlice","2019-03-20","https://bohosluzby.dravec.org/kostel/2000779/"
"1000172","kaple sv. Jana Nepomuckého, Ostředek","Ostředek","Římskokatolická farnost Poříčí nad Sázavou","2019-03-25","https://bohosluzby.dravec.org/kostel/1000172/"
"200051","filiální kostel Navštívení Panny Marie, Povrly","Povrly","Římskokatolická farnost Roztoky","2019-03-26","https://bohosluzby.dravec.org/kostel/200051/"
"200056","farní kostel Nejsvětější Trojice, Řehlovice","Řehlovice","Římskokatolická farnost Řehlovice","2019-03-26","https://bohosluzby.dravec.org/kostel/200056/"
"2000112","farní kostel sv. Václava, Rovensko pod Troskami","Rovensko pod Troskami","Římskokatolická farnost Rovensko pod Troskami","2019-03-26","https://bohosluzby.dravec.org/kostel/2000112/"
"2000188","děkanský kostel sv. Havla, Rožďalovice","Rožďalovice","Římskokatolická farnost - děkanství Rožďalovice","2019-03-26","https://bohosluzby.dravec.org/kostel/2000188/"
"2000355","farní kostel sv. Václava, Rychnov u Jablonce nad Nisou","Rychnov u Jablonce nad Nisou","Římskokatolická farnost Rychnov u Jablonce nad Nisou","2019-03-26","https://bohosluzby.dravec.org/kostel/2000355/"
"2000398","děkanský kostel sv. Bartoloměje, Rumburk","Rumburk","Římskokatolická farnost - děkanství Rumburk","2019-03-26","https://bohosluzby.dravec.org/kostel/2000398/"
"2000411","farní kostel sv. Petra a Pavla, Růžová","Růžová","Římskokatolická farnost Růžová","2019-03-26","https://bohosluzby.dravec.org/kostel/2000411/"
"2000653","farní kostel Panny Marie Vítězné, Řepín","Řepín","Římskokatolická farnost Řepín","2019-03-26","https://bohosluzby.dravec.org/kostel/2000653/"
"200032","farní kostel sv. Zikmunda, Stráž pod Ralskem","Stráž pod Ralskem","Římskokatolická farnost Stráž pod Ralskem","2019-03-27","https://bohosluzby.dravec.org/kostel/200032/"
"200042","farní kostel sv. Anny, Skalice","Skalice u České Lípy","Římskokatolická farnost Skalice","2019-03-27","https://bohosluzby.dravec.org/kostel/200042/"
"2000113","děkanský kostel sv. Petra a Pavla, Semily","Semily","Římskokatolická farnost - děkanství Semily","2019-03-27","https://bohosluzby.dravec.org/kostel/2000113/"
"2000116","děkanský kostel sv. Máří Magdalény, Sobotka","Sobotka","Římskokatolická farnost - děkanství Sobotka","2019-03-27","https://bohosluzby.dravec.org/kostel/2000116/"
"2000192","farní kostel sv. Bartoloměje, Strenice","Strenice","Římskokatolická farnost Strenice","2019-03-27","https://bohosluzby.dravec.org/kostel/2000192/"
"2000255","farní kostel sv. Václava, Staňkovice","Staňkovice","Římskokatolická farnost Staňkovice u Žatce","2019-03-27","https://bohosluzby.dravec.org/kostel/2000255/"
"2000286","farní kostel sv. Šimona a Judy, Štětí","Štětí","Římskokatolická farnost Štětí nad Labem","2019-03-27","https://bohosluzby.dravec.org/kostel/2000286/"
"2000358","farní kostel sv. Kateřiny Alexandrijské, Stráž nad Nisou","Stráž nad Nisou","Římskokatolická farnost Stráž nad Nisou","2019-03-27","https://bohosluzby.dravec.org/kostel/2000358/"
"2000360","farní kostel sv. Františka z Assisi, Šumburk nad Desnou","Tanvald - Šumburk nad Desnou","Římskokatolická farnost Šumburk nad Desnou (Tanvald)","2019-03-27","https://bohosluzby.dravec.org/kostel/2000360/"
"2000412","farní kostel sv. Václava, Srbská Kamenice","Srbská Kamenice","Římskokatolická farnost Srbská Kamenice","2019-03-27","https://bohosluzby.dravec.org/kostel/2000412/"
"2000564","farní kostel sv. Jakuba Staršího, Světec","Světec","Římskokatolická farnost Světec u Bíliny","2019-03-27","https://bohosluzby.dravec.org/kostel/2000564/"
"2000626","farní kostel sv. Kateřiny Alexandrijské, Sloup v Čechách","Sloup v Čechách","Římskokatolická farnost Sloup v Čechách","2019-03-27","https://bohosluzby.dravec.org/kostel/2000626/"
"20001093","farní kostel sv. Jana Nepomuckého, Staré Křečany","Staré Křečany","Římskokatolická farnost Staré Křečany","2019-03-27","https://bohosluzby.dravec.org/kostel/20001093/"
"200013","farní kostel sv. Havla, Tuhaň","Tuhaň","Římskokatolická farnost Tuhaň","2019-03-28","https://bohosluzby.dravec.org/kostel/200013/"
"200048","farní kostel sv. Floriána, Ústí nad Labem-Krásné Březno","Ústí nad Labem","Římskokatolická farnost Ústí nad Labem - Krásné Březno","2019-03-28","https://bohosluzby.dravec.org/kostel/200048/"
"200054","farní kostel Narození Panny Marie, Trmice","Trmice","Římskokatolická farnost Trmice","2019-03-28","https://bohosluzby.dravec.org/kostel/200054/"
"200058","arciděkanský kostel Nanebevzetí Panny Marie, Ústí nad Labem","Ústí nad Labem","Římskokatolická farnost - arciděkanství Ústí nad Labem","2019-03-28","https://bohosluzby.dravec.org/kostel/200058/"
"200065","farní kostel Nejsvětější Trojice, Ústí nad Labem-Střekov","Ústí nad Labem-Střekov","Římskokatolická farnost Ústí nad Labem - Střekov","2019-03-28","https://bohosluzby.dravec.org/kostel/200065/"
"2000117","děkanský kostel sv. Mikuláše, Turnov","Turnov","Římskokatolická farnost - děkanství Turnov","2019-03-28","https://bohosluzby.dravec.org/kostel/2000117/"
"2000118","filiální kostel sv. Františka z Assisi, Turnov","Turnov","Římskokatolická farnost - děkanství Turnov","2019-03-28","https://bohosluzby.dravec.org/kostel/2000118/"
"2000119","filiální kostel Narození Panny Marie, Turnov","Turnov","Římskokatolická farnost - děkanství Turnov","2019-03-28","https://bohosluzby.dravec.org/kostel/2000119/"
"2000121","farní kostel sv. Jana Křtitele, Újezd pod Troskami","Újezd pod Troskami","Římskokatolická farnost Újezd pod Troskami","2019-03-28","https://bohosluzby.dravec.org/kostel/2000121/"
"2000136","farní kostel sv. Alžběty Uherské, Teplice-Šanov","Teplice","Římskokatolická farnost Teplice - Šanov","2019-03-28","https://bohosluzby.dravec.org/kostel/2000136/"
"2000292","farní kostel Vzkříšení Páně, Terezín","Terezín","Římskokatolická farnost Terezín","2019-03-28","https://bohosluzby.dravec.org/kostel/2000292/"
"2000295","farní kostel Narození Panny Marie, Třebenice","Třebenice","Římskokatolická farnost Třebenice","2019-03-28","https://bohosluzby.dravec.org/kostel/2000295/"
"2000297","farní kostel sv. Václava, Třebívlice","Třebívlice","Římskokatolická farnost Třebívlice","2019-03-28","https://bohosluzby.dravec.org/kostel/2000297/"
"2000414","farní kostel Stětí sv. Jana Křtitele, Těchlovice","Těchlovice","Římskokatolická farnost Těchlovice","2019-03-28","https://bohosluzby.dravec.org/kostel/2000414/"
"2000432","děkanský kostel sv. Petra a Pavla, Úštěk","Úštěk","Římskokatolická farnost - děkanství Úštěk","2019-03-28","https://bohosluzby.dravec.org/kostel/2000432/"
"2000553","děkanský kostel sv. Jana Křtitele, Teplice","Teplice","Římskokatolická farnost - děkanství Teplice v Čechách","2019-03-28","https://bohosluzby.dravec.org/kostel/2000553/"
"2000743","farní kostel sv. Vavřince, Tatobity","Tatobity","Římskokatolická farnost Tatobity","2019-03-28","https://bohosluzby.dravec.org/kostel/2000743/"
"2000777","farní kostel sv. Anny, Tisá","Tisá","Římskokatolická farnost Tisá","2019-03-28","https://bohosluzby.dravec.org/kostel/2000777/"
"2000797","klášterní kostel sv. Vojtěcha, Ústí nad Labem","Ústí nad Labem","Římskokatolická farnost - arciděkanství Ústí nad Labem","2019-03-28","https://bohosluzby.dravec.org/kostel/2000797/"
"200078","farní kostel Narození Panny Marie, Záboří","Záboří","Římskokatolická farnost Záboří","2019-03-29","https://bohosluzby.dravec.org/kostel/200078/"
"200081","farní kostel sv. Václava, Vysoká u Mělníka","Vysoká","Římskokatolická farnost Vysoká u Mělníka","2019-03-29","https://bohosluzby.dravec.org/kostel/200081/"
"2000129","farní kostel Nanebevzetí Panny Marie, Vyskeř","Vyskeř","Římskokatolická farnost Vyskeř","2019-03-29","https://bohosluzby.dravec.org/kostel/2000129/"
"2000130","farní kostel sv. Kateřiny Alexandrijské, Vysoké nad Jizerou","Vysoké nad Jizerou","Římskokatolická farnost Vysoké nad Jizerou","2019-03-29","https://bohosluzby.dravec.org/kostel/2000130/"
"2000133","farní kostel sv. Martina, Zlatá Olešnice","Zlatá Olešnice","Římskokatolická farnost Zlatá Olešnice","2019-03-29","https://bohosluzby.dravec.org/kostel/2000133/"
"2000236","filiální kostel sv. Jiljí, Bečov","Bečov","Římskokatolická farnost Vtelno u Mostu","2019-03-29","https://bohosluzby.dravec.org/kostel/2000236/"
"2000237","farní kostel Povýšení sv. Kříže, Vtelno","Most","Římskokatolická farnost Vtelno u Mostu","2019-03-29","https://bohosluzby.dravec.org/kostel/2000237/"
"2000250","farní kostel sv. Václava, Velká Černoc","Velká Černoc","Římskokatolická farnost Velká Černoc","2019-03-29","https://bohosluzby.dravec.org/kostel/2000250/"
"2000252","filiální kostel sv. Václava, Žatec","Žatec","Římskokatolická farnost - děkanství Žatec","2019-03-29","https://bohosluzby.dravec.org/kostel/2000252/"
"2000253","klášterní kostel Korunování Panny Marie, Žatec","Žatec","Římskokatolická farnost - děkanství Žatec","2019-03-29","https://bohosluzby.dravec.org/kostel/2000253/"
"2000254","děkanský kostel Nanebevzetí Panny Marie, Žatec","Žatec","Římskokatolická farnost - děkanství Žatec","2019-03-29","https://bohosluzby.dravec.org/kostel/2000254/"
"2000308","kaple sv. Jana Nepomuckého, Černousy","Černousy","Římskokatolická farnost Ves u Frýdlantu","2019-03-29","https://bohosluzby.dravec.org/kostel/2000308/"
"2000349","filiální kostel sv. Jošta, Dolní Pertoltice","Pertoltice","Římskokatolická farnost Ves u Frýdlantu","2019-03-29","https://bohosluzby.dravec.org/kostel/2000349/"
"2000363","farní kostel sv. Vavřince, Ves","Černousy","Římskokatolická farnost Ves u Frýdlantu","2019-03-29","https://bohosluzby.dravec.org/kostel/2000363/"
"2000466","farní kostel sv. Jiljí, Vinařice","Vinařice","Římskokatolická farnost Vinařice","2019-03-29","https://bohosluzby.dravec.org/kostel/2000466/"
"2000496","farní kostel sv. Mikuláše, Želeč","Měcholupy","Římskokatolická farnost Želeč","2019-03-29","https://bohosluzby.dravec.org/kostel/2000496/"
"2000568","filiální kostel sv. Mikuláše, Lounky","Chodouny","Římskokatolická farnost Vetlá","2019-03-29","https://bohosluzby.dravec.org/kostel/2000568/"
"2000575","farní kostel sv. Filipa a Jakuba, Všeň","Všeň","Římskokatolická farnost Všeň","2019-03-29","https://bohosluzby.dravec.org/kostel/2000575/"
"2000581","kaple Navštívení Panny Marie, Žďár","Žďár","Římskokatolická farnost Všeň","2019-03-29","https://bohosluzby.dravec.org/kostel/2000581/"
"2000624","farní kostel sv. Petra a Pavla, Volfartice","Volfartice","Římskokatolická farnost Volfartice","2019-03-29","https://bohosluzby.dravec.org/kostel/2000624/"
"2000625","děkanský kostel sv. Fabiána a Šebestiána, Zákupy","Zákupy","Římskokatolická farnost - děkanství Zákupy","2019-03-29","https://bohosluzby.dravec.org/kostel/2000625/"
"20001011","farní kostel sv. Bartoloměje, Velký Šenov","Velký Šenov","Římskokatolická farnost Velký Šenov","2019-03-29","https://bohosluzby.dravec.org/kostel/20001011/"
"20001120","děkanský kostel sv. Petra a Pavla, Varnsdorf","Varnsdorf","Římskokatolická farnost - děkanství Varnsdorf","2019-03-29","https://bohosluzby.dravec.org/kostel/20001120/"
"20001131","filiální kostel Nanebevzetí Panny Marie, Vilémov","Vilémov","Římskokatolická farnost Velký Šenov","2019-03-29","https://bohosluzby.dravec.org/kostel/20001131/"
"20001861","farní kostel Všech svatých, Vejprty","Vejprty","Římskokatolická farnost Vejprty","2019-03-29","https://bohosluzby.dravec.org/kostel/20001861/"
"20001862","filiální kostel Nejsvětějšího Srdce Ježíšova, Nové Zvolání","Vejprty - Nové Zvolání","Římskokatolická farnost Vejprty","2019-03-29","https://bohosluzby.dravec.org/kostel/20001862/"
"20001863","filiální kostel sv. Alžběty Uherské, České Hamry","Vejprty - České Hamry","Římskokatolická farnost Vejprty","2019-03-29","https://bohosluzby.dravec.org/kostel/20001863/"
"20001864","filiální kostel sv. Michaela archanděla, Kovářská","Kovářská","Římskokatolická farnost Vejprty","2019-03-29","https://bohosluzby.dravec.org/kostel/20001864/"
"20001865","filiální kostel sv. Marka, Kovářská","Kovářská","Římskokatolická farnost Vejprty","2019-03-29","https://bohosluzby.dravec.org/kostel/20001865/"
"20001866","filiální kostel sv. Terezie Veliké, Horní Halže","Měděnec - Horní Halže","Římskokatolická farnost Vejprty","2019-03-29","https://bohosluzby.dravec.org/kostel/20001866/"
"20001870","filiální kostel sv. Antonína Paduánského, Černý Potok","Kryštofovy Hamry - Černý Potok","Římskokatolická farnost Vejprty","2019-03-29","https://bohosluzby.dravec.org/kostel/20001870/"
"30002600152908","farní kostel sv. Jana Nepomuckého","Senožaty","Římskokatolická farnost Senožaty","2019-03-30","https://bohosluzby.dravec.org/kostel/30002600152908/"
"1000879","klášterní kostel sv. Kosmy a Damiána, Praha-Nové Město","Praha 2","Římskokatolická farnost u kostela Nejsvětější Trojice v Podskalí Praha-Nové Město","2019-04-03","https://bohosluzby.dravec.org/kostel/1000879/"
"10002788","katedrála sv. Klimenta v Praze","Praha 1","Římskokatolická farnost u kostela sv. Františka z Assisi Praha-Staré Město","2019-04-03","https://bohosluzby.dravec.org/kostel/10002788/"
"200028","farní kostel Narození sv. Jana Křtitele, Kamenický Šenov","Kamenický Šenov","Římskokatolická farnost Kamenický Šenov","2019-04-08","https://bohosluzby.dravec.org/kostel/200028/"
"2000172","farní kostel sv. Jakuba Staršího, Kadlín","Kadlín","Římskokatolická farnost Kadlín","2019-04-08","https://bohosluzby.dravec.org/kostel/2000172/"
"2000173","filiální kostel Nanebevzetí Panny Marie, Katusice","Katusice","Římskokatolická farnost Kováň","2019-04-08","https://bohosluzby.dravec.org/kostel/2000173/"
"2000270","farní kostel Narození sv. Jana Křtitele, Klapý","Klapý","Římskokatolická farnost Klapý","2019-04-08","https://bohosluzby.dravec.org/kostel/2000270/"
"2000379","farní kostel Nejsvětější Trojice, Klášterec nad Ohří","Klášterec nad Ohří","Římskokatolická farnost Klášterec nad Ohří","2019-04-08","https://bohosluzby.dravec.org/kostel/2000379/"
"2000405","farní kostel sv. Máří Magdalény, Kerhartice","Kerhartice","Římskokatolická farnost Kerhartice","2019-04-08","https://bohosluzby.dravec.org/kostel/2000405/"
"2000426","farní kostel sv. Petra a Pavla, Žitenice","Žitenice","Římskokatolická farnost Žitenice","2019-04-08","https://bohosluzby.dravec.org/kostel/2000426/"
"2000694","farní kostel Povýšení sv. Kříže, Kosmonosy","Kosmonosy","Římskokatolická farnost Kosmonosy","2019-04-08","https://bohosluzby.dravec.org/kostel/2000694/"
"2000732","farní kostel sv. Františka z Assisi, Kněžmost","Kněžmost","Římskokatolická farnost Kněžmost","2019-04-08","https://bohosluzby.dravec.org/kostel/2000732/"
"2000987","děkanský kostel Povýšení sv. Kříže, Kadaň","Kadaň","Římskokatolická farnost - děkanství Kadaň","2019-04-08","https://bohosluzby.dravec.org/kostel/2000987/"
"20001117","filiální kostel sv. Havla, Úhošťany","Kadaň","Římskokatolická farnost - děkanství Kadaň","2019-04-08","https://bohosluzby.dravec.org/kostel/20001117/"
"200026","farní kostel sv. Ondřeje, Jestřebí","Jestřebí","Římskokatolická farnost Jestřebí","2019-04-09","https://bohosluzby.dravec.org/kostel/200026/"
"200029","farní kostel Narození Panny Marie, Kravaře","Kravaře","Římskokatolická farnost Kravaře u České Lípy","2019-04-09","https://bohosluzby.dravec.org/kostel/200029/"
"200086","farní kostel sv. Jiří, Jenišovice","Jenišovice","Římskokatolická farnost Jenišovice","2019-04-09","https://bohosluzby.dravec.org/kostel/200086/"
"200087","farní kostel sv. Josefa, Krásná","Pěnčín","Římskokatolická farnost Krásná","2019-04-09","https://bohosluzby.dravec.org/kostel/200087/"
"2000175","farní kostel sv. Jiří, Krnsko","Krnsko","Římskokatolická farnost Krnsko","2019-04-09","https://bohosluzby.dravec.org/kostel/2000175/"
"2000176","farní kostel sv. Jiljí, Křinec","Křinec","Římskokatolická farnost Křinec","2019-04-09","https://bohosluzby.dravec.org/kostel/2000176/"
"2000303","filiální kostel sv. Antonína Paduánského, Bedřichov","Bedřichov","Římskokatolická farnost Janov nad Nisou","2019-04-09","https://bohosluzby.dravec.org/kostel/2000303/"
"2000319","filiální kostel Nejsvětějšího Srdce Ježíšova, Horní Maxov","Horní Maxov","Římskokatolická farnost Smržovka","2019-04-09","https://bohosluzby.dravec.org/kostel/2000319/"
"2000322","děkanský kostel Nejsvětějšího Srdce Ježíšova, Jablonec nad Nisou","Jablonec nad Nisou","Římskokatolická farnost - děkanství Jablonec nad Nisou","2019-04-09","https://bohosluzby.dravec.org/kostel/2000322/"
"2000323","farní kostel sv. Jana Křtitele, Janov nad Nisou","Janov nad Nisou","Římskokatolická farnost Janov nad Nisou","2019-04-09","https://bohosluzby.dravec.org/kostel/2000323/"
"2000327","farní kostel Proměnění Páně, Josefův Důl","Josefův Důl","Římskokatolická farnost Josefův Důl (Údol sv. Josefa)","2019-04-09","https://bohosluzby.dravec.org/kostel/2000327/"
"2000330","farní kostel sv. Kryštofa, Kryštofovo Údolí","Kryštofovo Údolí","Římskokatolická farnost Kryštofovo Údolí","2019-04-09","https://bohosluzby.dravec.org/kostel/2000330/"
"2000372","filiální kostel sv. Václava, Strupčice","Strupčice","Římskokatolická farnost - děkanství Jirkov","2019-04-09","https://bohosluzby.dravec.org/kostel/2000372/"
"2000392","farní kostel Nejsvětější Trojice, Jílové","Jílové","Římskokatolická farnost Jílové u Děčína","2019-04-09","https://bohosluzby.dravec.org/kostel/2000392/"
"2000403","farní kostel sv. Jana Nepomuckého, Jetřichovice","Jetřichovice","Římskokatolická farnost Jetřichovice","2019-04-09","https://bohosluzby.dravec.org/kostel/2000403/"
"2000406","farní kostel sv. Maří Magdalény, Krásná Lípa","Krásná Lípa","Římskokatolická farnost Krásná Lípa u Rumburka","2019-04-09","https://bohosluzby.dravec.org/kostel/2000406/"
"2000408","farní kostel sv. Anny, Jedlka","Malá Veleň","Římskokatolická farnost Jedlka","2019-04-09","https://bohosluzby.dravec.org/kostel/2000408/"
"2000440","farní kostel sv. Jakuba Staršího, Kvítkov","Kvítkov","Římskokatolická farnost Kvítkov","2019-04-09","https://bohosluzby.dravec.org/kostel/2000440/"
"2000528","farní kostel sv. Antonína Paduánského, Kytlice","Kytlice","Římskokatolická farnost Kytlice","2019-04-09","https://bohosluzby.dravec.org/kostel/2000528/"
"2000590","farní kostel sv. Matouše, Křešice u Litoměřic","Křešice","Římskokatolická farnost Křešice u Litoměřic","2019-04-09","https://bohosluzby.dravec.org/kostel/2000590/"
"2000980","filiální kostel sv. Barbory, Otvice","Otvice","Římskokatolická farnost - děkanství Jirkov","2019-04-09","https://bohosluzby.dravec.org/kostel/2000980/"
"2000984","farní kostel sv. Jiří, Jiříkov","Jiříkov","Římskokatolická farnost Jiříkov","2019-04-09","https://bohosluzby.dravec.org/kostel/2000984/"
"2000986","bazilika minor Panny Marie Pomocnice křesťanů, Filipov","Jiříkov","Římskokatolická farnost Jiříkov","2019-04-09","https://bohosluzby.dravec.org/kostel/2000986/"
"20001013","filiální kostel sv. Marka, Sušany","Strupčice","Římskokatolická farnost - děkanství Jirkov","2019-04-09","https://bohosluzby.dravec.org/kostel/20001013/"
"200059","farní kostel sv. Havla, Chlumec","Chlumec","Římskokatolická farnost Chlumec","2019-04-10","https://bohosluzby.dravec.org/kostel/200059/"
"2000241","děkanský kostel Nanebevzetí Panny Marie, Chomutov","Chomutov","Římskokatolická farnost - děkanství Chomutov","2019-04-10","https://bohosluzby.dravec.org/kostel/2000241/"
"2000664","děkanský kostel Nanebevzetí Panny Marie, Chorušice","Chorušice","Římskokatolická farnost - děkanství Chorušice","2019-04-10","https://bohosluzby.dravec.org/kostel/2000664/"
"2000665","filiální kostel sv. Michaela archanděla, Mělnické Vtelno","Mělnické Vtelno","Římskokatolická farnost - děkanství Chorušice","2019-04-10","https://bohosluzby.dravec.org/kostel/2000665/"
"2000672","farní kostel sv. Prokopa, Chotětov","Chotětov","Římskokatolická farnost Chotětov","2019-04-10","https://bohosluzby.dravec.org/kostel/2000672/"
"2000785","farní kostel Narození Panny Marie, Chabařovice","Chabařovice","Římskokatolická farnost Chabařovice","2019-04-10","https://bohosluzby.dravec.org/kostel/2000785/"
"200017","farní kostel sv. Máří Magdalény, Holany","Holany","Římskokatolická farnost Holany","2019-04-11","https://bohosluzby.dravec.org/kostel/200017/"
"200045","filiální kostel sv. Barbory, Zahrádky","Zahrádky","Římskokatolická farnost Holany","2019-04-11","https://bohosluzby.dravec.org/kostel/200045/"
"200084","farní kostel sv. Josefa, Hrubá Skála","Hrubá Skála","Římskokatolická farnost Hrubá Skála","2019-04-11","https://bohosluzby.dravec.org/kostel/200084/"
"2000194","filiální kostel sv. Václava, Sýčina","Dobrovice","Římskokatolická farnost - děkanství Dobrovice","2019-04-11","https://bohosluzby.dravec.org/kostel/2000194/"
"2000263","farní kostel Narození Panny Marie, Doksany","Doksany","Římskokatolická farnost Doksany","2019-04-11","https://bohosluzby.dravec.org/kostel/2000263/"
"2000307","farní kostel sv. Vavřince, Chrastava","Chrastava","Římskokatolická farnost Chrastava","2019-04-11","https://bohosluzby.dravec.org/kostel/2000307/"
"2000311","farní kostel Nanebevzetí Panny Marie, Desná","Desná","Římskokatolická farnost Desná","2019-04-11","https://bohosluzby.dravec.org/kostel/2000311/"
"2000313","farní kostel sv. Vavřince, Dlouhý Most","Dlouhý Most","Římskokatolická farnost Dlouhý Most","2019-04-11","https://bohosluzby.dravec.org/kostel/2000313/"
"2000315","děkanský kostel Nalezení sv. Kříže, Frýdlant","Frýdlant","Římskokatolická farnost - děkanství Frýdlant v Čechách","2019-04-11","https://bohosluzby.dravec.org/kostel/2000315/"
"2000316","farní kostel Navštívení Panny Marie, Hejnice","Hejnice","Římskokatolická farnost Hejnice","2019-04-11","https://bohosluzby.dravec.org/kostel/2000316/"
"2000318","farní kostel sv. Prokopa, Hodkovice nad Mohelkou","Hodkovice nad Mohelkou","Římskokatolická farnost Hodkovice nad Mohelkou","2019-04-11","https://bohosluzby.dravec.org/kostel/2000318/"
"2000321","farní kostel sv. Bartoloměje, Hrádek nad Nisou","Hrádek nad Nisou","Římskokatolická farnost Hrádek nad Nisou","2019-04-11","https://bohosluzby.dravec.org/kostel/2000321/"
"2000388","děkanský kostel Povýšení sv. Kříže, Děčín","Děčín","Římskokatolická farnost - děkanství Děčín I","2019-04-11","https://bohosluzby.dravec.org/kostel/2000388/"
"2000389","filiální kostel sv. Václava a Blažeje, Děčín","Děčín","Římskokatolická farnost - děkanství Děčín I","2019-04-11","https://bohosluzby.dravec.org/kostel/2000389/"
"2000391","farní kostel sv. Františka z Assisi, Děčín","Děčín","Římskokatolická farnost Děčín IV - Podmokly","2019-04-11","https://bohosluzby.dravec.org/kostel/2000391/"
"2000401","farní kostel sv. Jiří, Chřibská","Chřibská","Římskokatolická farnost Chřibská","2019-04-11","https://bohosluzby.dravec.org/kostel/2000401/"
"2000457","farní kostel Nanebevzetí Panny Marie, Dolní Ročov","Ročov","Římskokatolická farnost Dolní Ročov","2019-04-11","https://bohosluzby.dravec.org/kostel/2000457/"
"2000463","farní kostel sv. Martina, Domoušice","Domoušice","Římskokatolická farnost Domoušice","2019-04-11","https://bohosluzby.dravec.org/kostel/2000463/"
"2000468","farní kostel sv. Jakuba apoštola, Hřivice","Hřivice","Římskokatolická farnost Hřivice","2019-04-11","https://bohosluzby.dravec.org/kostel/2000468/"
"2000484","farní kostel sv. Bartoloměje, Holedeček","Holedeč","Římskokatolická farnost Holedeček","2019-04-11","https://bohosluzby.dravec.org/kostel/2000484/"
"2000498","kaple Navštívení Panny Marie, Žíželice","Žíželice","Římskokatolická farnost Hořetice","2019-04-11","https://bohosluzby.dravec.org/kostel/2000498/"
"2000522","farní kostel sv. Václava, Dolní Krupá","Dolní Krupá","Římskokatolická farnost Dolní Krupá u Mnichova Hradiště","2019-04-11","https://bohosluzby.dravec.org/kostel/2000522/"
"2000539","farní kostel sv. Barbory, Hrob","Hrob","Římskokatolická farnost Hrob","2019-04-11","https://bohosluzby.dravec.org/kostel/2000539/"
"2000552","filiální kostel Nejsvětější Trojice, Malý Háj","Hora Svaté Kateřiny","Římskokatolická farnost Horní Jiřetín","2019-04-11","https://bohosluzby.dravec.org/kostel/2000552/"
"2000934","farní kostel sv. Michaela archanděla, Dolní Poustevna","Dolní Poustevna","Římskokatolická farnost Dolní Poustevna","2019-04-11","https://bohosluzby.dravec.org/kostel/2000934/"
"2000946","farní kostel sv. Jakuba Staršího, Horní Libchava","Horní Libchava","Římskokatolická farnost Horní Libchava","2019-04-11","https://bohosluzby.dravec.org/kostel/2000946/"
"2000948","farní kostel sv. Petra a Pavla, Horní Prysk","Prysk","Římskokatolická farnost Horní Prysk","2019-04-11","https://bohosluzby.dravec.org/kostel/2000948/"
"20001","farní kostel sv. Alžběty Uherské, Cvikov","Cvikov","Římskokatolická farnost Cvikov","2019-04-15","https://bohosluzby.dravec.org/kostel/20001/"
"20003","kaple Nejsvětější Trojice, Svor","Svor","Římskokatolická farnost Cvikov","2019-04-15","https://bohosluzby.dravec.org/kostel/20003/"
"20007","filiální kostel sv. Máří Magdalény, Česká Lípa","Česká Lípa","Římskokatolická farnost - děkanství Česká Lípa - in urbe","2019-04-15","https://bohosluzby.dravec.org/kostel/20007/"
"20008","filiální kostel Narození Panny Marie, Česká Lípa","Česká Lípa","Římskokatolická farnost - děkanství Česká Lípa - in urbe","2019-04-15","https://bohosluzby.dravec.org/kostel/20008/"
"200011","děkanský kostel Nalezení sv. Kříže, Dubá","Dubá","Římskokatolická farnost - děkanství Dubá","2019-04-15","https://bohosluzby.dravec.org/kostel/200011/"
"200034","farní kostel sv. Mikuláše, Brniště","Brniště","Římskokatolická farnost Brniště","2019-04-15","https://bohosluzby.dravec.org/kostel/200034/"
"200069","farní kostel Navštívení Panny Marie, Bozkov","Bozkov","Římskokatolická farnost Bozkov","2019-04-15","https://bohosluzby.dravec.org/kostel/200069/"
"200083","farní kostel sv. Bartoloměje, Držkov","Držkov","Římskokatolická farnost Držkov","2019-04-15","https://bohosluzby.dravec.org/kostel/200083/"
"200096","kaple sv. Stapina, Klokočka","Bakov nad Jizerou","Římskokatolická farnost Bakov nad Jizerou","2019-04-15","https://bohosluzby.dravec.org/kostel/200096/"
"1000332","farní kostel sv. Prokopa, Sázava-Černé Budy","Sázava","Římskokatolická farnost Sázava-Černé Budy","2019-04-15","https://bohosluzby.dravec.org/kostel/1000332/"
"2000155","arciděkanský kostel sv. Petra a Pavla, Bílina","Bílina","Římskokatolická farnost - arciděkanství Bílina","2019-04-15","https://bohosluzby.dravec.org/kostel/2000155/"
"2000159","farní kostel Povýšení sv. Kříže, Bělá pod Bezdězem","Bělá pod Bezdězem","Římskokatolická farnost Bělá pod Bezdězem","2019-04-15","https://bohosluzby.dravec.org/kostel/2000159/"
"2000161","farní kostel sv. Jiljí, Bezděz","Bezděz","Římskokatolická farnost Bezděz","2019-04-15","https://bohosluzby.dravec.org/kostel/2000161/"
"2000162","farní kostel sv. Petra a Pavla, Bezno","Bezno","Římskokatolická farnost Bezno","2019-04-15","https://bohosluzby.dravec.org/kostel/2000162/"
"2000196","farní kostel sv. Michaela archanděla, Blšany","Blšany","Římskokatolická farnost Blšany","2019-04-15","https://bohosluzby.dravec.org/kostel/2000196/"
"2000258","farní kostel sv. Prokopa a Mikuláše, Bohušovice nad Ohří","Bohušovice nad Ohří","Římskokatolická farnost Bohušovice nad Ohří","2019-04-15","https://bohosluzby.dravec.org/kostel/2000258/"
"2000310","děkanský kostel Seslání Ducha svatého, Český Dub","Český Dub","Římskokatolická farnost - děkanství Český Dub","2019-04-15","https://bohosluzby.dravec.org/kostel/2000310/"
"2000332","filiální kostel sv. Jakuba Staršího, Letařovice","Bílá","Římskokatolická farnost - děkanství Český Dub","2019-04-15","https://bohosluzby.dravec.org/kostel/2000332/"
"2000386","děkanský kostel sv. Jakuba Většího, Česká Kamenice","Česká Kamenice","Římskokatolická farnost - děkanství Česká Kamenice","2019-04-15","https://bohosluzby.dravec.org/kostel/2000386/"
"2000453","farní kostel sv. Jakuba apoštola, Cítoliby","Cítoliby","Římskokatolická farnost Cítoliby","2019-04-15","https://bohosluzby.dravec.org/kostel/2000453/"
"2000461","farní kostel sv. Bartoloměje, Bakov nad Jizerou","Bakov nad Jizerou","Římskokatolická farnost Bakov nad Jizerou","2019-04-15","https://bohosluzby.dravec.org/kostel/2000461/"
"2000474","farní kostel sv. Prokopa, Blažim","Blažim","Římskokatolická farnost Blažim","2019-04-15","https://bohosluzby.dravec.org/kostel/2000474/"
"2000475","farní kostel sv. Michaela archanděla, Bitozeves","Bitozeves","Římskokatolická farnost Bitozeves","2019-04-15","https://bohosluzby.dravec.org/kostel/2000475/"
"2000557","farní kostel Neposkvrněného Početí Panny Marie, Dubí","Dubí","Římskokatolická farnost Dubí u Teplic","2019-04-15","https://bohosluzby.dravec.org/kostel/2000557/"
"2000566","farní kostel sv. Františka z Pauly, Albrechtice v Jizerských horách","Albrechtice v Jizerských horách","Římskokatolická farnost Albrechtice v Jizerských horách","2019-04-15","https://bohosluzby.dravec.org/kostel/2000566/"
"2000576","farní kostel sv. Václava, Boseň","Boseň","Římskokatolická farnost Boseň","2019-04-15","https://bohosluzby.dravec.org/kostel/2000576/"
"2000620","filiální kostel sv. Martina, Rtyně nad Bílinou","Rtyně nad Bílinou","Římskokatolická farnost Bořislav","2019-04-15","https://bohosluzby.dravec.org/kostel/2000620/"
"2000630","kaple sv. Barbory, Duchcov","Duchcov","Římskokatolická farnost - děkanství Duchcov","2019-04-15","https://bohosluzby.dravec.org/kostel/2000630/"
"2000708","klášterní kostel sv. Václava, Bělá pod Bezdězem","Bělá pod Bezdězem","Římskokatolická farnost Bělá pod Bezdězem","2019-04-15","https://bohosluzby.dravec.org/kostel/2000708/"
"2000799","farní kostel sv. Gotharda, Brozany","Brozany nad Ohří","Římskokatolická farnost Brozany nad Ohří","2019-04-15","https://bohosluzby.dravec.org/kostel/2000799/"
"2000894","zámecká kaple sv. Josefa, Bělá pod Bezdězem","Bělá pod Bezdězem","Římskokatolická farnost Bělá pod Bezdězem","2019-04-15","https://bohosluzby.dravec.org/kostel/2000894/"
"2000914","kaple Narození Panny Marie, Česká Kamenice","Česká Kamenice","Římskokatolická farnost - děkanství Česká Kamenice","2019-04-15","https://bohosluzby.dravec.org/kostel/2000914/"
"20001899","filiální kostel Jména Panny Marie, Bynov","Děčín IX-Bynov","Římskokatolická farnost Bělá u Děčína","2019-04-15","https://bohosluzby.dravec.org/kostel/20001899/"
"200073","farní kostel Nejsvětější Trojice, Bzí","Železný Brod","Římskokatolická farnost Bzí","2019-04-16","https://bohosluzby.dravec.org/kostel/200073/"
"200082","farní kostel Nanebevzetí Panny Marie, Bystřice","Bystřice","Římskokatolická farnost Bystřice","2019-04-16","https://bohosluzby.dravec.org/kostel/200082/"
"2000199","filiální kostel sv. Václava, Krásný Dvůr","Krásný Dvůr","Římskokatolická farnost Buškovice","2019-04-16","https://bohosluzby.dravec.org/kostel/2000199/"
"2000477","farní kostel sv. Martina, Břvany","Břvany","Římskokatolická farnost Břvany","2019-04-16","https://bohosluzby.dravec.org/kostel/2000477/"
"2000711","farní kostel sv. Vavřince, Březina","Březina","Římskokatolická farnost Březina nad Jizerou","2019-04-16","https://bohosluzby.dravec.org/kostel/2000711/"
"10002789","kaple sv. Bartoloměje, Praha-Hodkovičky","Praha 4","Římskokatolická farnost u kostela Nanebevzetí Panny Marie Praha-Modřany","2019-05-09","https://bohosluzby.dravec.org/kostel/10002789/"
"1000737","filiální kostel sv. Mikuláše, Slabce","Slabce","Římskokatolická farnost Petrovice u Rakovníka","2019-05-13","https://bohosluzby.dravec.org/kostel/1000737/"
"70003866394229","rektorátní kostel  Panny Marie Sněžné","Olomouc","Římskokatolická akademická farnost Olomouc","2019-05-13","https://bohosluzby.dravec.org/kostel/70003866394229/"
"70004154617772","farní kostel Nanebevzetí Panny Marie a sv. Cyrila a Metoděje - bazilika minor","Velehrad","Římskokatolická farnost Velehrad","2019-05-13","https://bohosluzby.dravec.org/kostel/70004154617772/"
"8000387012526","kostel farní sv. Petra a sv. Pavla","Lysice","Římskokatolická farnost Lysice","2019-06-11","https://bohosluzby.dravec.org/kostel/8000387012526/"
"8000728154866","kostel farní sv. Mikuláše","Bedřichov","Římskokatolická farnost Bedřichov u Lysic","2019-06-11","https://bohosluzby.dravec.org/kostel/8000728154866/"
"8000927351741","kaple sv. Bartoloměje","Kyjovice","Římskokatolická farnost Žerotice","2019-06-11","https://bohosluzby.dravec.org/kostel/8000927351741/"
"80001123765116","kostel farní sv. Kříže","Prace","Římskokatolická farnost Prace","2019-06-11","https://bohosluzby.dravec.org/kostel/80001123765116/"
"80001172352792","kostel farní sv. Gottharda","Modřice","Římskokatolická farnost Modřice","2019-06-11","https://bohosluzby.dravec.org/kostel/80001172352792/"
"80001260117401","kostel farní sv. Mikuláše","Oslavany","Římskokatolická farnost Oslavany","2019-06-11","https://bohosluzby.dravec.org/kostel/80001260117401/"
"80001443561900","kostel filiální sv. Markéty","Přízřenice, Brno","Římskokatolická farnost Modřice","2019-06-11","https://bohosluzby.dravec.org/kostel/80001443561900/"
"80001449426577","kostel farní sv. Martina","Žerotice","Římskokatolická farnost Žerotice","2019-06-11","https://bohosluzby.dravec.org/kostel/80001449426577/"
"80001760049834","kostel farní Nanebevzetí Panny Marie","Oleksovice","Římskokatolická farnost Oleksovice","2019-06-11","https://bohosluzby.dravec.org/kostel/80001760049834/"
"80002003560747","kostel farní Všech svatých","Dobročkovice","Římskokatolická farnost Dobročkovice","2019-06-11","https://bohosluzby.dravec.org/kostel/80002003560747/"
"80002094765670","kostel farní sv. Martina","Horní Bory, Bory","Římskokatolická farnost Bory","2019-06-11","https://bohosluzby.dravec.org/kostel/80002094765670/"
"80002756144635","kaple sv. Dominika","Tvořihráz","Římskokatolická farnost Žerotice","2019-06-11","https://bohosluzby.dravec.org/kostel/80002756144635/"
"80002844818698","kostel filiální Panny Marie Sněžné","Čejkovice","Římskokatolická farnost Oleksovice","2019-06-11","https://bohosluzby.dravec.org/kostel/80002844818698/"
"80003362272671","kostel farní sv. Petra a sv. Pavla","Petrovice","Římskokatolická farnost Petrovice u Blanska","2019-06-11","https://bohosluzby.dravec.org/kostel/80003362272671/"
"80004033083078","kostel farní sv. Barbory","Komořany","Římskokatolická farnost Komořany","2019-06-11","https://bohosluzby.dravec.org/kostel/80004033083078/"
"80004046030907","kostel farní Všech svatých","Ořechov","Římskokatolická farnost u kostela Všech svatých, Ořechov","2019-06-11","https://bohosluzby.dravec.org/kostel/80004046030907/"
"80004220074221","kostel filiální Nejsvětější Trojice","Drnovice","Římskokatolická farnost Lysice","2019-06-11","https://bohosluzby.dravec.org/kostel/80004220074221/"
"80004256161995","kostel filiální sv. Jakuba Staršího","Želetice","Římskokatolická farnost Žerotice","2019-06-11","https://bohosluzby.dravec.org/kostel/80004256161995/"
"80002862217569","kostel rektorátní sv. Michaela archanděla","Brno-město, Brno","Římskokatolická duchovní správa u kostela sv. Michala, Brno","2019-07-18","https://bohosluzby.dravec.org/kostel/80002862217569/"
"80003038961411","kostel rektorátní Svaté Rodiny","Veveří, Brno","Římskokatolická farnost u kostela sv. Jakuba, Brno","2019-08-02","https://bohosluzby.dravec.org/kostel/80003038961411/"
"80003287724522","kostel farní sv. Jakuba","Brno-město, Brno","Římskokatolická farnost u kostela sv. Jakuba, Brno","2019-08-02","https://bohosluzby.dravec.org/kostel/80003287724522/"
"30002731791425","filiální kostel sv. Prokopa, opata","Čistá u Horek","Římskokatolická farnost Studenec u Horek","2019-08-07","https://bohosluzby.dravec.org/kostel/30002731791425/"
"30004196452386","farní kostel sv. Jana Křtitele","Studenec","Římskokatolická farnost Studenec u Horek","2019-08-07","https://bohosluzby.dravec.org/kostel/30004196452386/"
"2000409","farní kostel sv. Martina, Markvartice ","Markvartice","Římskokatolická farnost Markvartice u Děčína","2019-08-19","https://bohosluzby.dravec.org/kostel/2000409/"
"1000208","filiální kostel sv. Františka z Assisi, Votice","Votice","Římskokatolická farnost Votice","2019-08-26","https://bohosluzby.dravec.org/kostel/1000208/"
"200035","kaple Nejsvětější Trojice, Noviny pod Ralskem","Noviny pod Ralskem","Římskokatolická farnost Stráž pod Ralskem","2019-09-05","https://bohosluzby.dravec.org/kostel/200035/"
"20001010","arciděkanský kostel sv. Václava, Šluknov","Šluknov","Římskokatolická farnost - arciděkanství Šluknov","2019-09-05","https://bohosluzby.dravec.org/kostel/20001010/"
"20001104","kaple sv. Jana Křtitele, Rožany","Šluknov","Římskokatolická farnost - arciděkanství Šluknov","2019-09-05","https://bohosluzby.dravec.org/kostel/20001104/"
"2000404","farní kostel Nejsvětější Trojice, Jiřetín pod Jedlovou","Jiřetín pod Jedlovou","Římskokatolická farnost Jiřetín pod Jedlovou","2019-09-06","https://bohosluzby.dravec.org/kostel/2000404/"
"2000394","Domov ""Srdce v dlaních"", Filipov","Jiříkov","Římskokatolická farnost Jiříkov","2019-09-09","https://bohosluzby.dravec.org/kostel/2000394/"
"2000382","filiální kostel Narození Panny Marie, Radonice","Radonice","Římskokatolická farnost - děkanství Mašťov","2019-09-11","https://bohosluzby.dravec.org/kostel/2000382/"
"2000537","filiální kostel sv. Petra a Pavla, Březno","Březno","Římskokatolická farnost - děkanství Chomutov","2019-09-11","https://bohosluzby.dravec.org/kostel/2000537/"
"2000988","klášterní kostel sv. Rodiny, Kadaň","Kadaň","Římskokatolická farnost - děkanství Kadaň","2019-09-11","https://bohosluzby.dravec.org/kostel/2000988/"
"2000997","filiální kostel Navštívení Panny Marie, Klášterec nad Ohří","Klášterec nad Ohří","Římskokatolická farnost Klášterec nad Ohří","2019-09-11","https://bohosluzby.dravec.org/kostel/2000997/"
"1000141","farní kostel sv. Bartoloměje, Praha-Kyje","Praha 14","Římskokatolická farnost u kostela sv. Bartoloměje Praha-Kyje","2019-09-17","https://bohosluzby.dravec.org/kostel/1000141/"
"2000342","farní kostel sv. Mikuláše, Mníšek","Mníšek","Římskokatolická farnost Mníšek u Liberce","2019-09-20","https://bohosluzby.dravec.org/kostel/2000342/"
"2000362","farní kostel sv. Václava, Velké Hamry","Velké Hamry","Římskokatolická farnost Velké Hamry","2019-09-20","https://bohosluzby.dravec.org/kostel/2000362/"
"2000567","farní kostel sv. Michaela archanděla, Smržovka","Smržovka","Římskokatolická farnost Smržovka","2019-09-20","https://bohosluzby.dravec.org/kostel/2000567/"
"20001000","kaple Vzkříšení, Vratislavice nad Nisou","Liberec-Vratislavice nad Nisou","Římskokatolická farnost Vratislavice nad Nisou","2019-09-20","https://bohosluzby.dravec.org/kostel/20001000/"
"2000274","katedrála sv. Štěpána, Litoměřice","Litoměřice","Římskokatolická dómská farnost u sv. Štěpána Litoměřice","2019-09-25","https://bohosluzby.dravec.org/kostel/2000274/"
"2000276","filiální kostel sv. Vojtěcha, Litoměřice","Litoměřice","Římskokatolická farnost - děkanství u Všech Svatých Litoměřice","2019-09-25","https://bohosluzby.dravec.org/kostel/2000276/"
"2000599","kaple sv. Zdislavy, Charitní domov sv. Zdislava, Litoměřice","Litoměřice","Římskokatolická farnost - děkanství u Všech Svatých Litoměřice","2019-09-25","https://bohosluzby.dravec.org/kostel/2000599/"
"20001001","kaple Božího milosrdenství, Domov na Dómském pahorku, Litoměřice","Litoměřice","Římskokatolická farnost - děkanství u Všech Svatých Litoměřice","2019-09-25","https://bohosluzby.dravec.org/kostel/20001001/"
"20001842","kaple sv. Štěpána, Hospic sv. Štěpána, Litoměřice","Litoměřice","Římskokatolická farnost - děkanství u Všech Svatých Litoměřice","2019-09-25","https://bohosluzby.dravec.org/kostel/20001842/"
"2000266","kaple sv. Isidora, Libotenice","Libotenice","Římskokatolická farnost Libotenice","2019-09-26","https://bohosluzby.dravec.org/kostel/2000266/"
"2000279","farní kostel sv. Václava, Lovosice","Lovosice","Římskokatolická farnost Lovosice","2019-09-26","https://bohosluzby.dravec.org/kostel/2000279/"
"2000442","farní kostel Povýšení sv. Kříže, Levín","Levín","Římskokatolická farnost Levín","2019-09-26","https://bohosluzby.dravec.org/kostel/2000442/"
"2000588","filiální kostel sv. Mikuláše, Velké Žernoseky","Velké Žernoseky","Římskokatolická farnost - děkanství u Všech Svatých Litoměřice","2019-09-26","https://bohosluzby.dravec.org/kostel/2000588/"
"2000817","farní kostel sv. Kateřiny Alexandrijské, Libotenice","Libotenice","Římskokatolická farnost Libotenice","2019-09-26","https://bohosluzby.dravec.org/kostel/2000817/"
"20001055","zámecká kaple sv. Josefa Kalasanského, Milešov","Velemín","Římskokatolická farnost Milešov","2019-09-26","https://bohosluzby.dravec.org/kostel/20001055/"
"1000587","kaple sv. Vojtěcha, Neratovice","Neratovice","Římskokatolická farnost Neratovice","2019-09-27","https://bohosluzby.dravec.org/kostel/1000587/"
"2000217","děkanský kostel sv. Mikuláše, Louny","Louny","Římskokatolická farnost - děkanství Louny","2019-09-27","https://bohosluzby.dravec.org/kostel/2000217/"
"2000246","děkanský kostel sv. Petra a Pavla, Podbořany","Podbořany","Římskokatolická farnost - děkanství Podbořany","2019-09-27","https://bohosluzby.dravec.org/kostel/2000246/"
"2000256","farní kostel sv. Václava, Radíčeves","Radíčeves","Římskokatolická farnost Radíčeves","2019-09-27","https://bohosluzby.dravec.org/kostel/2000256/"
"2000451","farní kostel sv. Stanislava z Krakova, Měrunice","Měrunice","Římskokatolická farnost Měrunice","2019-09-27","https://bohosluzby.dravec.org/kostel/2000451/"
"2000494","farní kostel sv. Bartoloměje, Nečemice","Tuchořice","Římskokatolická farnost Nečemice","2019-09-27","https://bohosluzby.dravec.org/kostel/2000494/"
"2000495","filiální kostel Navštívení Panny Marie, Deštnice","Deštnice","Římskokatolická farnost Nečemice","2019-09-27","https://bohosluzby.dravec.org/kostel/2000495/"
"2000531","filiální kostel Čtrnácti sv. Pomocníků, Louny","Louny","Římskokatolická farnost - děkanství Louny","2019-09-27","https://bohosluzby.dravec.org/kostel/2000531/"
"20001888","kaple sv. Barbory, Brody","Brody","Římskokatolická farnost Buškovice","2019-09-27","https://bohosluzby.dravec.org/kostel/20001888/"
"10001804","kaple sv. Norberta","Nové Strašecí","Římskokatolická farnost Nové Strašecí","2019-10-04","https://bohosluzby.dravec.org/kostel/10001804/"
"8000931425596","kostel farní sv. Šebestiána a sv. Rocha","Archlebov","Římskokatolická farnost Archlebov","2019-10-10","https://bohosluzby.dravec.org/kostel/8000931425596/"
"80001170314373","kaple sv. Václava","Dražůvky","Římskokatolická farnost Archlebov","2019-10-10","https://bohosluzby.dravec.org/kostel/80001170314373/"
"6000108822207","bohoslužebné místo KVK centrum Plzeň","Skvrňany, Plzeň","Pastorační centrum Skvrňany","2019-10-11","https://bohosluzby.dravec.org/kostel/6000108822207/"
"60001377147911","kaple Pastoračního centra (v 1. patře budovy)","Skvrňany, Plzeň","Pastorační centrum Skvrňany","2019-10-11","https://bohosluzby.dravec.org/kostel/60001377147911/"
"80002030862969","kaple sv. Jana Křtitele","Zastávka","Římskokatolická farnost Rosice u Brna","2019-10-14","https://bohosluzby.dravec.org/kostel/80002030862969/"
"80003700612464","kostel farní sv. Martina","Rosice","Římskokatolická farnost Rosice u Brna","2019-10-14","https://bohosluzby.dravec.org/kostel/80003700612464/"
"80003718652385","kostel filiální sv. Jakuba Staršího","Omice","Římskokatolická farnost Rosice u Brna","2019-10-14","https://bohosluzby.dravec.org/kostel/80003718652385/"
"2000813","kaple sv. Kříže, domov důchodců Libochovice","Libochovice","Římskokatolická farnost - děkanství Libochovice","2019-11-14","https://bohosluzby.dravec.org/kostel/2000813/"
"80001727189162","kaple Svaté Rodiny","Kohoutovice, Brno","Římskokatolická farnost u kostela sv. Bartoloměje, Brno - Žebětín","2019-11-16","https://bohosluzby.dravec.org/kostel/80001727189162/"
"80002175912520","kostel farní sv. Michaela archanděla","Dyjákovice","Římskokatolická farnost Dyjákovice","2019-11-16","https://bohosluzby.dravec.org/kostel/80002175912520/"
"80002217359488","kostel farní sv. Václava","Dolní Bojanovice","Římskokatolická farnost Dolní Bojanovice","2019-11-16","https://bohosluzby.dravec.org/kostel/80002217359488/"
"80002409911176","kostel farní sv. Vavřince","Hodonín","Římskokatolická farnost Hodonín","2019-11-16","https://bohosluzby.dravec.org/kostel/80002409911176/"
"80002919939393","kaple Všech svatých","Josefov","Římskokatolická farnost Dolní Bojanovice","2019-11-16","https://bohosluzby.dravec.org/kostel/80002919939393/"
"80003503712071","kostel farní sv. Bartoloměje","Žebětín, Brno","Římskokatolická farnost u kostela sv. Bartoloměje, Brno - Žebětín","2019-11-16","https://bohosluzby.dravec.org/kostel/80003503712071/"
"80003907943031","kostel farní sv. Víta","Dyjákovičky","Římskokatolická farnost Dyjákovičky","2019-11-16","https://bohosluzby.dravec.org/kostel/80003907943031/"
"2000182","filiální kostel sv. Mikuláše, Vinec u Mladé Boleslavi","Vinec","Římskokatolická farnost - arciděkanství Mladá Boleslav","2020-01-20","https://bohosluzby.dravec.org/kostel/2000182/"
"2000183","filiální kostel sv. Jana Nepomuckého, Mladá Boleslav","Mladá Boleslav","Římskokatolická farnost - arciděkanství Mladá Boleslav","2020-01-20","https://bohosluzby.dravec.org/kostel/2000183/"
"2000563","farní kostel sv. Valentina, Novosedlice","Novosedlice","Římskokatolická farnost Novosedlice","2020-01-20","https://bohosluzby.dravec.org/kostel/2000563/"
"2000652","farní kostel sv. Havla, Čečelice","Čečelice","Římskokatolická farnost Čečelice","2020-01-20","https://bohosluzby.dravec.org/kostel/2000652/"
"50003373078368","filiální kostel sv. Marka","Fryštát, Karviná","Římskokatolická farnost Karviná","2020-01-30","https://bohosluzby.dravec.org/kostel/50003373078368/"
"200062","filiální kostel Všech svatých, Arnultovice","Velké Chvojno","Římskokatolická farnost Skorotice","2020-02-14","https://bohosluzby.dravec.org/kostel/200062/"
"200070","děkanský kostel sv. Jakuba Většího, Železný Brod","Železný Brod","Římskokatolická farnost - děkanství Železný Brod","2020-02-14","https://bohosluzby.dravec.org/kostel/200070/"
"10001820","LDN Gerimed","Sedlec-Prčice","Římskokatolická farnost Sedlec-Prčice","2020-03-09","https://bohosluzby.dravec.org/kostel/10001820/"
"10004","klášterní kostel sv. Benedikta, Praha-Hradčany","Praha 1","Římskokatolická farnost u katedrály sv. Víta, Václava a Vojtěcha Praha-Hradčany","2020-03-12","https://bohosluzby.dravec.org/kostel/10004/"
"600055710979","filiální kostel sv. Václava (řeckokatolický) Tachov","Tachov","Řeckokatolická farnost v Plzni","2020-03-24","https://bohosluzby.dravec.org/kostel/600055710979/"
"60001289900425","farní kostel sv. Mikuláše, (řeckokatolický) Plzeň","Východní Předměstí (Plzeň 2-Slovany), Plzeň","Řeckokatolická farnost v Plzni","2020-03-24","https://bohosluzby.dravec.org/kostel/60001289900425/"
"800013712936","kostel farní Nejsvětější Trojice","Střelice","Římskokatolická farnost Střelice u Brna","2020-04-14","https://bohosluzby.dravec.org/kostel/800013712936/"
"1000629","filiální kostel sv. Anny, Hřiměždice","Hřiměždice","Římskokatolická farnost Krásná Hora nad Vltavou","2020-04-20","https://bohosluzby.dravec.org/kostel/1000629/"
"1000640","farní kostel sv. Mikuláše, Krásná Hora nad Vltavou","Krásná Hora nad Vltavou","Římskokatolická farnost Krásná Hora nad Vltavou","2020-04-20","https://bohosluzby.dravec.org/kostel/1000640/"
"80002223751829","kostel farní sv. Filipa a sv. Jakuba","Cetkovice","Římskokatolická farnost Cetkovice","2020-05-19","https://bohosluzby.dravec.org/kostel/80002223751829/"
"1000139","farní kostel sv. Jiří, Praha-Hloubětín","Praha 14","Římskokatolická farnost u kostela sv. Jiří Praha-Hloubětín","2020-08-11","https://bohosluzby.dravec.org/kostel/1000139/"
"2000181","arciděkanský kostel Nanebevzetí Panny Marie, Mladá Boleslav","Mladá Boleslav","Římskokatolická farnost - arciděkanství Mladá Boleslav","2020-09-09","https://bohosluzby.dravec.org/kostel/2000181/"
"2000156","farní kostel sv. Václava, Želenice nad Bílinou","Želenice","Římskokatolická farnost Želenice","2020-09-14","https://bohosluzby.dravec.org/kostel/2000156/"
"2000369","děkanský kostel sv. Jiljí, Jirkov","Jirkov","Římskokatolická farnost - děkanství Jirkov","2020-09-14","https://bohosluzby.dravec.org/kostel/2000369/"
"2000536","filiální kostel Povýšení sv. Kříže, Údlice","Údlice","Římskokatolická farnost - děkanství Chomutov","2020-09-14","https://bohosluzby.dravec.org/kostel/2000536/"
"30002481110238","poutní a rektorský kostel Nanebevzetí Panny Marie","Kopeček, Králíky","Duchovní správa poutního kostela v Králíkách II","2020-09-22","https://bohosluzby.dravec.org/kostel/30002481110238/"
"1000609","filiální kostel Narození sv. Jana Křtitele, Veltrusy","Veltrusy","Římskokatolická farnost Kralupy nad Vltavou","2020-09-24","https://bohosluzby.dravec.org/kostel/1000609/"
"20006","bazilika minor Všech svatých, Česká Lípa","Česká Lípa","Římskokatolická farnost Česká Lípa - in suburbio","2020-10-05","https://bohosluzby.dravec.org/kostel/20006/"
"2000381","filiální kostel sv. Vavřince, Podlesice","Veliká Ves","Římskokatolická farnost - děkanství Mašťov","2020-10-05","https://bohosluzby.dravec.org/kostel/2000381/"
"2000400","farní kostel Narození sv. Jana Křtitele, Horní Habartice","Horní Habartice","Římskokatolická farnost Horní Habartice","2020-10-05","https://bohosluzby.dravec.org/kostel/2000400/"
"2000524","bazilika minor Panny Marie Bolestné, Bohosudov","Krupka","Římskokatolická farnost Bohosudov","2020-10-05","https://bohosluzby.dravec.org/kostel/2000524/"
"2000792","filiální kostel sv. Václava, Roudníky","Chabařovice","Římskokatolická farnost Trmice","2020-10-05","https://bohosluzby.dravec.org/kostel/2000792/"
"80001283623994","kostel farní sv. Václava","Předín","Římskokatolická farnost Předín","2020-10-09","https://bohosluzby.dravec.org/kostel/80001283623994/"
"100044","farní kostel sv. Filipa a Jakuba, Praha-Hlubočepy","Praha 5","Římskokatolická farnost u kostela sv. Filipa a Jakuba Praha-Hlubočepy","2020-10-17","https://bohosluzby.dravec.org/kostel/100044/"
"8000118667742","kostel farní sv. Štěpána","Hrušovany nad Jevišovkou","Římskokatolická farnost Hrušovany nad Jevišovkou","2020-11-24","https://bohosluzby.dravec.org/kostel/8000118667742/"
"8000515450433","kostel farní Navštívení Panny Marie","Martínkov","Římskokatolická farnost Martínkov","2020-11-24","https://bohosluzby.dravec.org/kostel/8000515450433/"
"80001772011132","kostel filiální sv. Maří Magdalény","Šebkovice","Římskokatolická farnost Babice u Lesonic","2020-11-24","https://bohosluzby.dravec.org/kostel/80001772011132/"
"80002318238747","kostel farní Nejsvětější Trojice","Babice","Římskokatolická farnost Babice u Lesonic","2020-11-24","https://bohosluzby.dravec.org/kostel/80002318238747/"
"80002487978589","kostel filiální Panny Marie Vítězné","Moravský Žižkov","Římskokatolická farnost Velké Bílovice","2020-11-24","https://bohosluzby.dravec.org/kostel/80002487978589/"
"80003622351581","kostel farní Narození Panny Marie","Velké Bílovice","Římskokatolická farnost Velké Bílovice","2020-11-24","https://bohosluzby.dravec.org/kostel/80003622351581/"
"200010","děkanský kostel sv. Bartoloměje a Panny Marie Montserratské, Doksy","Doksy","Římskokatolická farnost - děkanství Doksy","2020-12-07","https://bohosluzby.dravec.org/kostel/200010/"
"200016","arciděkanský kostel Navštívení Panny Marie, Horní Police","Horní Police","Římskokatolická farnost - arciděkanství Horní Police","2020-12-07","https://bohosluzby.dravec.org/kostel/200016/"
"200041","děkanský kostel Nanebevzetí Panny Marie, Nový Bor","Nový Bor","Římskokatolická farnost - děkanství Nový Bor","2020-12-07","https://bohosluzby.dravec.org/kostel/200041/"
"200088","děkanský kostel sv. Ducha, Libáň","Libáň","Římskokatolická farnost - děkanství Libáň","2020-12-07","https://bohosluzby.dravec.org/kostel/200088/"
"8000721098265","kaple Proměnění Páně","Mokrá, Mokrá-Horákov","Římskokatolická farnost Tvarožná","2021-01-05","https://bohosluzby.dravec.org/kostel/8000721098265/"
"8000964668008","kostel farní sv. Mikuláše","Tvarožná","Římskokatolická farnost Tvarožná","2021-01-05","https://bohosluzby.dravec.org/kostel/8000964668008/"
"80003439311831","kaple sv. Anny","Velatice","Římskokatolická farnost Tvarožná","2021-01-05","https://bohosluzby.dravec.org/kostel/80003439311831/"
"2000807","farní kostel sv. Petra a Pavla, Chcebuz","Štětí","Římskokatolická farnost Chcebuz","2021-01-12","https://bohosluzby.dravec.org/kostel/2000807/"
"2000259","kaple Panny Marie Bolestné, Brňany","Brňany","Římskokatolická farnost Bohušovice nad Ohří","2021-01-19","https://bohosluzby.dravec.org/kostel/2000259/"
"2000410","kaple Panny Marie Prostřednice všech milostí a sv. Kryštofa, Markvartice","Markvartice","Římskokatolická farnost Markvartice u Děčína","2021-02-08","https://bohosluzby.dravec.org/kostel/2000410/"
"200085","filiální kostel sv. Matěje, Turnov-Hruštice","Turnov","Římskokatolická farnost - děkanství Turnov","2021-02-25","https://bohosluzby.dravec.org/kostel/200085/"
"2000751","filiální kostel sv. Jana Křtitele, Nudvojovice","Turnov","Římskokatolická farnost - děkanství Turnov","2021-02-25","https://bohosluzby.dravec.org/kostel/2000751/"
"2000668","kaple Andělů Strážných, Košátky, obecní úřad","Košátky","Římskokatolická farnost Dolní Slivno","2021-03-04","https://bohosluzby.dravec.org/kostel/2000668/"
"2000677","farní kostel sv. Havla, Skalsko","Skalsko","Římskokatolická farnost Skalsko","2021-03-23","https://bohosluzby.dravec.org/kostel/2000677/"
"2000370","kaple sv. Josefa, Domov pro seniory se zdravotním postižením ""U Dubu"", Jirkov","Jirkov","Římskokatolická farnost - děkanství Jirkov","2021-03-25","https://bohosluzby.dravec.org/kostel/2000370/"
"80001240533980","kostel farní Povýšení sv. Kříže","Rozhraní","Římskokatolická farnost Rozhraní","2021-04-06","https://bohosluzby.dravec.org/kostel/80001240533980/"
"80001186250471","kostel farní Nejsvětější Trojice","Bratčice","Římskokatolická farnost Bratčice","2021-04-14","https://bohosluzby.dravec.org/kostel/80001186250471/"
"10002814","filiální kostel Krista Spasitele, Praha-Barrandov","Praha 5","Římskokatolická farnost u kostela sv. Filipa a Jakuba Praha-Hlubočepy","2021-04-21","https://bohosluzby.dravec.org/kostel/10002814/"
"800044297849","kaple sv. Anny","Kulířov","Římskokatolická farnost Lipovec u Blanska","2021-04-24","https://bohosluzby.dravec.org/kostel/800044297849/"
"8000638696511","kostel farní sv. Jana Křtitele","Doubravice nad Svitavou","Římskokatolická farnost Doubravice nad Svitavou","2021-04-24","https://bohosluzby.dravec.org/kostel/8000638696511/"
"8000839211900","kostel farní sv. Jana Křtitele","Babice nad Svitavou","Římskokatolická farnost Babice nad Svitavou","2021-04-24","https://bohosluzby.dravec.org/kostel/8000839211900/"
"80001526960632","kostel farní Narození Panny Marie","Lipovec","Římskokatolická farnost Lipovec u Blanska","2021-04-24","https://bohosluzby.dravec.org/kostel/80001526960632/"
"80003188232518","kostel farní sv. Cyrila a Metoděje","Molenburk, Vysočany","Římskokatolická farnost Vysočany u Blanska","2021-04-24","https://bohosluzby.dravec.org/kostel/80003188232518/"
"80003738922000","kostel farní sv. Bartoloměje","Dlouhá Lhota","Římskokatolická farnost Dlouhá Lhota","2021-04-24","https://bohosluzby.dravec.org/kostel/80003738922000/"
"80003928197199","kostel farní sv. Maří Magdalény","Ostrov u Macochy","Římskokatolická farnost Ostrov u Macochy","2021-04-24","https://bohosluzby.dravec.org/kostel/80003928197199/"
"80004171741712","kostel farní Zvěstování Páně","Budeč","Římskokatolická farnost Budeč","2021-04-24","https://bohosluzby.dravec.org/kostel/80004171741712/"
"80004183266935","kaple sv. Cyrila a Metoděje","Jabloňany","Římskokatolická farnost Doubravice nad Svitavou","2021-04-24","https://bohosluzby.dravec.org/kostel/80004183266935/"
"8000296349723","kostel farní sv. Martina","Třešť","Římskokatolická farnost Třešť","2021-07-01","https://bohosluzby.dravec.org/kostel/8000296349723/"
"8000895430215","kostel filiální sv. Kateřiny Sienské","Třešť","Římskokatolická farnost Třešť","2021-07-01","https://bohosluzby.dravec.org/kostel/8000895430215/"
"80001330268257","kaple sv. Martina","Jezdovice","Římskokatolická farnost Třešť","2021-07-01","https://bohosluzby.dravec.org/kostel/80001330268257/"
"20001954","kaple Nanebevzetí Panny Marie, Mikulášovice","Mikulášovice","Římskokatolická farnost Mikulášovice","2021-07-07","https://bohosluzby.dravec.org/kostel/20001954/"
"1000130","filiální kostel sv. Václava, Praha-Bohnice","Praha 8","Římskokatolická farnost u kostela sv. Petra a Pavla Praha-Bohnice","2021-07-12","https://bohosluzby.dravec.org/kostel/1000130/"
"2000778","farní kostel sv. Václava, Skorotice","Ústí nad Labem","Římskokatolická farnost Skorotice","2021-07-22","https://bohosluzby.dravec.org/kostel/2000778/"
"300047281587","farní kostel sv. Anny","Kukleny, Hradec Králové","Římskokatolická farnost Hradec Králové – Kukleny","2021-08-11","https://bohosluzby.dravec.org/kostel/300047281587/"
"3000412814381","filiální kostel (bývalý farní) sv. Marka, evangelisty","Stěžery","Římskokatolická farnost Hradec Králové – Pražské Předměstí","2021-08-11","https://bohosluzby.dravec.org/kostel/3000412814381/"
"3000580336054","společenská místnost v Azylovém domě pro muže","Pouchov, Hradec Králové","Římskokatolická farnost Hradec Králové – Pouchov","2021-08-11","https://bohosluzby.dravec.org/kostel/3000580336054/"
"30001418822059","farní kostel sv. Pavla, apoštola","Pouchov, Hradec Králové","Římskokatolická farnost Hradec Králové – Pouchov","2021-08-11","https://bohosluzby.dravec.org/kostel/30001418822059/"
"30001703208923","farní kostel sv. Václava, mučedníka","Horní Staré Město, Trutnov","Římskokatolická farnost Trutnov II – Horní Staré Město","2021-08-11","https://bohosluzby.dravec.org/kostel/30001703208923/"
"30002089035149","filiální kostel (bývalý farní) sv. Kateřiny, panny a mučednice","Mladé Buky","Římskokatolická farnost Trutnov II – Horní Staré Město","2021-08-11","https://bohosluzby.dravec.org/kostel/30002089035149/"
"30002894081173","farní kostel sv. Petra a Pavla, apoštolů","Poříčí, Trutnov","Římskokatolická farnost Trutnov III – Poříčí","2021-08-11","https://bohosluzby.dravec.org/kostel/30002894081173/"
"30003142249988","filiální kostel Neposkvrněného Početí Panny Marie (na Rožberku)","Slezské Předměstí, Hradec Králové","Římskokatolická farnost Hradec Králové – Pouchov","2021-08-11","https://bohosluzby.dravec.org/kostel/30003142249988/"
"30003345693160","filiální kostel (bývalý farní) sv. Petra, apoštola","Plotiště nad Labem, Hradec Králové","Římskokatolická farnost Hradec Králové – Pražské Předměstí","2021-08-11","https://bohosluzby.dravec.org/kostel/30003345693160/"
"30004150892219","farní kostel Božského Srdce Páně","Pražské Předměstí, Hradec Králové","Římskokatolická farnost Hradec Králové – Pražské Předměstí","2021-08-11","https://bohosluzby.dravec.org/kostel/30004150892219/"
"30004246968285","kaple sv. Jana Křtitele","Radvanice","Římskokatolická farnost Trutnov III – Poříčí","2021-08-11","https://bohosluzby.dravec.org/kostel/30004246968285/"
"3000163174066","filiální kostel sv. Štěpána, prvomučedníka","Malín, Kutná Hora","Římskokatolická farnost Kutná Hora – Sedlec","2021-08-30","https://bohosluzby.dravec.org/kostel/3000163174066/"
"3000170195983","kostel expozitury sv. Michaela, archanděla","Libřice","Římskokatolická farnost Libřice – expozitura","2021-08-30","https://bohosluzby.dravec.org/kostel/3000170195983/"
"30001160183055","filiální kostel (bývalý farní) sv. Vavřince, jáhna a mučedníka","Církvice","Římskokatolická farnost Kutná Hora – Sedlec","2021-08-30","https://bohosluzby.dravec.org/kostel/30001160183055/"
"30002108176788","filiální kostel (bývalý farní) sv. Vavřince, jáhna a mučedníka","Kaňk, Kutná Hora","Římskokatolická farnost Kutná Hora – Sedlec","2021-08-30","https://bohosluzby.dravec.org/kostel/30002108176788/"
"30003227384806","farní kostel Nanebevzetí Panny Marie a sv. Jana Křtitele","Sedlec, Kutná Hora","Římskokatolická farnost Kutná Hora – Sedlec","2021-08-30","https://bohosluzby.dravec.org/kostel/30003227384806/"
"4000591506545","farní kostel sv. Michaela","Křemže","Římskokatolická farnost Křemže","2021-09-13","https://bohosluzby.dravec.org/kostel/4000591506545/"
"40001114063308","farní kostel Ducha Svatého","Římov","Římskokatolická farnost Římov","2021-09-13","https://bohosluzby.dravec.org/kostel/40001114063308/"
"40001419911091","filiální kostel sv. Jana Nepomuckého","Janov, Roudná","Římskokatolická farnost Soběslav","2021-09-13","https://bohosluzby.dravec.org/kostel/40001419911091/"
"40001651506828","farní kostel sv. Petra a Pavla","Soběslav I, Soběslav","Římskokatolická farnost Soběslav","2021-09-13","https://bohosluzby.dravec.org/kostel/40001651506828/"
"40001685183864","farní kostel sv. Vavřince","Rynárec","Římskokatolická farnost Rynárec","2021-09-13","https://bohosluzby.dravec.org/kostel/40001685183864/"
"40004267328768","filiální kostel sv. Mikuláše","Nedvědice, Soběslav","Římskokatolická farnost Soběslav","2021-09-13","https://bohosluzby.dravec.org/kostel/40004267328768/"
"8000415997512","kostel farní sv. Jiljí","Moutnice","Římskokatolická farnost Moutnice","2021-10-06","https://bohosluzby.dravec.org/kostel/8000415997512/"
"80001438557353","kaple Panny Marie Bolestné","Nesvačilka","Římskokatolická farnost Moutnice","2021-10-06","https://bohosluzby.dravec.org/kostel/80001438557353/"
"2000543","filiální kostel sv. Josefa, Rybniště","Rybniště","Římskokatolická farnost Chřibská","2021-10-13","https://bohosluzby.dravec.org/kostel/2000543/"
"2000336","kaple Panny Marie U Obrázku, Liberec","Liberec","Římskokatolická farnost - arciděkanství Liberec","2021-10-14","https://bohosluzby.dravec.org/kostel/2000336/"
"2000110","filiální kostel sv. Jiří, Karlovice","Karlovice","Římskokatolická farnost - děkanství Turnov","2021-10-15","https://bohosluzby.dravec.org/kostel/2000110/"
"20002102","kaple, Domov se zvláštním režimem, Terezín","Terezín","Římskokatolická farnost Terezín","2021-10-15","https://bohosluzby.dravec.org/kostel/20002102/"
"20002117","Domov seniorů, Vlčí Pole","Dolní Bousov","Římskokatolická farnost Dolní Bousov","2021-10-15","https://bohosluzby.dravec.org/kostel/20002117/"
"2000532","Domov pro seniory U Pramene, Louny","Louny","Římskokatolická farnost - děkanství Louny","2021-10-26","https://bohosluzby.dravec.org/kostel/2000532/"
"30001263377770","farní kostel sv. Mikuláše, biskupa","Bohuslavice","Římskokatolická farnost Bohuslavice nad Metují","2021-11-03","https://bohosluzby.dravec.org/kostel/30001263377770/"
"30002919164591","filiální kostel sv. Jakuba Staršího, apoštola","Černčice","Římskokatolická farnost Bohuslavice nad Metují","2021-11-03","https://bohosluzby.dravec.org/kostel/30002919164591/"
"80002823330735","kostel farní Všech svatých","Újezd u Černé Hory","Římskokatolická farnost Újezd u Černé Hory","2021-12-06","https://bohosluzby.dravec.org/kostel/80002823330735/"
"8000448577102","kostel farní Nanebevzetí Panny Marie","Diváky","Římskokatolická farnost Diváky","2022-01-18","https://bohosluzby.dravec.org/kostel/8000448577102/"
"30001254199033","filiální kostel sv. Prokopa, opata","Sobkovice","Římskokatolická farnost Nekoř","2022-02-03","https://bohosluzby.dravec.org/kostel/30001254199033/"
"30001837540282","kaple Narození Panny Marie","Vlčkovice, Mladkov","Římskokatolická farnost Nekoř","2022-02-03","https://bohosluzby.dravec.org/kostel/30001837540282/"
"30002999572790","hřbitovní kaple Panny Marie Lurdské","Bořitov, Studené","Římskokatolická farnost Nekoř","2022-02-03","https://bohosluzby.dravec.org/kostel/30002999572790/"
"30003888995700","filiální kostel (bývalý farní) sv. Markéty, panny a mučednice","Těchonín","Římskokatolická farnost Nekoř","2022-02-03","https://bohosluzby.dravec.org/kostel/30003888995700/"
"30003927199286","farní kostel sv. Mikuláše, biskupa","Nekoř","Římskokatolická farnost Nekoř","2022-02-03","https://bohosluzby.dravec.org/kostel/30003927199286/"
"30004209098428","kaple sv. Anny ","Studené","Římskokatolická farnost Nekoř","2022-02-03","https://bohosluzby.dravec.org/kostel/30004209098428/"
"100043","filiální kostel sv. Ignáce, Praha-Nové Město","Praha 2","Římskokatolická farnost u kostela sv. Štěpána Praha-Nové Město","2022-02-07","https://bohosluzby.dravec.org/kostel/100043/"
"1000137","farní kostel sv. Remigia, Praha-Čakovice","Praha-Čakovice","Římskokatolická farnost u kostela sv. Remigia Praha-Čakovice","2022-02-07","https://bohosluzby.dravec.org/kostel/1000137/"
"10001799","Kaple v Domově pro seniory Chodov","Praha 11","Římskokatolická farnost u kostela sv. Františka z Assisi Praha-Chodov","2022-02-07","https://bohosluzby.dravec.org/kostel/10001799/"
"10002309","kaple v Domově pro seniory Háje","Praha 11","Římskokatolická farnost u kostela sv. Františka z Assisi Praha-Chodov","2022-02-07","https://bohosluzby.dravec.org/kostel/10002309/"
"1000851","farní kostel sv. Josefa, Veliš","Veliš","Římskokatolická farnost Veliš u Vlašimi","2022-02-14","https://bohosluzby.dravec.org/kostel/1000851/"
"1000852","filiální kostel sv. Vavřince, Bedřichovice","Jankov","Římskokatolická farnost Veliš u Vlašimi","2022-02-14","https://bohosluzby.dravec.org/kostel/1000852/"
"1000853","filiální kostel Nejsvětější Trojice, Hradiště","Hradiště","Římskokatolická farnost Veliš u Vlašimi","2022-02-14","https://bohosluzby.dravec.org/kostel/1000853/"
"80002440729005","kaple sv. Jana Nepomuckého","Sentice","Římskokatolická farnost Čebín","2022-03-28","https://bohosluzby.dravec.org/kostel/80002440729005/"
"80002611250058","kostel farní sv. Jiří","Čebín","Římskokatolická farnost Čebín","2022-03-28","https://bohosluzby.dravec.org/kostel/80002611250058/"
"80003138620334","kostel farní Nanebevzetí Panny Marie","Mikulčice","Římskokatolická farnost Mikulčice","2022-03-30","https://bohosluzby.dravec.org/kostel/80003138620334/"
"8000376240332","kostel farní sv. Václava","Olšany, Studená","Římskokatolická farnost Olšany u Dačic","2022-04-25","https://bohosluzby.dravec.org/kostel/8000376240332/"
"80001941562081","kostel farní sv. Maří Magdalény","Dolní Cerekev","Římskokatolická farnost Dolní Cerekev","2022-04-25","https://bohosluzby.dravec.org/kostel/80001941562081/"
"1000884","nemocniční kaple ve Fakultní nemocnici Bulovka","Praha 8","Římskokatolická farnost u kostela sv. Vojtěcha Praha-Libeň","2022-05-09","https://bohosluzby.dravec.org/kostel/1000884/"
"4000428929650","farní kostel sv. Anežky České","České Velenice","Římskokatolická farnost České Velenice","2022-05-26","https://bohosluzby.dravec.org/kostel/4000428929650/"
"40003361031005","filiální kostel sv. Jana Křtitele","Nová Ves nad Lužnicí","Římskokatolická farnost České Velenice","2022-05-26","https://bohosluzby.dravec.org/kostel/40003361031005/"
"1000364","filiální kostel sv. Petra a Pavla, Zlatníky","Zlatníky-Hodkovice","Římskokatolická farnost u kostela sv. Jakuba Staršího Praha-Zbraslav","2022-06-24","https://bohosluzby.dravec.org/kostel/1000364/"
"2000344","filiální kostel Panny Marie Matky ustavičné pomoci, Nová Ves nad Nisou","Nová Ves nad Nisou","Římskokatolická farnost - děkanství Jablonec nad Nisou","2022-07-01","https://bohosluzby.dravec.org/kostel/2000344/"
"80003647320007","kostel farní sv. Petra a sv. Pavla","Horní Újezd","Římskokatolická farnost Horní Újezd u Třebíče","2022-07-19","https://bohosluzby.dravec.org/kostel/80003647320007/"
"2000264","konventní kaple, Doksany","Doksany","Římskokatolická farnost Doksany","2022-07-20","https://bohosluzby.dravec.org/kostel/2000264/"
"80001505959198","kostel farní sv. Jakuba Staršího","Pohořelice","Římskokatolická farnost Pohořelice","2022-08-05","https://bohosluzby.dravec.org/kostel/80001505959198/"
"80001643478691","kostel filiální sv. Jakuba Staršího","Cvrčovice","Římskokatolická farnost Pohořelice","2022-08-05","https://bohosluzby.dravec.org/kostel/80001643478691/"
"80001764582261","kaple sv. Ludmily","Lesná, Brno","Římskokatolická farnost Brno-Lesná","2022-08-05","https://bohosluzby.dravec.org/kostel/80001764582261/"
"80003761509332","kostel blahoslavené Marie Restituty","Lesná, Brno","Římskokatolická farnost Brno-Lesná","2022-08-05","https://bohosluzby.dravec.org/kostel/80003761509332/"
"10002821","Kaple sv. Matky Terezy, Kladno","Kladno","Římskokatolická farnost u kostela Nanebevzetí Panny Marie Kladno","2022-08-08","https://bohosluzby.dravec.org/kostel/10002821/"
"2000615","opatský kostel Nanebevzetí Panny Marie, Osek","Osek","Římskokatolická farnost - děkanství Osek u Duchcova","2022-08-12","https://bohosluzby.dravec.org/kostel/2000615/"
"30002350194239","kaple na faře","Sádek","Římskokatolická farnost Sádek","2022-08-24","https://bohosluzby.dravec.org/kostel/30002350194239/"
"30004116109154","farní kostel Nejsvětější Trojice","Sádek","Římskokatolická farnost Sádek","2022-08-24","https://bohosluzby.dravec.org/kostel/30004116109154/"
"80003850233761","kostel farní sv. Jakuba Staršího","Kněžice","Římskokatolická farnost Kněžice u Třebíče","2022-09-01","https://bohosluzby.dravec.org/kostel/80003850233761/"
"200080","klášterní kostel Čtrnácti sv. pomocníků, Mělník","Mělník","Římskokatolická farnost - proboštství Mělník","2022-12-13","https://bohosluzby.dravec.org/kostel/200080/"
"20002118","kaple sv. Matky Terezy, Domov pokojného stáří, Libošovice","Libošovice","Římskokatolická farnost Libošovice","2022-12-15","https://bohosluzby.dravec.org/kostel/20002118/"
"600024673844","kaple sv. Anny Vrbice","Vrbice","Římskokatolická farnost Žlutice","2023-01-17","https://bohosluzby.dravec.org/kostel/600024673844/"
"600035283564","filiální kostel sv. Martina Jindřichovice","Jindřichovice","Římskokatolická farnost Kraslice","2023-01-17","https://bohosluzby.dravec.org/kostel/600035283564/"
"600067753763","filiální kostel sv. Jana a Pavla Halže","Halže","Římskokatolická farnost Tachov","2023-01-17","https://bohosluzby.dravec.org/kostel/600067753763/"
"6000155737538","bohoslužebné místo Domov pokojného stáří Naší Paní Klatovy","Klatovy I, Klatovy","Římskokatolická farnost Klatovy","2023-01-17","https://bohosluzby.dravec.org/kostel/6000155737538/"
"6000171206085","filiální kostel sv. Mikuláše Tisová","Tisová","Římskokatolická farnost Tachov","2023-01-17","https://bohosluzby.dravec.org/kostel/6000171206085/"
"6000298570651","farní kostel Zjevení Páně Stanovice","Stanovice","Římskokatolická farnost Stanovice","2023-01-17","https://bohosluzby.dravec.org/kostel/6000298570651/"
"6000338933954","filiální kostel Nanebevzetí Panny Marie Bublava","Bublava","Římskokatolická farnost Kraslice","2023-01-17","https://bohosluzby.dravec.org/kostel/6000338933954/"
"6000350440368","filiální kostel sv. Mikuláše Měčín","Měčín","Římskokatolická farnost Švihov","2023-01-17","https://bohosluzby.dravec.org/kostel/6000350440368/"
"6000362661021","farní kostel sv. Jakuba Staršího Staňkov","Staňkov II, Staňkov","Římskokatolická farnost Staňkov","2023-01-17","https://bohosluzby.dravec.org/kostel/6000362661021/"
"6000402611622","filiální kostel sv. Prokopa a Oldřicha Staré Sedliště","Staré Sedliště","Římskokatolická farnost Tachov","2023-01-17","https://bohosluzby.dravec.org/kostel/6000402611622/"
"6000615603797","kaple Vzkříšení Páně Pila","Pila","Římskokatolická farnost Stanovice","2023-01-17","https://bohosluzby.dravec.org/kostel/6000615603797/"
"6000671900781","filiální kostel Jména Panny Marie Chyše","Chyše","Římskokatolická farnost Žlutice","2023-01-17","https://bohosluzby.dravec.org/kostel/6000671900781/"
"6000679824826","filiální kostel sv. Josefa Slavíkovice (Černíkov)","Slavíkovice, Černíkov","Římskokatolická farnost Klatovy","2023-01-17","https://bohosluzby.dravec.org/kostel/6000679824826/"
"6000706443357","filiální kostel sv. Jiří Plzeň-Doubravka","Doubravka, Plzeň","Římskokatolická farnost Plzeň - Lobzy","2023-01-17","https://bohosluzby.dravec.org/kostel/6000706443357/"
"6000742907269","filiální kostel sv. Michaela Archanděla Oloví","Oloví","Římskokatolická farnost Kraslice","2023-01-17","https://bohosluzby.dravec.org/kostel/6000742907269/"
"6000858772898","filiální kostel sv. Petra a Pavla Rotava","Rotava","Římskokatolická farnost Kraslice","2023-01-17","https://bohosluzby.dravec.org/kostel/6000858772898/"
"6000866066116","kaple sv. Víta Dražov","Dražov, Stanovice","Římskokatolická farnost Stanovice","2023-01-17","https://bohosluzby.dravec.org/kostel/6000866066116/"
"6000904070573","farní kostel sv. Jiljí Teplá","Teplá","Římskokatolická farnost Teplá","2023-01-17","https://bohosluzby.dravec.org/kostel/6000904070573/"
"6000937770043","farní kostel Nanebevzetí Panny Marie Tachov","Tachov","Římskokatolická farnost Tachov","2023-01-17","https://bohosluzby.dravec.org/kostel/6000937770043/"
"60001156372090","filiální kostel Navštívení Panny Marie Běšiny","Běšiny","Římskokatolická farnost Klatovy","2023-01-17","https://bohosluzby.dravec.org/kostel/60001156372090/"
"60001186584363","filiální kostel sv. Mikuláše Potvorov","Potvorov","Římskokatolická farnost Kralovice","2023-01-17","https://bohosluzby.dravec.org/kostel/60001186584363/"
"60001240791273","farní kostel sv. Petra a Pavla Kralovice","Kralovice","Římskokatolická farnost Kralovice","2023-01-17","https://bohosluzby.dravec.org/kostel/60001240791273/"
"60001244051392","filiální kostel sv. Anny Planá u Mariánských Lázní","Planá","Římskokatolická farnost Planá u Mariánských Lázní","2023-01-17","https://bohosluzby.dravec.org/kostel/60001244051392/"
"60001308585554","filiální kostel Nanebevzetí Panny Marie Němčice","Němčice, Předslav","Římskokatolická farnost Plánice","2023-01-17","https://bohosluzby.dravec.org/kostel/60001308585554/"
"60001429031340","farní kostel sv. Martina a Prokopa Plzeň-Lobzy","Lobzy (Plzeň 4), Plzeň","Římskokatolická farnost Plzeň - Lobzy","2023-01-17","https://bohosluzby.dravec.org/kostel/60001429031340/"
"60001530619237","filiální kostel sv. Jana Nepomuckého Chříč","Chříč","Římskokatolická farnost Kralovice","2023-01-17","https://bohosluzby.dravec.org/kostel/60001530619237/"
"60001562952835","bohoslužebné místo Městské kulturní středisko Horní Slavkov","Horní Slavkov","Římskokatolická farnost Loket","2023-01-17","https://bohosluzby.dravec.org/kostel/60001562952835/"
"60001565611378","farní kostel Zvěstování Páně Klášter Teplá","Klášter, Teplá","Římskokatolická farnost Teplá - Klášter","2023-01-17","https://bohosluzby.dravec.org/kostel/60001565611378/"
"60001573122097","farní kostel sv. Václava Švihov","Švihov","Římskokatolická farnost Švihov","2023-01-17","https://bohosluzby.dravec.org/kostel/60001573122097/"
"60001595867973","bohoslužebné místo fara, (zimní kaple) Stanovice","Stanovice","Římskokatolická farnost Stanovice","2023-01-17","https://bohosluzby.dravec.org/kostel/60001595867973/"
"60001898932236","kaple Jména Ježíš Velký Rapotín","Velký Rapotín, Tachov","Římskokatolická farnost Tachov","2023-01-17","https://bohosluzby.dravec.org/kostel/60001898932236/"
"60001973961202","filiální kostel sv. Markéty Hošťka","Hošťka","Římskokatolická farnost Tachov","2023-01-17","https://bohosluzby.dravec.org/kostel/60001973961202/"
"60001986376359","filiální kostel Povýšení sv. Kříže Chodský Újezd","Chodský Újezd","Římskokatolická farnost Planá u Mariánských Lázní","2023-01-17","https://bohosluzby.dravec.org/kostel/60001986376359/"
"60002074215054","bohoslužebné místo Domov pro seniory Mochtín - Újezdec","Újezdec, Mochtín","Římskokatolická farnost Klatovy","2023-01-17","https://bohosluzby.dravec.org/kostel/60002074215054/"
"60002182790221","filiální kostel sv. Václava Bezděkov","Bezděkov","Římskokatolická farnost Klatovy","2023-01-17","https://bohosluzby.dravec.org/kostel/60002182790221/"
"60002287845483","farní kostel sv. Blažeje Plánice","Plánice","Římskokatolická farnost Plánice","2023-01-17","https://bohosluzby.dravec.org/kostel/60002287845483/"
"60002300472942","kaple Nejsvětějšího Srdce Páně Ctiboř","Ctiboř","Římskokatolická farnost Tachov","2023-01-17","https://bohosluzby.dravec.org/kostel/60002300472942/"
"60002309516129","filiální kostel Nejsvětější Trojice Zadní Chodov","Zadní Chodov","Římskokatolická farnost Planá u Mariánských Lázní","2023-01-17","https://bohosluzby.dravec.org/kostel/60002309516129/"
"60002311484828","filiální kostel Narození Panny Marie Nicov u Plánice","Zborovy","Římskokatolická farnost Plánice","2023-01-17","https://bohosluzby.dravec.org/kostel/60002311484828/"
"60002346474070","farní kostel sv. Maří Magdalény Karlovy Vary","Karlovy Vary","Římskokatolická farnost Karlovy Vary u sv. Maří Magdaleny","2023-01-17","https://bohosluzby.dravec.org/kostel/60002346474070/"
"60002348750005","filiální kostel Nejsvětější Trojice Staré Sedlo","Staré Sedlo","Římskokatolická farnost Loket","2023-01-17","https://bohosluzby.dravec.org/kostel/60002348750005/"
"60002359536100","filiální kostel sv. Kateřiny Olšová Vrata","Olšová Vrata, Karlovy Vary","Římskokatolická farnost Stanovice","2023-01-17","https://bohosluzby.dravec.org/kostel/60002359536100/"
"60002445709079","filiální kostel Narození sv. Jana Křtitele Valeč","Valeč","Římskokatolická farnost Žlutice","2023-01-17","https://bohosluzby.dravec.org/kostel/60002445709079/"
"60002584509116","filiální kostel sv. Václava Žihle","Žihle","Římskokatolická farnost Kralovice","2023-01-17","https://bohosluzby.dravec.org/kostel/60002584509116/"
"60002606804930","farní kostel Panny Marie Lurdské Konstantinovy Lázně","Konstantinovy Lázně","Římskokatolická farnost Konstantinovy Lázně","2023-01-17","https://bohosluzby.dravec.org/kostel/60002606804930/"
"60002646620691","filiální kostel Všech svatých Poleň","Poleň","Římskokatolická farnost Klatovy","2023-01-17","https://bohosluzby.dravec.org/kostel/60002646620691/"
"60002722072000","bohoslužebné místo Dům sociální péče Kralovice","Kralovice","Římskokatolická farnost Kralovice","2023-01-17","https://bohosluzby.dravec.org/kostel/60002722072000/"
"60002796191046","filiální kostel sv. Petra a Pavla Habartice","Habartice, Klatovy","Římskokatolická farnost Plánice","2023-01-17","https://bohosluzby.dravec.org/kostel/60002796191046/"
"60002797928570","filiální kostel sv. Kateřiny Krásno nad Teplou","Krásno","Římskokatolická farnost Loket","2023-01-17","https://bohosluzby.dravec.org/kostel/60002797928570/"
"60002803114381","bohoslužebné místo Domov seniorů Panorama Tachov","Tachov","Římskokatolická farnost Tachov","2023-01-17","https://bohosluzby.dravec.org/kostel/60002803114381/"
"60002868036334","filiální kostel sv. Kateřiny Svatá Kateřina","Svatá Kateřina, Rozvadov","Římskokatolická farnost Tachov","2023-01-17","https://bohosluzby.dravec.org/kostel/60002868036334/"
"60003003828638","filiální kostel sv. Prokopa Nezdice","Nezdice","Římskokatolická farnost Švihov","2023-01-17","https://bohosluzby.dravec.org/kostel/60003003828638/"
"60003015735666","farní kostel sv. Václava Loket","Loket","Římskokatolická farnost Loket","2023-01-17","https://bohosluzby.dravec.org/kostel/60003015735666/"
"60003030563261","filiální kostel sv. Mikuláše Kozojedy","Kozojedy","Římskokatolická farnost Kralovice","2023-01-17","https://bohosluzby.dravec.org/kostel/60003030563261/"
"60003117109791","farní kostel Nanebevstoupení Páně Karlovy Vary - Stará Role","Stará Role, Karlovy Vary","Římskokatolická farnost Karlovy Vary - Stará Role","2023-01-17","https://bohosluzby.dravec.org/kostel/60003117109791/"
"60003310472499","filiální kostel sv. Vavřince Luka","Luka, Verušičky","Římskokatolická farnost Žlutice","2023-01-17","https://bohosluzby.dravec.org/kostel/60003310472499/"
"60003372613759","filiální kostel Nejsvětějšího Srdce Ježíšova Stříbrná","Stříbrná","Římskokatolická farnost Kraslice","2023-01-17","https://bohosluzby.dravec.org/kostel/60003372613759/"
"60003466849742","farní kostel Narození Panny Marie Klatovy","Klatovy I, Klatovy","Římskokatolická farnost Klatovy","2023-01-17","https://bohosluzby.dravec.org/kostel/60003466849742/"
"60003469421649","filiální kostel Jména Panny Marie Karlovy Vary - Březová","Březová","Římskokatolická farnost Stanovice","2023-01-17","https://bohosluzby.dravec.org/kostel/60003469421649/"
"60003472644458","bohoslužebné místo Domov pro seniory Tachov","Tachov","Římskokatolická farnost Tachov","2023-01-17","https://bohosluzby.dravec.org/kostel/60003472644458/"
"60003682474650","filiální kostel sv. Jakuba Většího Močidlec","Močidlec, Pšov","Římskokatolická farnost Žlutice","2023-01-17","https://bohosluzby.dravec.org/kostel/60003682474650/"
"60003829664661","farní kostel sv. Petra a Pavla Žlutice","Žlutice","Římskokatolická farnost Žlutice","2023-01-17","https://bohosluzby.dravec.org/kostel/60003829664661/"
"60003859830529","kaple Povýšení sv. Kříže, fara Loket","Loket","Římskokatolická farnost Loket","2023-01-17","https://bohosluzby.dravec.org/kostel/60003859830529/"
"60003891180335","filiální kostel sv. Michaela Archanděla Nová Role","Nová Role","Římskokatolická farnost Karlovy Vary - Stará Role","2023-01-17","https://bohosluzby.dravec.org/kostel/60003891180335/"
"60003955600166","filiální kostel sv. Vavřince Kožlany","Kožlany","Římskokatolická farnost Kralovice","2023-01-17","https://bohosluzby.dravec.org/kostel/60003955600166/"
"60003960668214","filiální kostel Neposkvrněného početí Panny Marie a sv. Ignáce (jezuitský) Klatovy","Klatovy I, Klatovy","Římskokatolická farnost Klatovy","2023-01-17","https://bohosluzby.dravec.org/kostel/60003960668214/"
"60003966635915","filiální kostel sv. Petra a Pavla Dolany","Dolany","Římskokatolická farnost Švihov","2023-01-17","https://bohosluzby.dravec.org/kostel/60003966635915/"
"60003999141812","filiální kostel sv. Jakuba Sněžná","Sněžná, Kraslice","Římskokatolická farnost Kraslice","2023-01-17","https://bohosluzby.dravec.org/kostel/60003999141812/"
"60004034755127","filiální kostel sv. Jana Křtitele Chudenice","Chudenice","Římskokatolická farnost Švihov","2023-01-17","https://bohosluzby.dravec.org/kostel/60004034755127/"
"60004104421475","filiální kostel sv. Jiljí Zdebořice","Zdebořice, Plánice","Římskokatolická farnost Plánice","2023-01-17","https://bohosluzby.dravec.org/kostel/60004104421475/"
"60004118306956","filiální kostel sv. Antonína Paduánského Dlažov","Dlažov","Římskokatolická farnost Klatovy","2023-01-17","https://bohosluzby.dravec.org/kostel/60004118306956/"
"60004121164530","bohoslužebné místo Domov důchodců Kurojedy","Kurojedy, Bor","Římskokatolická farnost Tachov","2023-01-17","https://bohosluzby.dravec.org/kostel/60004121164530/"
"60004132532708","farní kostel Nejsvětějšího Těla Kristova Kraslice","Kraslice","Římskokatolická farnost Kraslice","2023-01-17","https://bohosluzby.dravec.org/kostel/60004132532708/"
"60004174977913","bohoslužebné místo Penzion - Domov pro seniory Klatovy","Klatovy III, Klatovy","Římskokatolická farnost Klatovy","2023-01-17","https://bohosluzby.dravec.org/kostel/60004174977913/"
"60004225777632","filiální kostel sv. Václava Kydliny","Kydliny, Klatovy","Římskokatolická farnost Plánice","2023-01-17","https://bohosluzby.dravec.org/kostel/60004225777632/"
"60004232511627","farní kostel Nanebevzetí Panny Marie Planá u Mariánských Lázní","Planá","Římskokatolická farnost Planá u Mariánských Lázní","2023-01-17","https://bohosluzby.dravec.org/kostel/60004232511627/"
"60004260451289","filiální kostel Narození Panny Marie Osvračín","Osvračín","Římskokatolická farnost Staňkov","2023-01-17","https://bohosluzby.dravec.org/kostel/60004260451289/"
"60004280969801","filiální kostel Nanebevzetí Panny Marie Bezdružice","Bezdružice","Římskokatolická farnost Konstantinovy Lázně","2023-01-17","https://bohosluzby.dravec.org/kostel/60004280969801/"
"600015024844","farní kostel sv. Jana, apoštola a evangelisty Blovice","Blovice","Římskokatolická farnost Blovice","2023-02-01","https://bohosluzby.dravec.org/kostel/600015024844/"
"6000143179755","filiální kostel sv. Michaela Archanděla Všeruby","Všeruby","Římskokatolická farnost Mrákov","2023-02-01","https://bohosluzby.dravec.org/kostel/6000143179755/"
"6000167417520","filiální kostel sv. Jiří Malesice","Malesice, Plzeň","Římskokatolická farnost Plzeň - Západ","2023-02-01","https://bohosluzby.dravec.org/kostel/6000167417520/"
"6000348338729","bohoslužebné místo fara Kdyně","Kdyně","Římskokatolická farnost Kdyně","2023-02-01","https://bohosluzby.dravec.org/kostel/6000348338729/"
"6000439326150","filiální kostel Všech svatých Nezvěstice","Nezvěstice","Římskokatolická farnost Starý Plzenec","2023-02-01","https://bohosluzby.dravec.org/kostel/6000439326150/"
"6000447762808","filiální kostel sv. Kateřiny Libá","Libá","Římskokatolická farnost Františkovy Lázně - venkov","2023-02-01","https://bohosluzby.dravec.org/kostel/6000447762808/"
"6000625607785","kaple sv. Františka z Assisi (domeček) Plzeň","Severní Předměstí, Plzeň","Římskokatolická farnost Plzeň - Severní předměstí","2023-02-01","https://bohosluzby.dravec.org/kostel/6000625607785/"
"6000872732574","filiální kostel sv. Vojtěcha Šťáhlavy","Šťáhlavy","Římskokatolická farnost Starý Plzenec","2023-02-01","https://bohosluzby.dravec.org/kostel/6000872732574/"
"60001037332179","farní kostel sv. Vojtěcha Vejprnice","Vejprnice","Římskokatolická farnost Plzeň - Západ","2023-02-01","https://bohosluzby.dravec.org/kostel/60001037332179/"
"60001073127302","filiální kostel sv. Jana Křtitele Starý Plzenec","Starý Plzenec","Římskokatolická farnost Starý Plzenec","2023-02-01","https://bohosluzby.dravec.org/kostel/60001073127302/"
"60001279155106","farní kostel sv. Martina Nejdek","Nejdek","Římskokatolická farnost Nejdek","2023-02-01","https://bohosluzby.dravec.org/kostel/60001279155106/"
"60001295044255","bohoslužebné místo Domov pro seniory Černovice","Černovice","Římskokatolická farnost Holýšov - sv. Petra a Pavla","2023-02-01","https://bohosluzby.dravec.org/kostel/60001295044255/"
"60001403217026","farní kostel Povýšení sv. Kříže Františkovy Lázně","Františkovy Lázně","Římskokatolická farnost Františkovy Lázně","2023-02-01","https://bohosluzby.dravec.org/kostel/60001403217026/"
"60001430823258","farní kostel sv. Petra a Pavla Holýšov","Holýšov","Římskokatolická farnost Holýšov - sv. Petra a Pavla","2023-02-01","https://bohosluzby.dravec.org/kostel/60001430823258/"
"60001658988112","filiální kostel sv. Jiří Kout na Šumavě","Kout na Šumavě","Římskokatolická farnost Kdyně","2023-02-01","https://bohosluzby.dravec.org/kostel/60001658988112/"
"60001688518295","farní kostel sv. Mikuláše Kdyně","Kdyně","Římskokatolická farnost Kdyně","2023-02-01","https://bohosluzby.dravec.org/kostel/60001688518295/"
"60001699430465","filiální kostel sv. Anny Pocinovice","Pocinovice","Římskokatolická farnost Kdyně","2023-02-01","https://bohosluzby.dravec.org/kostel/60001699430465/"
"60001724313383","filiální kostel sv. Prokopa Letiny","Letiny","Římskokatolická farnost Blovice","2023-02-01","https://bohosluzby.dravec.org/kostel/60001724313383/"
"60001797864144","filiální kostel Nanebevzetí Panny Marie Zvíkovec","Zvíkovec","Římskokatolická farnost Zbiroh","2023-02-01","https://bohosluzby.dravec.org/kostel/60001797864144/"
"60001840238004","farní kostel sv. Mikuláše Zbiroh","Zbiroh","Římskokatolická farnost Zbiroh","2023-02-01","https://bohosluzby.dravec.org/kostel/60001840238004/"
"60001862668371","filiální kostel sv. Václava Líšná","Líšná","Římskokatolická farnost Zbiroh","2023-02-01","https://bohosluzby.dravec.org/kostel/60001862668371/"
"60001936404977","filiální kostel sv. Martina Chválenice","Chválenice","Římskokatolická farnost Starý Plzenec","2023-02-01","https://bohosluzby.dravec.org/kostel/60001936404977/"
"60002170737560","farní kostel Narození Panny Marie Starý Plzenec","Starý Plzenec","Římskokatolická farnost Starý Plzenec","2023-02-01","https://bohosluzby.dravec.org/kostel/60002170737560/"
"60002204986254","filiální kostel sv. Vavřince Stupno","Stupno, Břasy","Římskokatolická farnost Zbiroh","2023-02-01","https://bohosluzby.dravec.org/kostel/60002204986254/"
"60002339170172","farní kostel sv. Jakuba Staršího Horní Lomany","Horní Lomany, Františkovy Lázně","Římskokatolická farnost Františkovy Lázně - venkov","2023-02-01","https://bohosluzby.dravec.org/kostel/60002339170172/"
"60002592350969","bohoslužebné místo hospic sv. Lazara Plzeň","Východní Předměstí (Plzeň 2-Slovany), Plzeň","Římskokatolická farnost Plzeň - Slovany","2023-02-01","https://bohosluzby.dravec.org/kostel/60002592350969/"
"60002748829159","filiální kostel Narození Panny Marie Loučim","Loučim","Římskokatolická farnost Kdyně","2023-02-01","https://bohosluzby.dravec.org/kostel/60002748829159/"
"60002787351251","kaple fara Holýšov","Holýšov","Římskokatolická farnost Holýšov - sv. Petra a Pavla","2023-02-01","https://bohosluzby.dravec.org/kostel/60002787351251/"
"60002850202485","filiální kostel sv. Václava Radnice","Radnice","Římskokatolická farnost Zbiroh","2023-02-01","https://bohosluzby.dravec.org/kostel/60002850202485/"
"60002929300548","farní kostel sv. Mikuláše Bor u Tachova","Bor","Římskokatolická farnost Bor u Tachova","2023-02-01","https://bohosluzby.dravec.org/kostel/60002929300548/"
"60002931956120","bohoslužebné místo Sociální a zdravotní centrum Letiny","Letiny","Římskokatolická farnost Blovice","2023-02-01","https://bohosluzby.dravec.org/kostel/60002931956120/"
"60003035914465","filiální kostel Povýšení sv. Kříže Chotíkov","Chotíkov","Římskokatolická farnost Plzeň - Severní předměstí","2023-02-01","https://bohosluzby.dravec.org/kostel/60003035914465/"
"60003100839919","kaple Nanebevzetí Panny Marie, (zámecká) Zbiroh","Zbiroh","Římskokatolická farnost Zbiroh","2023-02-01","https://bohosluzby.dravec.org/kostel/60003100839919/"
"60003153782524","farní kostel sv. Vavřince Mrákov","Mrákov","Římskokatolická farnost Mrákov","2023-02-01","https://bohosluzby.dravec.org/kostel/60003153782524/"
"60003252834734","filiální kostel sv. Mikuláše Zdemyslice","Zdemyslice","Římskokatolická farnost Blovice","2023-02-01","https://bohosluzby.dravec.org/kostel/60003252834734/"
"60003283615585","kaple sv. Václava Starý Klíčov","Starý Klíčov, Mrákov","Římskokatolická farnost Mrákov","2023-02-01","https://bohosluzby.dravec.org/kostel/60003283615585/"
"60003291980566","filiální kostel sv. Vavřince Žákava","Žákava","Římskokatolická farnost Starý Plzenec","2023-02-01","https://bohosluzby.dravec.org/kostel/60003291980566/"
"60003306847512","farní kostel Všech svatých Plzeň-Roudná","Severní Předměstí, Plzeň","Římskokatolická farnost Plzeň - Severní předměstí","2023-02-01","https://bohosluzby.dravec.org/kostel/60003306847512/"
"60003511452869","filiální kostel Povýšení sv. Kříže Újezd u Svatého Kříže","Újezd u Svatého Kříže","Římskokatolická farnost Zbiroh","2023-02-01","https://bohosluzby.dravec.org/kostel/60003511452869/"
"60003851429033","filiální kostel sv. Václava Žďár","Žďár, Ždírec","Římskokatolická farnost Blovice","2023-02-01","https://bohosluzby.dravec.org/kostel/60003851429033/"
"60003922678736","filiální kostel sv. Jakuba Staršího Drahoňův Újezd","Drahoňův Újezd","Římskokatolická farnost Zbiroh","2023-02-01","https://bohosluzby.dravec.org/kostel/60003922678736/"
"60004047193916","farní kostel Panny Marie Růžencové Plzeň-Slovany","Východní Předměstí (Plzeň 2-Slovany), Plzeň","Římskokatolická farnost Plzeň - Slovany","2023-02-01","https://bohosluzby.dravec.org/kostel/60004047193916/"
"60004056942320","filiální kostel sv. Cyrila a Metoděje Řenče","Řenče","Římskokatolická farnost Blovice","2023-02-01","https://bohosluzby.dravec.org/kostel/60004056942320/"
"60004067041313","farní kostel sv. Maří Magdalény Stod","Stod","Římskokatolická farnost Stod","2023-02-01","https://bohosluzby.dravec.org/kostel/60004067041313/"
"60004087889111","filiální kostel sv. Michaela Archanděla Meclov","Meclov","Římskokatolická farnost Poběžovice","2023-02-01","https://bohosluzby.dravec.org/kostel/60004087889111/"
"6000279259099","katedrála sv. Bartoloměje Plzeň","Vnitřní Město, Plzeň","Římskokatolická farnost Plzeň u katedrály sv. Bartoloměje","2023-02-03","https://bohosluzby.dravec.org/kostel/6000279259099/"
"6000810448326","kaple bl. Hroznaty Plzeň","Vnitřní Město, Plzeň","Římskokatolická farnost Plzeň u katedrály sv. Bartoloměje","2023-02-03","https://bohosluzby.dravec.org/kostel/6000810448326/"
"60002727640371","filiální kostel Nanebevzetí Panny Marie, (u františkánů) Plzeň","Vnitřní Město, Plzeň","Římskokatolická farnost Plzeň u katedrály sv. Bartoloměje","2023-02-03","https://bohosluzby.dravec.org/kostel/60002727640371/"
"1000679","klášterní kostel sv. Josefa, Obořiště","Obořiště","Římskokatolická farnost Svaté Pole","2023-02-07","https://bohosluzby.dravec.org/kostel/1000679/"
"60001957684772","kaple sv. Jana Nepomuckého Druztová","Druztová","Římskokatolická farnost Dýšina","2023-03-31","https://bohosluzby.dravec.org/kostel/60001957684772/"
"60002871972936","farní kostel Nejsvětější Trojice a sv. Šimona a Judy Dýšina","Dýšina","Římskokatolická farnost Dýšina","2023-03-31","https://bohosluzby.dravec.org/kostel/60002871972936/"
"6000119744060","filiální kostel sv. Václava Čistá u Rakovníka","Čistá","Římskokatolická farnost Jesenice","2023-04-17","https://bohosluzby.dravec.org/kostel/6000119744060/"
"60001835294133","farní kostel sv. Vavřince Lubenec","Lubenec","Římskokatolická farnost Lubenec","2023-04-17","https://bohosluzby.dravec.org/kostel/60001835294133/"
"60003825724739","farní kostel sv. Petra a Pavla Jesenice","Jesenice","Římskokatolická farnost Jesenice","2023-04-17","https://bohosluzby.dravec.org/kostel/60003825724739/"
"1000529","filiální kostel Nanebevzetí Panny Marie, Tismice","Tismice","Římskokatolická farnost Český Brod","2023-05-12","https://bohosluzby.dravec.org/kostel/1000529/"
"4000126332530","filiální kostel sv. Václava","Hodušín, Opařany","Římskokatolická farnost Jistebnice","2023-05-23","https://bohosluzby.dravec.org/kostel/4000126332530/"
"40002486059537","farní kostel sv. Michaela","Chlum, Jistebnice","Římskokatolická farnost Jistebnice","2023-05-23","https://bohosluzby.dravec.org/kostel/40002486059537/"
"1000105","filiální kostel sv. Františka z Assisi, Praha-Krč","Praha 4","Římskokatolická farnost u kostela Narození Panny Marie Praha-Michle","2023-05-24","https://bohosluzby.dravec.org/kostel/1000105/"
"6000321961265","filiální kostel Nanebevzetí Panny Marie Kynšperk nad Ohří","Kynšperk nad Ohří","Římskokatolická farnost Chlum sv. Maří","2023-05-29","https://bohosluzby.dravec.org/kostel/6000321961265/"
"60001983441491","kaple sv. Anny, (hřbitovní) Habartov","Habartov","Římskokatolická farnost Chlum sv. Maří","2023-05-29","https://bohosluzby.dravec.org/kostel/60001983441491/"
"60003432635279","farní kostel Nanebevzetí Panny Marie Chlum Svaté Maří","Chlum Svaté Maří","Římskokatolická farnost Chlum sv. Maří","2023-05-29","https://bohosluzby.dravec.org/kostel/60003432635279/"
"100038","filiální kostel Nanebevzetí Panny Marie, Praha-Nové Město","Praha 2","Římskokatolická farnost u kostela sv. Apolináře Praha-Nové Město","2023-06-05","https://bohosluzby.dravec.org/kostel/100038/"
"100042","farní kostel sv. Štěpána, Praha-Nové Město","Praha 2","Římskokatolická farnost u kostela sv. Štěpána Praha-Nové Město","2023-06-05","https://bohosluzby.dravec.org/kostel/100042/"
"100089","filiální kostel Nanebevzetí Panny Marie, Únětice","Únětice","Římskokatolická farnost Roztoky u Prahy","2023-06-05","https://bohosluzby.dravec.org/kostel/100089/"
"1000124","farní kostel sv. Vojtěcha, Praha-Na Balkáně","Praha 3","Římskokatolická kvazifarnost Praha-Na Balkáně","2023-06-05","https://bohosluzby.dravec.org/kostel/1000124/"
"1000151","kaple sv. Václava, Řež","Husinec","Římskokatolická farnost Odolena Voda","2023-06-05","https://bohosluzby.dravec.org/kostel/1000151/"
"1000153","filiální kostel sv. Martina, Líbeznice","Líbeznice","Římskokatolická farnost Odolena Voda","2023-06-05","https://bohosluzby.dravec.org/kostel/1000153/"
"1000154","filiální kostel Narození sv. Jana Křtitele, Hovorčovice","Hovorčovice","Římskokatolická farnost Odolena Voda","2023-06-05","https://bohosluzby.dravec.org/kostel/1000154/"
"1000583","filiální kostel sv. Bartoloměje, Libčice nad Vltavou","Libčice nad Vltavou","Římskokatolická farnost Roztoky u Prahy","2023-06-05","https://bohosluzby.dravec.org/kostel/1000583/"
"100039","farní kostel Nejsvětější Trojice, Praha-Nové Město","Praha 2","Římskokatolická farnost u kostela Nejsvětější Trojice v Podskalí Praha-Nové Město","2023-06-19","https://bohosluzby.dravec.org/kostel/100039/"
"1000878","opatský kostel Panny Marie a sv. Jeronýma, sv. Cyrila a Metoděje, sv. Vojtěcha a Prokopa, Praha-Nové Město (Emauzy)","Praha 2","Římskokatolická farnost u kostela Nejsvětější Trojice v Podskalí Praha-Nové Město","2023-06-19","https://bohosluzby.dravec.org/kostel/1000878/"
"100075","farní kostel sv. Cyrila a Metoděje, Praha-Nebušice","Praha-Nebušice","Římskokatolická farnost u kostela sv. Cyrila a Metoděje Praha-Nebušice","2023-06-28","https://bohosluzby.dravec.org/kostel/100075/"
"100076","filiální kostel sv. Jana Nepomuckého, Praha-Dejvice","Praha 6","Římskokatolická farnost u kostela sv. Cyrila a Metoděje Praha-Nebušice","2023-06-28","https://bohosluzby.dravec.org/kostel/100076/"
"1000484","filiální kostel Narození Panny Marie, Košice","Košice","Římskokatolická farnost Uhlířské Janovice","2023-06-28","https://bohosluzby.dravec.org/kostel/1000484/"
"1000521","poutní kostel sv. Anny, Sudějov","Sudějov","Římskokatolická farnost Uhlířské Janovice","2023-06-28","https://bohosluzby.dravec.org/kostel/1000521/"
"1000522","filiální kostel Nanebevzetí Panny Marie, Rašovice","Rašovice","Římskokatolická farnost Uhlířské Janovice","2023-06-28","https://bohosluzby.dravec.org/kostel/1000522/"
"1000523","filiální kostel sv. Jana Křtitele, Svatý Jan t. Krsovice","Chlístovice","Římskokatolická farnost Uhlířské Janovice","2023-06-28","https://bohosluzby.dravec.org/kostel/1000523/"
"1000545","filiální kostel Nanebevzetí Panny Marie, Zásmuky","Zásmuky","Římskokatolická farnost Uhlířské Janovice","2023-06-28","https://bohosluzby.dravec.org/kostel/1000545/"
"100064","bazilika sv. Markéty, Praha-Břevnov","Praha 6","Římskokatolická farnost u kostela sv. Markéty Praha-Břevnov","2023-06-29","https://bohosluzby.dravec.org/kostel/100064/"
"100094","bazilika sv. Ludmily, Praha-Vinohrady","Praha 2","Římskokatolická farnost u kostela sv. Ludmily Praha-Vinohrady","2023-06-29","https://bohosluzby.dravec.org/kostel/100094/"
"80001525817439","kostel farní sv. Jana Křtitele","Přibice","Římskokatolická farnost Přibice","2023-08-02","https://bohosluzby.dravec.org/kostel/80001525817439/"
"80003771947399","kostel farní sv. Oldřicha","Nové Sady, Písečné","Římskokatolická farnost Nové Sady","2023-08-02","https://bohosluzby.dravec.org/kostel/80003771947399/"
"1000696","filiální kostel sv. Jakuba Staršího, Kněževes","Kněževes","Římskokatolická farnost Petrovice u Rakovníka","2023-08-28","https://bohosluzby.dravec.org/kostel/1000696/"
"1000726","farní kostel Navštívení Panny Marie, Petrovice u Rakovníka","Petrovice","Římskokatolická farnost Petrovice u Rakovníka","2023-08-28","https://bohosluzby.dravec.org/kostel/1000726/"
"1000727","filiální kostel Nanebevzetí Panny Marie, Šanov","Šanov","Římskokatolická farnost Petrovice u Rakovníka","2023-08-28","https://bohosluzby.dravec.org/kostel/1000727/"
"8000161011475","kaple Svaté Rodiny","Hladov","Římskokatolická farnost Stará Říše","2023-08-29","https://bohosluzby.dravec.org/kostel/8000161011475/"
"8000419974061","kostel farní Všech svatých","Stará Říše","Římskokatolická farnost Stará Říše","2023-08-29","https://bohosluzby.dravec.org/kostel/8000419974061/"
"8000581660309","kostel farní Panny Marie Karmelské","Kostelní Vydří","Římskokatolická farnost Kostelní Vydří","2023-08-29","https://bohosluzby.dravec.org/kostel/8000581660309/"
"80002636125569","kostel filiální Nanebevzetí Panny Marie","Markvartice","Římskokatolická farnost Stará Říše","2023-08-29","https://bohosluzby.dravec.org/kostel/80002636125569/"
"80002909077633","kaple Narození Panny Marie","Sedlatice","Římskokatolická farnost Stará Říše","2023-08-29","https://bohosluzby.dravec.org/kostel/80002909077633/"
"80003822247649","kostel farní Nejsvětějšího Srdce Páně","Rozseč","Římskokatolická farnost Rozseč u Třešti","2023-08-29","https://bohosluzby.dravec.org/kostel/80003822247649/"
"80004154769736","kaple Nejsvětějšího Srdce Páně","Olšany","Římskokatolická farnost Stará Říše","2023-08-29","https://bohosluzby.dravec.org/kostel/80004154769736/"
"1000641","filiální kostel Všech svatých, Líšnice","Líšnice","Římskokatolická farnost Mníšek pod Brdy","2023-09-04","https://bohosluzby.dravec.org/kostel/1000641/"
"1000642","farní kostel sv. Václava, Mníšek pod Brdy","Mníšek pod Brdy","Římskokatolická farnost Mníšek pod Brdy","2023-09-04","https://bohosluzby.dravec.org/kostel/1000642/"
"1000645","filiální kostel Nanebevzetí Panny Marie, Kytín","Kytín","Římskokatolická farnost Mníšek pod Brdy","2023-09-04","https://bohosluzby.dravec.org/kostel/1000645/"
"1000646","kaple Navštívení Panny Marie, Čisovice","Čisovice","Římskokatolická farnost Mníšek pod Brdy","2023-09-04","https://bohosluzby.dravec.org/kostel/1000646/"
"1000684","filiální kostel sv. Ducha, Trnová","Trnová","Římskokatolická farnost Mníšek pod Brdy","2023-09-04","https://bohosluzby.dravec.org/kostel/1000684/"
"100013","klášterní kostel sv. Josefa, Praha-Malá Strana","Praha 1","Římskokatolická farnost u kostela sv. Tomáše Praha-Malá Strana","2023-09-19","https://bohosluzby.dravec.org/kostel/100013/"
"100033","poutní bazilika Nanebevzetí Panny Marie, Praha-Strahov","Praha 1","Římskokatolická farnost u kostela Nanebevzetí Panny Marie Praha-Strahov","2023-09-19","https://bohosluzby.dravec.org/kostel/100033/"
"100035","klášterní kostel Narození Páně, Praha-Hradčany","Praha 1","Římskokatolická farnost u kostela Nanebevzetí Panny Marie Praha-Strahov","2023-09-19","https://bohosluzby.dravec.org/kostel/100035/"
"10002","kapitulní kostel Všech svatých, Praha-Hrad","Praha 1","Římskokatolická farnost u katedrály sv. Víta, Václava a Vojtěcha Praha-Hradčany","2023-10-02","https://bohosluzby.dravec.org/kostel/10002/"
"10003","filiální kostel sv. Jiří, Praha-Hrad","Praha 1","Římskokatolická farnost u katedrály sv. Víta, Václava a Vojtěcha Praha-Hradčany","2023-10-02","https://bohosluzby.dravec.org/kostel/10003/"
"1000142","farní kostel sv. Václava, Praha-Prosek","Praha 9","Římskokatolická farnost u kostela sv. Václava Praha-Prosek","2023-10-09","https://bohosluzby.dravec.org/kostel/1000142/"
"1000710","filiální kostel sv. Kateřiny Alexandrijské, Mšec","Mšec","Římskokatolická farnost Nové Strašecí","2023-10-09","https://bohosluzby.dravec.org/kostel/1000710/"
"1000719","kaple Svatých Andělů strážných, Ruda","Ruda","Římskokatolická farnost Nové Strašecí","2023-10-09","https://bohosluzby.dravec.org/kostel/1000719/"
"1000733","filiální kostel sv. Petra a Pavla, Řevničov","Řevničov","Římskokatolická farnost Nové Strašecí","2023-10-09","https://bohosluzby.dravec.org/kostel/1000733/"
"1000741","filiální kostel sv. Jakuba Staršího, Srbeč","Srbeč","Římskokatolická farnost Nové Strašecí","2023-10-09","https://bohosluzby.dravec.org/kostel/1000741/"
"60001008960869","kaple sv. Václava Újezd","Újezd","Římskokatolická farnost Klenčí pod Čerchovem","2023-12-06","https://bohosluzby.dravec.org/kostel/60001008960869/"
"60001435613164","farní kostel sv. Martina Klenčí pod Čerchovem","Klenčí pod Čerchovem","Římskokatolická farnost Klenčí pod Čerchovem","2023-12-06","https://bohosluzby.dravec.org/kostel/60001435613164/"
"60001637427851","kaple Panny Marie Dobrá Voda u Draženova","Draženov","Římskokatolická farnost Klenčí pod Čerchovem","2023-12-06","https://bohosluzby.dravec.org/kostel/60001637427851/"
"60001670869923","filiální kostel sv. Jana Nepomuckého Trhanov","Trhanov","Římskokatolická farnost Klenčí pod Čerchovem","2023-12-06","https://bohosluzby.dravec.org/kostel/60001670869923/"
"60002877468940","filiální kostel sv. Jana Nepomuckého Nemanice","Nemanice","Římskokatolická farnost Klenčí pod Čerchovem","2023-12-06","https://bohosluzby.dravec.org/kostel/60002877468940/"
"60003274672337","kaple sv. Jakuba Staršího Postřekov","Postřekov","Římskokatolická farnost Klenčí pod Čerchovem","2023-12-06","https://bohosluzby.dravec.org/kostel/60003274672337/"
"20002168","Domov SeneCura, Terezín","Terezín","Římskokatolická farnost Terezín","2024-01-09","https://bohosluzby.dravec.org/kostel/20002168/"
"6000151428483","farní kostel sv. Mikuláše Aš","Aš","Římskokatolická farnost Aš","2024-01-19","https://bohosluzby.dravec.org/kostel/6000151428483/"
"6000878055689","kaple fara Aš","Aš","Římskokatolická farnost Aš","2024-01-19","https://bohosluzby.dravec.org/kostel/6000878055689/"
"60001954287079","filiální kostel Povýšení sv. Kříže Hazlov","Hazlov","Římskokatolická farnost Aš","2024-01-19","https://bohosluzby.dravec.org/kostel/60001954287079/"
"60002043252889","bohoslužebné místo Domov pro seniory Aš, Carvac","Aš","Římskokatolická farnost Aš","2024-01-19","https://bohosluzby.dravec.org/kostel/60002043252889/"
"60002243860165","filiální kostel Navštívení Panny Marie Hranice","Hranice","Římskokatolická farnost Aš","2024-01-19","https://bohosluzby.dravec.org/kostel/60002243860165/"
"500030999943","farní kostel Navštívení P. Marie","Bernartice nad Odrou","Římskokatolická farnost Bernartice nad Odrou","2024-02-09","https://bohosluzby.dravec.org/kostel/500030999943/"
"500049172265","farní kostel sv. Tomáše","Domašov, Bělá pod Pradědem","Římskokatolická farnost Dolní Domašov","2024-02-09","https://bohosluzby.dravec.org/kostel/500049172265/"
"5000133453929","farní kostel sv. Mikuláše","Bílovec","Římskokatolická farnost Bílovec","2024-02-09","https://bohosluzby.dravec.org/kostel/5000133453929/"
"5000166886538","filiální kostel sv. Josefa, Dělníka","Horní Žukov, Český Těšín","Římskokatolická farnost Český Těšín","2024-02-09","https://bohosluzby.dravec.org/kostel/5000166886538/"
"5000183417613","farní kostel sv. Ignáce z Loyoly","Malenovice","Římskokatolická farnost Borová-Malenovice","2024-02-09","https://bohosluzby.dravec.org/kostel/5000183417613/"
"5000261633994","filiální kostel sv. Antonína","Mosty, Český Těšín","Římskokatolická farnost Český Těšín","2024-02-09","https://bohosluzby.dravec.org/kostel/5000261633994/"
"5000368960041","kaple Navštívení P. Marie","Nižní Lhoty","Římskokatolická farnost Dobrá","2024-02-09","https://bohosluzby.dravec.org/kostel/5000368960041/"
"5000409855085","kaple P. Marie","Šunychl, Bohumín","Římskokatolická farnost Bohumín-Nový Bohumín","2024-02-09","https://bohosluzby.dravec.org/kostel/5000409855085/"
"5000431978444","farní kostel Nejsvětějšího Srdce Ježíšova","Český Těšín","Římskokatolická farnost Český Těšín","2024-02-09","https://bohosluzby.dravec.org/kostel/5000431978444/"
"5000487983665","farní kostel sv. Jakuba Staršího","Dolní Moravice","Římskokatolická farnost Dolní Moravice","2024-02-09","https://bohosluzby.dravec.org/kostel/5000487983665/"
"5000550829754","filiální kostel Neposkvrněného početí P. Marie","Staré Město","Římskokatolická farnost Bruntál","2024-02-09","https://bohosluzby.dravec.org/kostel/5000550829754/"
"5000555113089","filiální kostel Nejsvětější Trojice","Oborná","Římskokatolická farnost Bruntál","2024-02-09","https://bohosluzby.dravec.org/kostel/5000555113089/"
"5000640527514","farní kostel sv. Jiří","Dobrá","Římskokatolická farnost Dobrá","2024-02-09","https://bohosluzby.dravec.org/kostel/5000640527514/"
"5000780449850","farní kostel sv. Filipa a Jakuba","Dobratice","Římskokatolická farnost Dobratice","2024-02-09","https://bohosluzby.dravec.org/kostel/5000780449850/"
"5000952487400","farní kostel Nanebevzetí P. Marie","Brantice","Římskokatolická farnost Brantice","2024-02-09","https://bohosluzby.dravec.org/kostel/5000952487400/"
"5000978862340","farní kostel sv. Marie Magdalény","Dětmarovice","Římskokatolická farnost Dětmarovice","2024-02-09","https://bohosluzby.dravec.org/kostel/5000978862340/"
"50001135715014","filiální kostel Navštívení P. Marie","Staré Oldřůvky, Budišov nad Budišovkou","Římskokatolická farnost Budišov nad Budišovkou","2024-02-09","https://bohosluzby.dravec.org/kostel/50001135715014/"
"50001222276224","filiální kostel sv. Jana Nepomuckého","Horní Hoštice, Javorník","Římskokatolická farnost Bílá Voda","2024-02-09","https://bohosluzby.dravec.org/kostel/50001222276224/"
"50001242285456","farní kostel sv. Vavřince","Bílov","Římskokatolická farnost Bílov","2024-02-09","https://bohosluzby.dravec.org/kostel/50001242285456/"
"50001244204333","filiální kostel P. Marie Bolestné","Skřečoň, Bohumín","Římskokatolická farnost Bohumín-Nový Bohumín","2024-02-09","https://bohosluzby.dravec.org/kostel/50001244204333/"
"50001328183503","kaple sv. Isidora","Pudlov, Bohumín","Římskokatolická farnost Bohumín-Starý Bohumín","2024-02-09","https://bohosluzby.dravec.org/kostel/50001328183503/"
"50001345246775","filiální kostel sv. Antonína Paduánského","Vyšní Lhoty","Římskokatolická farnost Dobrá","2024-02-09","https://bohosluzby.dravec.org/kostel/50001345246775/"
"50001371096181","farní kostel Nejsvětějšího Srdce Páně","Nový Bohumín, Bohumín","Římskokatolická farnost Bohumín-Nový Bohumín","2024-02-09","https://bohosluzby.dravec.org/kostel/50001371096181/"
"50001489660073","farní kostel sv. Petra a Pavla","Bernartice","Římskokatolická farnost Bernartice u Javorníka","2024-02-09","https://bohosluzby.dravec.org/kostel/50001489660073/"
"50001542124069","farní kostel sv. Bedřicha","Bílá","Římskokatolická farnost Bílá","2024-02-09","https://bohosluzby.dravec.org/kostel/50001542124069/"
"50001572546132","filiální kostel sv. Kateřiny","Vrbice, Bohumín","Římskokatolická farnost Bohumín-Starý Bohumín","2024-02-09","https://bohosluzby.dravec.org/kostel/50001572546132/"
"50001621514975","farní kostel sv. Mikuláše","Březová","Římskokatolická farnost Březová u Vítkova","2024-02-09","https://bohosluzby.dravec.org/kostel/50001621514975/"
"50001638865502","farní kostel sv. Michala","Bohdanovice, Jakartovice","Římskokatolická farnost Bohdanovice","2024-02-09","https://bohosluzby.dravec.org/kostel/50001638865502/"
"50001654377319","filiální kostel Nejsvětější Trojice","Svatoňovice","Římskokatolická farnost Budišov nad Budišovkou","2024-02-09","https://bohosluzby.dravec.org/kostel/50001654377319/"
"50001782250050","farní kostel Narození P. Marie","Brumovice","Římskokatolická farnost Brumovice","2024-02-09","https://bohosluzby.dravec.org/kostel/50001782250050/"
"50001861059252","farní kostel sv. Stanislava, bisk. a muč.","Bruzovice","Římskokatolická farnost Bruzovice","2024-02-09","https://bohosluzby.dravec.org/kostel/50001861059252/"
"50001906420803","kaple sv. Hedviky","Kaňovice","Římskokatolická farnost Bruzovice","2024-02-09","https://bohosluzby.dravec.org/kostel/50001906420803/"
"50002013898718","kaple P. Marie","Žermanice","Římskokatolická farnost Bruzovice","2024-02-09","https://bohosluzby.dravec.org/kostel/50002013898718/"
"50002064325606","farní kostel Nanebevzetí P. Marie","Budišov nad Budišovkou","Římskokatolická farnost Budišov nad Budišovkou","2024-02-09","https://bohosluzby.dravec.org/kostel/50002064325606/"
"50002348577781","filiální kostel P. Marie, Uzdravení nemocných","Karlova Studánka","Římskokatolická farnost Bruntál","2024-02-09","https://bohosluzby.dravec.org/kostel/50002348577781/"
"50002430774180","farní kostel sv. Josefa Dělníka","Česká Ves","Římskokatolická farnost Česká Ves","2024-02-09","https://bohosluzby.dravec.org/kostel/50002430774180/"
"50002582870301","farní kostel Narození P. Marie","Starý Bohumín, Bohumín","Římskokatolická farnost Bohumín-Starý Bohumín","2024-02-09","https://bohosluzby.dravec.org/kostel/50002582870301/"
"50002666001939","filiální kostel sv. Jana Nepomuckého","Šunychl, Bohumín","Římskokatolická farnost Bohumín-Starý Bohumín","2024-02-09","https://bohosluzby.dravec.org/kostel/50002666001939/"
"50002788817284","filiální kostel sv. Isidora","Věřňovice, Dolní Lutyně","Římskokatolická farnost Dolní Lutyně","2024-02-09","https://bohosluzby.dravec.org/kostel/50002788817284/"
"50002822596087","filiální kostel Nanebevzetí P. Marie","Pržno","Římskokatolická farnost Borová-Malenovice","2024-02-09","https://bohosluzby.dravec.org/kostel/50002822596087/"
"50002871383664","filiální kostel sv. Jakuba","Stará Ves, Bílovec","Římskokatolická farnost Bílovec","2024-02-09","https://bohosluzby.dravec.org/kostel/50002871383664/"
"50002891159617","filiální kostel P. Marie","Chotěbuz","Římskokatolická farnost Český Těšín","2024-02-09","https://bohosluzby.dravec.org/kostel/50002891159617/"
"50002946999882","farní kostel P. Marie","Černá Voda","Římskokatolická farnost Černá Voda","2024-02-09","https://bohosluzby.dravec.org/kostel/50002946999882/"
"50002974141790","farní kostel Nejsvětějšího Spasitele","Dolní Životice","Římskokatolická farnost Dolní Životice","2024-02-09","https://bohosluzby.dravec.org/kostel/50002974141790/"
"50003139467987","farní kostel sv. Jana Křtitele","Dolní Lutyně","Římskokatolická farnost Dolní Lutyně","2024-02-09","https://bohosluzby.dravec.org/kostel/50003139467987/"
"50003428626019","farní kostel sv. Valentina, bisk. a muč.","Bravantice","Římskokatolická farnost Bravantice","2024-02-09","https://bohosluzby.dravec.org/kostel/50003428626019/"
"50003567716888","farní kostel Zjevení Páně","Břidličná","Římskokatolická farnost Břidličná","2024-02-09","https://bohosluzby.dravec.org/kostel/50003567716888/"
"50003752212686","filiální kostel sv. Providentia Dei","Koňákov, Český Těšín","Římskokatolická farnost Český Těšín","2024-02-09","https://bohosluzby.dravec.org/kostel/50003752212686/"
"50003778852366","farní kostel sv. Vavřince","Bílý Potok, Javorník","Římskokatolická farnost Bílý Potok","2024-02-09","https://bohosluzby.dravec.org/kostel/50003778852366/"
"50003801851679","farní kostel Navštívení P. Marie","Městys Bílá Voda, Bílá Voda","Římskokatolická farnost Bílá Voda","2024-02-09","https://bohosluzby.dravec.org/kostel/50003801851679/"
"50003850168402","filiální kostel sv. Hedviky","Český Těšín","Římskokatolická farnost Český Těšín","2024-02-09","https://bohosluzby.dravec.org/kostel/50003850168402/"
"50003914248924","kaple sv. Jana Nepomuckého","Pazderna","Římskokatolická farnost Bruzovice","2024-02-09","https://bohosluzby.dravec.org/kostel/50003914248924/"
"50004288141500","farní kostel Nanebevzetí P. Marie","Bruntál","Římskokatolická farnost Bruntál","2024-02-09","https://bohosluzby.dravec.org/kostel/50004288141500/"
"500073950832","filiální kostel sv. Bartoloměje","Třanovice","Římskokatolická farnost Hnojník","2024-02-12","https://bohosluzby.dravec.org/kostel/500073950832/"
"500098886534","farní kostel sv. Markéty","Bludovice, Havířov","Římskokatolická farnost sv. Markéty Havířov - Bludovice","2024-02-12","https://bohosluzby.dravec.org/kostel/500098886534/"
"5000211594221","farní kostel sv. Petra a Pavla","Jistebník","Římskokatolická farnost Jistebník","2024-02-12","https://bohosluzby.dravec.org/kostel/5000211594221/"
"5000545920074","filiální kostel sv. Šimona a Judy","Lískovec, Frýdek-Místek","Římskokatolická farnost Frýdek","2024-02-12","https://bohosluzby.dravec.org/kostel/5000545920074/"
"5000573662622","farní kostel sv. Jana Boska","Šumbark, Havířov","Římskokatolická farnost Havířov - Šumbark","2024-02-12","https://bohosluzby.dravec.org/kostel/5000573662622/"
"5000590055977","farní kostel sv. Josefa dělníka","Horní Suchá","Římskokatolická farnost Horní Suchá","2024-02-12","https://bohosluzby.dravec.org/kostel/5000590055977/"
"5000683596230","farní kostel sv. Martina","Pod Bezručovým vrchem, Krnov","Římskokatolická farnost Krnov","2024-02-12","https://bohosluzby.dravec.org/kostel/5000683596230/"
"5000694064205","farní kostel sv. Ondřeje, apoštola","Heřmanovice","Římskokatolická farnost Heřmanovice","2024-02-12","https://bohosluzby.dravec.org/kostel/5000694064205/"
"5000701667328","farní kostel Povýšení sv. Kříže","Fryštát, Karviná","Římskokatolická farnost Karviná","2024-02-12","https://bohosluzby.dravec.org/kostel/5000701667328/"
"5000759967152","farní kostel Narození P. Marie","Jakartovice","Římskokatolická farnost Jakartovice","2024-02-12","https://bohosluzby.dravec.org/kostel/5000759967152/"
"5000784437075","filiální kostel sv. Petra a Pavla","Děrné, Fulnek","Římskokatolická farnost Fulnek","2024-02-12","https://bohosluzby.dravec.org/kostel/5000784437075/"
"5000820454850","filiální kostel sv. Josefa","Staré Město","Římskokatolická farnost Frýdek","2024-02-12","https://bohosluzby.dravec.org/kostel/5000820454850/"
"5000921380284","farní kostel sv. Martina biskupa Tourského","Frenštát pod Radhoštěm","Římskokatolická farnost Frenštát pod Radhoštěm","2024-02-12","https://bohosluzby.dravec.org/kostel/5000921380284/"
"5000941984557","farní kostel sv. Floriána","Kružberk","Římskokatolická farnost Kružberk","2024-02-12","https://bohosluzby.dravec.org/kostel/5000941984557/"
"5000952533438","farní kostel sv. Jana Křtitele","Hlučín","Římskokatolická farnost Hlučín","2024-02-12","https://bohosluzby.dravec.org/kostel/5000952533438/"
"50001276365101","farní kostel Nejsvětější Trojice","Janov","Římskokatolická farnost Janov ve Slezsku","2024-02-12","https://bohosluzby.dravec.org/kostel/50001276365101/"
"50001295601416","farní kostel Nejsvětější Trojice","Hlavnice","Římskokatolická farnost Hlavnice","2024-02-12","https://bohosluzby.dravec.org/kostel/50001295601416/"
"50001319756808","farní kostel sv. Mikuláše","Hladké Životice","Římskokatolická farnost Hladké Životice","2024-02-12","https://bohosluzby.dravec.org/kostel/50001319756808/"
"50001403409325","farní kostel Krista Dobrého Pastýře","Hněvošice","Římskokatolická farnost Hněvošice","2024-02-12","https://bohosluzby.dravec.org/kostel/50001403409325/"
"50001411156025","farní kostel sv. Hedviky","Doubrava","Římskokatolická farnost Doubrava","2024-02-12","https://bohosluzby.dravec.org/kostel/50001411156025/"
"50001468091385","kaple sv. Jana Nepomuckého","Horní Bludovice","Římskokatolická farnost sv. Markéty Havířov - Bludovice","2024-02-12","https://bohosluzby.dravec.org/kostel/50001468091385/"
"50001621663009","farní kostel sv. Kateřiny","Klimkovice","Římskokatolická farnost Klimkovice","2024-02-12","https://bohosluzby.dravec.org/kostel/50001621663009/"
"50001644314352","filiální kostel Nanebevzetí P. Marie","Bukovec","Římskokatolická farnost Jablunkov","2024-02-12","https://bohosluzby.dravec.org/kostel/50001644314352/"
"50001863672084","farní kostel sv. Matouše","Hať","Římskokatolická farnost Hať","2024-02-12","https://bohosluzby.dravec.org/kostel/50001863672084/"
"50001914111036","filiální kostel sv. Josefa ","Jablunkov","Římskokatolická farnost Jablunkov","2024-02-12","https://bohosluzby.dravec.org/kostel/50001914111036/"
"50001936550202","farní kostel sv. Jana Křtitele","Frýdek, Frýdek-Místek","Římskokatolická farnost Frýdek","2024-02-12","https://bohosluzby.dravec.org/kostel/50001936550202/"
"50001993140089","kaple sv. Josefa","Mladecko","Římskokatolická farnost Jakartovice","2024-02-12","https://bohosluzby.dravec.org/kostel/50001993140089/"
"50002022139310","filiální kostel Božského Srdce Páně","Komorní Lhotka","Římskokatolická farnost Hnojník","2024-02-12","https://bohosluzby.dravec.org/kostel/50002022139310/"
"50002027820849","farní kostel Povýšení sv. Kříže","Chuchelná","Římskokatolická farnost Chuchelná","2024-02-12","https://bohosluzby.dravec.org/kostel/50002027820849/"
"50002114377606","farní kostel sv. Anny","Město, Havířov","Římskokatolická farnost sv. Anny Havířov-Město","2024-02-12","https://bohosluzby.dravec.org/kostel/50002114377606/"
"50002117336860","farní kostel sv. Kateřiny","Horní Benešov","Římskokatolická farnost Horní Benešov","2024-02-12","https://bohosluzby.dravec.org/kostel/50002117336860/"
"50002164340464","filiální kostel Navštívení P. Marie","Deštné, Jakartovice","Římskokatolická farnost Jakartovice","2024-02-12","https://bohosluzby.dravec.org/kostel/50002164340464/"
"50002198656548","filiální kostel Božího Milosrdenství","Písek","Římskokatolická farnost Jablunkov","2024-02-12","https://bohosluzby.dravec.org/kostel/50002198656548/"
"50002206830045","filiální kostel sv. Hedviky","Darkovice","Římskokatolická farnost Hať","2024-02-12","https://bohosluzby.dravec.org/kostel/50002206830045/"
"50002227114831","farní kostel sv. Jáchyma","Kobylá nad Vidnavkou","Římskokatolická farnost Kobylá nad Vidnavkou","2024-02-12","https://bohosluzby.dravec.org/kostel/50002227114831/"
"50002251309607","farní kostel sv. Floriána","Kozmice","Římskokatolická farnost Kozmice u Hlučína","2024-02-12","https://bohosluzby.dravec.org/kostel/50002251309607/"
"50002272211915","farní kostel Božského Srdce Páně","Hodslavice","Římskokatolická farnost Hodslavice","2024-02-12","https://bohosluzby.dravec.org/kostel/50002272211915/"
"50002272497742","filiální kostel sv. Cyrila a Metoděje","Hrčava","Římskokatolická farnost Jablunkov","2024-02-12","https://bohosluzby.dravec.org/kostel/50002272497742/"
"50002334499274","kaple sv. Cyrila a Metoděje Radhošť","Trojanovice","Římskokatolická farnost Frenštát pod Radhoštěm","2024-02-12","https://bohosluzby.dravec.org/kostel/50002334499274/"
"50002347586422","farní kostel Nanebevzetí P. Marie","Jeseník","Římskokatolická farnost Jeseník","2024-02-12","https://bohosluzby.dravec.org/kostel/50002347586422/"
"50002381141092","farní kostel sv. Bartoloměje","Kravaře","Římskokatolická farnost Kravaře","2024-02-12","https://bohosluzby.dravec.org/kostel/50002381141092/"
"50002407074704","filiální kostel sv. Václava","Skály, Horní Město","Římskokatolická farnost Horní Město","2024-02-12","https://bohosluzby.dravec.org/kostel/50002407074704/"
"50002452488172","farní kostel Nanebevzetí P. Marie","Fryčovice","Římskokatolická farnost Fryčovice","2024-02-12","https://bohosluzby.dravec.org/kostel/50002452488172/"
"50002515510561","farní kostel sv. Jiljí","Huzová","Římskokatolická farnost Huzová","2024-02-12","https://bohosluzby.dravec.org/kostel/50002515510561/"
"50002587078350","farní kostel sv. Michaela Archanděla","Hošťálkovy","Římskokatolická farnost Hošťálkovy","2024-02-12","https://bohosluzby.dravec.org/kostel/50002587078350/"
"50002806491508","farní kostel Nejsvětější Trojice","Fulnek","Římskokatolická farnost Fulnek","2024-02-12","https://bohosluzby.dravec.org/kostel/50002806491508/"
"50002828527345","farní kostel sv. Marie Magdalény","Horní Město","Římskokatolická farnost Horní Město","2024-02-12","https://bohosluzby.dravec.org/kostel/50002828527345/"
"50002921057676","farní kostel Neposkvrněného početí P. Marie","Holčovice","Římskokatolická farnost Holčovice","2024-02-12","https://bohosluzby.dravec.org/kostel/50002921057676/"
"50003036911015","filiální kostel sv. Mikuláše","Kouty, Kravaře","Římskokatolická farnost Kravaře","2024-02-12","https://bohosluzby.dravec.org/kostel/50003036911015/"
"50003068404981","farní kostel sv. Josefa","Janovice","Římskokatolická farnost Janovice","2024-02-12","https://bohosluzby.dravec.org/kostel/50003068404981/"
"50003089146140","farní kostel sv. Benedikta","Pod Bezručovým vrchem, Krnov","Římskokatolická farnost Krnov-Kostelec","2024-02-12","https://bohosluzby.dravec.org/kostel/50003089146140/"
"50003133097852","filiální kostel sv. Jiří","Bukovice, Jeseník","Římskokatolická farnost Jeseník","2024-02-12","https://bohosluzby.dravec.org/kostel/50003133097852/"
"50003314296519","filiální kostel sv. Jiří","Vrchy","Římskokatolická farnost Fulnek","2024-02-12","https://bohosluzby.dravec.org/kostel/50003314296519/"
"50003316621375","farní kostel sv. Jakuba Staršího","Guntramovice, Budišov nad Budišovkou","Římskokatolická farnost Guntramovice","2024-02-12","https://bohosluzby.dravec.org/kostel/50003316621375/"
"50003321445900","farní kostel sv. Kateřiny","Krasov","Římskokatolická farnost Krasov","2024-02-12","https://bohosluzby.dravec.org/kostel/50003321445900/"
"50003325189287","farní kostel sv. Mikuláše","Jindřichov","Římskokatolická farnost Jindřichov u Krnova","2024-02-12","https://bohosluzby.dravec.org/kostel/50003325189287/"
"50003339754104","filiální kostel sv. Jana Křtitele","Frenštát pod Radhoštěm","Římskokatolická farnost Frenštát pod Radhoštěm","2024-02-12","https://bohosluzby.dravec.org/kostel/50003339754104/"
"50003346307872","farní kostel sv. Valentina, bisk. a muč.","Háj ve Slezsku","Římskokatolická farnost Háj ve Slezsku","2024-02-12","https://bohosluzby.dravec.org/kostel/50003346307872/"
"50003474315039","filiální kostel Navštívení P. Marie","Soběšovice","Římskokatolická farnost Domaslavice","2024-02-12","https://bohosluzby.dravec.org/kostel/50003474315039/"
"50003525203422","kaple sv. Cyrila a Metoděje","Dolní Tošanovice","Římskokatolická farnost Domaslavice","2024-02-12","https://bohosluzby.dravec.org/kostel/50003525203422/"
"50003611764906","farní kostel Nanebevzetí P. Marie","Jeseník nad Odrou","Římskokatolická farnost Jeseník nad Odrou","2024-02-12","https://bohosluzby.dravec.org/kostel/50003611764906/"
"50003647407520","farní kostel sv. Jakuba Staršího","Horní Domaslavice","Římskokatolická farnost Domaslavice","2024-02-12","https://bohosluzby.dravec.org/kostel/50003647407520/"
"50003786280593","farní kostel sv. Bartoloměje","Frýdlant, Frýdlant nad Ostravicí","Římskokatolická farnost Frýdlant nad Ostravicí","2024-02-12","https://bohosluzby.dravec.org/kostel/50003786280593/"
"50003793263134","basilica minor Navštívení P.Marie","Frýdek, Frýdek-Místek","Římskokatolická farnost Frýdek","2024-02-12","https://bohosluzby.dravec.org/kostel/50003793263134/"
"50003886509820","rektorátní kostel Panny Marie Sedmibolestné poutní chrám","Pod Cvilínem, Krnov","Římskokatolická farnost Krnov","2024-02-12","https://bohosluzby.dravec.org/kostel/50003886509820/"
"50003929774437","farní kostel Nejsvětější Trojice","Javorník","Římskokatolická farnost Javorník ve Slezsku","2024-02-12","https://bohosluzby.dravec.org/kostel/50003929774437/"
"50003933855304","farní kostel Božího Těla","Jablunkov","Římskokatolická farnost Jablunkov","2024-02-12","https://bohosluzby.dravec.org/kostel/50003933855304/"
"50003937488457","filiální kostel sv. Kateřiny","Stachovice, Fulnek","Římskokatolická farnost Fulnek","2024-02-12","https://bohosluzby.dravec.org/kostel/50003937488457/"
"50003967444655","farní kostel Nanebevzetí P. Marie","Hnojník","Římskokatolická farnost Hnojník","2024-02-12","https://bohosluzby.dravec.org/kostel/50003967444655/"
"50003971860423","farní kostel Nanebevzetí P. Marie","Milotice nad Opavou","Římskokatolická farnost Jelení u Bruntálu","2024-02-12","https://bohosluzby.dravec.org/kostel/50003971860423/"
"50003991975163","farní kostel sv. Jana Nepomuckého","Karlovice","Římskokatolická farnost Karlovice","2024-02-12","https://bohosluzby.dravec.org/kostel/50003991975163/"
"50004011355510","farní kostel sv. Jana Křtitele","Prostřední Suchá, Havířov","Římskokatolická farnost Havířov-Prostřední Suchá","2024-02-12","https://bohosluzby.dravec.org/kostel/50004011355510/"
"50004026231769","rektorátní kostel Narození Panny Marie klášter minoritů","Pod Bezručovým vrchem, Krnov","Římskokatolická farnost Krnov","2024-02-12","https://bohosluzby.dravec.org/kostel/50004026231769/"
"50004101032600","farní kostel Povýšení sv. Kříže","Horní Lomná","Římskokatolická farnost Horní Lomná","2024-02-12","https://bohosluzby.dravec.org/kostel/50004101032600/"
"50004153900292","farní kostel Nanebevzetí P. Marie","Kobeřice","Římskokatolická farnost Kobeřice","2024-02-12","https://bohosluzby.dravec.org/kostel/50004153900292/"
"50004177459981","kaple Nanebevzetí P. Marie","Darkovičky, Hlučín","Římskokatolická farnost Hlučín","2024-02-12","https://bohosluzby.dravec.org/kostel/50004177459981/"
"50004233695165","farní kostel sv. Ondřeje, apoštola","Klokočov, Vítkov","Římskokatolická farnost Klokočov","2024-02-12","https://bohosluzby.dravec.org/kostel/50004233695165/"
"50004238997267","farní kostel sv. Petra z Alkantary","Doly, Karviná","Římskokatolická farnost Karviná - Doly","2024-02-12","https://bohosluzby.dravec.org/kostel/50004238997267/"
"50004246691954","filiální kostel sv. Jana Křtitele","Lukavec, Fulnek","Římskokatolická farnost Fulnek","2024-02-12","https://bohosluzby.dravec.org/kostel/50004246691954/"
"50004281145413","farní kostel sv. Archanděla. Michaela","Hrozová, Rusín","Římskokatolická farnost Hrozová","2024-02-12","https://bohosluzby.dravec.org/kostel/50004281145413/"
"5000206593121","farní kostel Nanebevzetí P. Marie","Liptaň","Římskokatolická farnost Liptaň","2024-02-14","https://bohosluzby.dravec.org/kostel/5000206593121/"
"5000274605935","farní kostel sv. Jiří","Mořkov","Římskokatolická farnost Mořkov","2024-02-14","https://bohosluzby.dravec.org/kostel/5000274605935/"
"5000618697568","farní kostel Všech svatých","Metylovice","Římskokatolická farnost Metylovice","2024-02-14","https://bohosluzby.dravec.org/kostel/5000618697568/"
"5000749002625","farní kostel sv. Jana a Pavla","Místek, Frýdek-Místek","Římskokatolická farnost Místek","2024-02-14","https://bohosluzby.dravec.org/kostel/5000749002625/"
"5000936825280","farní kostel sv. Marie z Magdaly","Kunčice pod Ondřejníkem","Římskokatolická farnost Kunčice pod Ondřejníkem","2024-02-14","https://bohosluzby.dravec.org/kostel/5000936825280/"
"50001083628362","farní kostel sv. Václava","Lubina, Kopřivnice","Římskokatolická farnost Lubina","2024-02-14","https://bohosluzby.dravec.org/kostel/50001083628362/"
"50001241251056","farní kostel sv. Jiří","Lubojaty, Bílovec","Římskokatolická farnost Lubojaty","2024-02-14","https://bohosluzby.dravec.org/kostel/50001241251056/"
"50001482771559","filiální kostel sv. Jana Nepomuckého","Sviadnov","Římskokatolická farnost Místek","2024-02-14","https://bohosluzby.dravec.org/kostel/50001482771559/"
"50001493446012","farní kostel sv. Markéty","Mošnov","Římskokatolická farnost Mošnov","2024-02-14","https://bohosluzby.dravec.org/kostel/50001493446012/"
"50001619509980","farní kostel sv. Mikuláše","Mikulovice","Římskokatolická farnost Mikulovice","2024-02-14","https://bohosluzby.dravec.org/kostel/50001619509980/"
"50001772619849","farní kostel sv. Hedviky","Mosty u Jablunkova","Římskokatolická farnost Mosty u Jablunkova","2024-02-14","https://bohosluzby.dravec.org/kostel/50001772619849/"
"50001821256170","farní kostel sv. Václava","Lipová-lázně","Římskokatolická farnost Lipová-lázně","2024-02-14","https://bohosluzby.dravec.org/kostel/50001821256170/"
"50001867455705","farní kostel sv. Filipa a Jakuba","Moravice","Římskokatolická farnost Moravice","2024-02-14","https://bohosluzby.dravec.org/kostel/50001867455705/"
"50002050314628","farní kostel sv. Jakuba","Libhošť","Římskokatolická farnost Libhošť","2024-02-14","https://bohosluzby.dravec.org/kostel/50002050314628/"
"50002078022509","farní kostel Navštívení P. Marie","Mankovice","Římskokatolická farnost Mankovice","2024-02-14","https://bohosluzby.dravec.org/kostel/50002078022509/"
"50002237211670","filiální kostel Všech svatých","Místek, Frýdek-Místek","Římskokatolická farnost Místek","2024-02-14","https://bohosluzby.dravec.org/kostel/50002237211670/"
"50002551814475","filiální kostel P. Marie Sněžné","Lysůvky, Frýdek-Místek","Římskokatolická farnost Místek","2024-02-14","https://bohosluzby.dravec.org/kostel/50002551814475/"
"50002635278256","farní kostel sv. Jana Nepomuckého","Pražmo","Římskokatolická farnost Morávka","2024-02-14","https://bohosluzby.dravec.org/kostel/50002635278256/"
"50002645871448","farní kostel sv. Petra a Pavla","Lichnov","Římskokatolická farnost Lichnov u Nového Jičína","2024-02-14","https://bohosluzby.dravec.org/kostel/50002645871448/"
"50002652145595","farní kostel sv. Michaela Archanděla","Kujavy","Římskokatolická farnost Kujavy","2024-02-14","https://bohosluzby.dravec.org/kostel/50002652145595/"
"50002934482558","kaple sv. Prokopa","Kunčice pod Ondřejníkem","Římskokatolická farnost Kunčice pod Ondřejníkem","2024-02-14","https://bohosluzby.dravec.org/kostel/50002934482558/"
"50002949825078","farní kostel Povýšení sv. Kříže","Linhartovy, Město Albrechtice","Římskokatolická farnost Linhartovy","2024-02-14","https://bohosluzby.dravec.org/kostel/50002949825078/"
"50003204585909","farní kostel Navštívení P. Marie","Křišťanovice","Římskokatolická farnost Křišťanovice","2024-02-14","https://bohosluzby.dravec.org/kostel/50003204585909/"
"50003302952856","farní kostel sv. Jiří","Lomnice","Římskokatolická farnost Lomnice u Rýmařova","2024-02-14","https://bohosluzby.dravec.org/kostel/50003302952856/"
"50003648672630","farní kostel sv. Bartoloměje","Litultovice","Římskokatolická farnost Litultovice","2024-02-14","https://bohosluzby.dravec.org/kostel/50003648672630/"
"50003673517749","farní kostel sv. Vavřince","Leskovec nad Moravicí","Římskokatolická farnost Leskovec nad Moravicí","2024-02-14","https://bohosluzby.dravec.org/kostel/50003673517749/"
"50003723912446","farní kostel sv. Jana Křtitele","Mokré Lazce","Římskokatolická farnost Mokré Lazce","2024-02-14","https://bohosluzby.dravec.org/kostel/50003723912446/"
"50003792326879","filiální kostel sv. Kateřiny","Stránské, Rýmařov","Římskokatolická farnost Lomnice u Rýmařova","2024-02-14","https://bohosluzby.dravec.org/kostel/50003792326879/"
"50003934320516","farní kostel Povýšení sv. Kříže","Kunín","Římskokatolická farnost Kunín","2024-02-14","https://bohosluzby.dravec.org/kostel/50003934320516/"
"50003957547896","farní kostel sv. Mikuláše","Lichnov","Římskokatolická farnost Lichnov u Bruntálu","2024-02-14","https://bohosluzby.dravec.org/kostel/50003957547896/"
"50004152746453","filiální kostel Narození P. Marie","Hodoňovice, Baška","Římskokatolická farnost Místek","2024-02-14","https://bohosluzby.dravec.org/kostel/50004152746453/"
"80003660637604","kostel farní sv. Jiljí","Střížov, Vladislav","Římskokatolická farnost Střížov - Číměř","2024-02-15","https://bohosluzby.dravec.org/kostel/80003660637604/"
"80001723271992","kaple sv. Anny","Všechovice","Římskokatolická farnost Drásov","2024-02-16","https://bohosluzby.dravec.org/kostel/80001723271992/"
"80002524349949","kostel filiální sv. Markéty","Moravské Knínice","Římskokatolická farnost Kuřim","2024-02-16","https://bohosluzby.dravec.org/kostel/80002524349949/"
"80003087992222","kostel farní sv. Maří Magdalény","Kuřim","Římskokatolická farnost Kuřim","2024-02-16","https://bohosluzby.dravec.org/kostel/80003087992222/"
"80003414762542","kostel farní Povýšení sv. Kříže","Drásov","Římskokatolická farnost Drásov","2024-02-16","https://bohosluzby.dravec.org/kostel/80003414762542/"
"80004134635982","kostel filiální sv. Vavřince","Malhostovice","Římskokatolická farnost Drásov","2024-02-16","https://bohosluzby.dravec.org/kostel/80004134635982/"
"80003900718479","kostel farní sv. Jakuba Staršího","Nikolčice","Římskokatolická farnost Nikolčice","2024-02-21","https://bohosluzby.dravec.org/kostel/80003900718479/"
"1000480","farní kostel Svatých Andělů strážných, Kostelec nad Černými lesy","Kostelec nad Černými lesy","Římskokatolická farnost Kostelec nad Černými lesy","2024-03-06","https://bohosluzby.dravec.org/kostel/1000480/"
"8000343254699","kostel filiální sv. Bartoloměje","Hlohovec","Římskokatolická farnost Valtice","2024-03-11","https://bohosluzby.dravec.org/kostel/8000343254699/"
"80001140122367","kostel farní Nanebevzetí Panny Marie","Valtice","Římskokatolická farnost Valtice","2024-03-11","https://bohosluzby.dravec.org/kostel/80001140122367/"
"80001210676281","kostel filiální sv. Augustina","Valtice","Římskokatolická farnost Valtice","2024-03-11","https://bohosluzby.dravec.org/kostel/80001210676281/"
"80003644806301","kostel filiální sv. Stanislav","Úvaly, Valtice","Římskokatolická farnost Valtice","2024-03-11","https://bohosluzby.dravec.org/kostel/80003644806301/"
"80003892281534","kostel farní sv. Augustina","Syrovice","Římskokatolická farnost Syrovice","2024-03-11","https://bohosluzby.dravec.org/kostel/80003892281534/"
"80001377988558","kostel farní sv. Václava","Ochoz u Brna","Římskokatolická farnost Ochoz u Brna","2024-03-19","https://bohosluzby.dravec.org/kostel/80001377988558/"
"1000663","poutní bazilika Nanebevzetí Panny Marie, Příbram-Svatá Hora","Příbram","Římskokatolická farnost u kostela Nanebevzetí Panny Marie Příbram-Svatá Hora","2024-03-21","https://bohosluzby.dravec.org/kostel/1000663/"
"600067555248","filiální kostel sv. Anny Pňovany","Pňovany","Římskokatolická farnost Nýřany","2024-03-22","https://bohosluzby.dravec.org/kostel/600067555248/"
"6000351095586","kaple Panny Marie Zbůch","Zbůch","Římskokatolická farnost Nýřany","2024-03-22","https://bohosluzby.dravec.org/kostel/6000351095586/"
"6000778656420","farní kostel sv. Prokopa, opata Nýřany","Nýřany","Římskokatolická farnost Nýřany","2024-03-22","https://bohosluzby.dravec.org/kostel/6000778656420/"
"60001422512828","filiální kostel Nejsvětější Trojice Jezná","Jezná, Úlice","Římskokatolická farnost Nýřany","2024-03-22","https://bohosluzby.dravec.org/kostel/60001422512828/"
"60001457666443","filiální kostel sv. Martina, (Heřmanova Huť) Horní Sekyřany","Horní Sekyřany, Heřmanova Huť","Římskokatolická farnost Nýřany","2024-03-22","https://bohosluzby.dravec.org/kostel/60001457666443/"
"50002417478419","farní kostel sv. Martina ","Bohušov","Římskokatolická farnost Bohušov","2024-03-25","https://bohosluzby.dravec.org/kostel/50002417478419/"
"5000242082994","farní kostel sv. Martina","Ondřejovice, Zlaté Hory","Římskokatolická farnost Ondřejovice","2024-04-04","https://bohosluzby.dravec.org/kostel/5000242082994/"
"5000430182370","kaple sv. Cyrila a Metoděje","Milostovice, Opava","Římskokatolická farnost Opava-Jaktař","2024-04-04","https://bohosluzby.dravec.org/kostel/5000430182370/"
"5000679489724","farní kostel Nar. sv. Jana Křtitele","Neplachovice","Římskokatolická farnost Neplachovice","2024-04-04","https://bohosluzby.dravec.org/kostel/5000679489724/"
"50001100781943","farní kostel sv. Mikuláše","Nové Těchanovice, Vítkov","Římskokatolická farnost Nové Těchanovice","2024-04-04","https://bohosluzby.dravec.org/kostel/50001100781943/"
"50001518652567","farní kostel Nanebevzetí P. Marie","Nový Jičín","Římskokatolická farnost Nový Jičín","2024-04-04","https://bohosluzby.dravec.org/kostel/50001518652567/"
"50001548186367","kaple Bolestné P. Marie Španělská kaple","Nový Jičín","Římskokatolická farnost Nový Jičín","2024-04-04","https://bohosluzby.dravec.org/kostel/50001548186367/"
"50001796167609","kaple sv. Kříže","Město, Opava","Římskokatolická farnost Panny Marie Opava","2024-04-04","https://bohosluzby.dravec.org/kostel/50001796167609/"
"50001830487517","filiální kostel sv. Petra a Pavla","Staré Těchanovice","Římskokatolická farnost Nové Těchanovice","2024-04-04","https://bohosluzby.dravec.org/kostel/50001830487517/"
"50001941706063","farní kostel sv. Bartoloměje","Odry","Římskokatolická farnost Odry","2024-04-04","https://bohosluzby.dravec.org/kostel/50001941706063/"
"50002352514380","farní kostel Nejsvětější Trojice","Nové Lublice","Římskokatolická farnost Nové Lublice","2024-04-04","https://bohosluzby.dravec.org/kostel/50002352514380/"
"50002440718582","filiální kostel sv. Martina","Tošovice, Odry","Římskokatolická farnost Odry","2024-04-04","https://bohosluzby.dravec.org/kostel/50002440718582/"
"50002468667444","farní kostel sv. Petra a Pavla","Jaktař (Opava), Opava","Římskokatolická farnost Opava-Jaktař","2024-04-04","https://bohosluzby.dravec.org/kostel/50002468667444/"
"50002474184720","filiální kostel sv. Hedviky","Předměstí (Opava), Opava","Římskokatolická farnost Panny Marie Opava","2024-04-04","https://bohosluzby.dravec.org/kostel/50002474184720/"
"50002516770105","filiální kostel sv. Ondřeje","Slezské Pavlovice","Římskokatolická farnost Osoblaha","2024-04-04","https://bohosluzby.dravec.org/kostel/50002516770105/"
"50002767305298","filiální kostel Nejsvětější Trojice","Nový Jičín","Římskokatolická farnost Nový Jičín","2024-04-04","https://bohosluzby.dravec.org/kostel/50002767305298/"
"50002963678844","farní kostel Narození P. Marie","Město, Orlová","Římskokatolická farnost Orlová","2024-04-04","https://bohosluzby.dravec.org/kostel/50002963678844/"
"50002968850582","farní kostel sv. Bartoloměje","Olbramice","Římskokatolická farnost Olbramice","2024-04-04","https://bohosluzby.dravec.org/kostel/50002968850582/"
"50003077119409","filiální kostel sv. Mikuláše","Žilina, Nový Jičín","Římskokatolická farnost Nový Jičín","2024-04-04","https://bohosluzby.dravec.org/kostel/50003077119409/"
"50003201168045","farní kostel Narození P. Marie","Oldřišov","Římskokatolická farnost Oldřišov","2024-04-04","https://bohosluzby.dravec.org/kostel/50003201168045/"
"50003378529245","farní kostel sv. Kateřiny","Kateřinky, Opava","Římskokatolická farnost Opava-Kateřinky","2024-04-04","https://bohosluzby.dravec.org/kostel/50003378529245/"
"50003402307703","konkatedrála Nanebevzetí P. Marie","Město, Opava","Římskokatolická farnost Panny Marie Opava","2024-04-04","https://bohosluzby.dravec.org/kostel/50003402307703/"
"50003569858872","filiální kostel sv. Vojtěcha","Město, Opava","Římskokatolická farnost Panny Marie Opava","2024-04-04","https://bohosluzby.dravec.org/kostel/50003569858872/"
"50003792272429","kaple Nanebevzetí P. Marie","Služovice","Římskokatolická farnost Oldřišov","2024-04-04","https://bohosluzby.dravec.org/kostel/50003792272429/"
"50003832651383","kaple sv. Cyrila a Metoděje","Vlaštovičky, Opava","Římskokatolická farnost Opava-Jaktař","2024-04-04","https://bohosluzby.dravec.org/kostel/50003832651383/"
"500080330633","kaple Navštívení P. Marie","Děhylov","Římskokatolická farnost Ostrava-Plesná","2024-04-15","https://bohosluzby.dravec.org/kostel/500080330633/"
"5000261589548","farní kostel sv. Jana Nepomuckého","Stará Bělá, Ostrava","Římskokatolická farnost Ostrava-Stará Bělá","2024-04-15","https://bohosluzby.dravec.org/kostel/5000261589548/"
"5000332839200","farní kostel Všech svatých","Hošťálkovice, Ostrava","Římskokatolická farnost Ostrava-Hošťálkovice","2024-04-15","https://bohosluzby.dravec.org/kostel/5000332839200/"
"5000395636263","farní kostel sv. Vavřince","Paskov","Římskokatolická farnost Paskov","2024-04-15","https://bohosluzby.dravec.org/kostel/5000395636263/"
"5000500450288","farní kostel sv. Kateřiny Alexandrijské, panny a mučednice","Hrabová, Ostrava","Římskokatolická farnost Ostrava-Hrabová","2024-04-15","https://bohosluzby.dravec.org/kostel/5000500450288/"
"5000738128641","farní kostel sv. Josef, P. Marie Karmel.","Slezská Ostrava, Ostrava","Římskokatolická farnost Ostrava-Slezská Ostrava","2024-04-15","https://bohosluzby.dravec.org/kostel/5000738128641/"
"5000739164166","farní kostel sv. Jana Křtitele","Palkovice","Římskokatolická farnost Palkovice","2024-04-15","https://bohosluzby.dravec.org/kostel/5000739164166/"
"5000784905915","kaple sv. Urbana","Lhotka, Ostrava","Římskokatolická farnost Ostrava-Hošťálkovice","2024-04-15","https://bohosluzby.dravec.org/kostel/5000784905915/"
"5000850895617","farní kostel sv. Marka, evangelisty","Heřmanice, Ostrava","Římskokatolická farnost Ostrava-Heřmanice","2024-04-15","https://bohosluzby.dravec.org/kostel/5000850895617/"
"5000911872019","filiální kostel sv. Hedviky","Krásné Pole, Ostrava","Římskokatolická farnost Ostrava-Pustkovec","2024-04-15","https://bohosluzby.dravec.org/kostel/5000911872019/"
"5000914912773","filiální kostel sv. Bartoloměje","Nová Ves, Ostrava","Římskokatolická farnost Ostrava-Mariánské Hory","2024-04-15","https://bohosluzby.dravec.org/kostel/5000914912773/"
"50001121282041","filiální kostel sv. Jindřicha","Staré Hamry","Římskokatolická farnost Ostravice","2024-04-15","https://bohosluzby.dravec.org/kostel/50001121282041/"
"50001362279293","farní kostel sv. Jakuba Staršího","Plesná, Ostrava","Římskokatolická farnost Ostrava-Plesná","2024-04-15","https://bohosluzby.dravec.org/kostel/50001362279293/"
"50001563516939","filiální kostel Nanebevzetí P. Marie","Výškovice, Ostrava","Římskokatolická farnost Ostrava-Zábřeh","2024-04-15","https://bohosluzby.dravec.org/kostel/50001563516939/"
"50001620087447","farní kostel Nanebevzetí P. Marie","Třebovice, Ostrava","Římskokatolická farnost Ostrava-Třebovice","2024-04-15","https://bohosluzby.dravec.org/kostel/50001620087447/"
"50001664090132","farní kostel Svatého Ducha","Zábřeh, Ostrava","Římskokatolická farnost Ostrava-Zábřeh","2024-04-15","https://bohosluzby.dravec.org/kostel/50001664090132/"
"50001769461796","farní kostel P. Marie Královny posv.růžence ","Hrabůvka, Ostrava","Římskokatolická farnost Ostrava-Hrabůvka","2024-04-15","https://bohosluzby.dravec.org/kostel/50001769461796/"
"50001791965936","kaple P. Marie Pomocnice křesťanů","Staré Hamry","Římskokatolická farnost Ostravice","2024-04-15","https://bohosluzby.dravec.org/kostel/50001791965936/"
"50001981492424","farní kostel P. Marie Královny","Mariánské Hory, Ostrava","Římskokatolická farnost Ostrava-Mariánské Hory","2024-04-15","https://bohosluzby.dravec.org/kostel/50001981492424/"
"50002208677124","katedrála Božského Spasitele","Moravská Ostrava, Ostrava","Římskokatolická farnost Ostrava-Moravská Ostrava","2024-04-15","https://bohosluzby.dravec.org/kostel/50002208677124/"
"50002289288737","farní kostel sv. Pavla, apoštola","Vítkovice, Ostrava","Římskokatolická farnost Ostrava-Vítkovice","2024-04-15","https://bohosluzby.dravec.org/kostel/50002289288737/"
"50002444748344","filiální kostel sv. Jana a Pavla","Krmelín","Římskokatolická farnost Ostrava-Stará Bělá","2024-04-15","https://bohosluzby.dravec.org/kostel/50002444748344/"
"50002641496945","farní kostel Krista Krále","Svinov, Ostrava","Římskokatolická farnost Ostrava-Svinov","2024-04-15","https://bohosluzby.dravec.org/kostel/50002641496945/"
"50002688715770","kaple sv. Jana Nepomuckého","Závada, Petrovice u Karviné","Římskokatolická farnost Petrovice u Karviné","2024-04-15","https://bohosluzby.dravec.org/kostel/50002688715770/"
"50002722159624","farní kostel Nejsvětější Trojice","Ostravice","Římskokatolická farnost Ostravice","2024-04-15","https://bohosluzby.dravec.org/kostel/50002722159624/"
"50002780009436","filiální kostel Navštívení P. Marie","Zábřeh, Ostrava","Římskokatolická farnost Ostrava-Zábřeh","2024-04-15","https://bohosluzby.dravec.org/kostel/50002780009436/"
"50003109351189","kaple sv. Jana Nepomuckého","Dobroslavice","Římskokatolická farnost Ostrava-Plesná","2024-04-15","https://bohosluzby.dravec.org/kostel/50003109351189/"
"50003131450377","farní kostel sv. Cyrila a Metoděje","Pustkovec, Ostrava","Římskokatolická farnost Ostrava-Pustkovec","2024-04-15","https://bohosluzby.dravec.org/kostel/50003131450377/"
"50003200623454","rektorátní kostel sv. Josefa","Moravská Ostrava, Ostrava","Římskokatolická farnost Ostrava-Moravská Ostrava","2024-04-15","https://bohosluzby.dravec.org/kostel/50003200623454/"
"50003324086625","filiální kostel sv. Václava","Moravská Ostrava, Ostrava","Římskokatolická farnost Ostrava-Moravská Ostrava","2024-04-15","https://bohosluzby.dravec.org/kostel/50003324086625/"
"50003408729965","farní kostel Neposkvrněného početí P. Marie","Radvanice, Ostrava","Římskokatolická farnost Ostrava-Radvanice","2024-04-15","https://bohosluzby.dravec.org/kostel/50003408729965/"
"50003420284960","kaple sv. Floriána","Proskovice, Ostrava","Římskokatolická farnost Ostrava-Stará Bělá","2024-04-15","https://bohosluzby.dravec.org/kostel/50003420284960/"
"50003581604635","farní kostel sv. Anny","Polanka nad Odrou, Ostrava","Římskokatolická farnost Ostrava-Polanka","2024-04-15","https://bohosluzby.dravec.org/kostel/50003581604635/"
"50003649391641","farní kostel sv. Jindřicha","Petřvald","Římskokatolická farnost Petřvald u Karviné","2024-04-15","https://bohosluzby.dravec.org/kostel/50003649391641/"
"50003740841208","farní kostel sv. Rocha","Petrovice","Římskokatolická farnost Petrovice u Krnova","2024-04-15","https://bohosluzby.dravec.org/kostel/50003740841208/"
"50003796975571","filiální kostel Nanebevstoupení Páně","Dolní Marklovice, Petrovice u Karviné","Římskokatolická farnost Petrovice u Karviné","2024-04-15","https://bohosluzby.dravec.org/kostel/50003796975571/"
"50004028328473","farní kostel sv. Jana Křtitele","Písečná","Římskokatolická farnost Písečná","2024-04-15","https://bohosluzby.dravec.org/kostel/50004028328473/"
"50004130141090","farní kostel sv. Mikuláše ","Petřvald 1-Petřvald, Petřvald","Římskokatolická farnost Petřvald u Nového Jičína","2024-04-15","https://bohosluzby.dravec.org/kostel/50004130141090/"
"50004147804478","farní kostel sv. Martina biskupa","Petrovice u Karviné","Římskokatolická farnost Petrovice u Karviné","2024-04-15","https://bohosluzby.dravec.org/kostel/50004147804478/"
"50004252208943","farní kostel Neposkvrněného početí P. Marie","Přívoz, Ostrava","Římskokatolická farnost Ostrava-Přívoz","2024-04-15","https://bohosluzby.dravec.org/kostel/50004252208943/"
"5000466456007","filiální kostel sv. Valentina","Příbor","Římskokatolická farnost Příbor","2024-04-16","https://bohosluzby.dravec.org/kostel/5000466456007/"
"5000729827228","farní kostel sv. Michala archanděla","Roudno","Římskokatolická farnost Roudno","2024-04-16","https://bohosluzby.dravec.org/kostel/5000729827228/"
"5000735929890","farní kostel sv. Prokopa","Pohoř, Odry","Římskokatolická farnost Pohoř","2024-04-16","https://bohosluzby.dravec.org/kostel/5000735929890/"
"5000756853252","kaple sv. Jana a Pavla","Hlubočec","Římskokatolická farnost Pustá Polom","2024-04-16","https://bohosluzby.dravec.org/kostel/5000756853252/"
"50001832461480","kaple sv. Víta","Podvihov, Opava","Římskokatolická farnost Pustá Polom","2024-04-16","https://bohosluzby.dravec.org/kostel/50001832461480/"
"50001874376762","farní kostel sv. Anny","Rychvald","Římskokatolická farnost Rychvald u Karviné","2024-04-16","https://bohosluzby.dravec.org/kostel/50001874376762/"
"50001896305325","farní kostel Narození P. Marie","Příbor","Římskokatolická farnost Příbor","2024-04-16","https://bohosluzby.dravec.org/kostel/50001896305325/"
"50001918675762","farní kostel Povýšení sv. Kříže","Rybí","Římskokatolická farnost Rybí","2024-04-16","https://bohosluzby.dravec.org/kostel/50001918675762/"
"50001936257924","farní kostel Navštívení P. Marie","Pitárné, Vysoká","Římskokatolická farnost Pitárné","2024-04-16","https://bohosluzby.dravec.org/kostel/50001936257924/"
"50002020327398","farní kostel sv. Maří Magdalény","Pustějov","Římskokatolická farnost Pustějov","2024-04-16","https://bohosluzby.dravec.org/kostel/50002020327398/"
"50002149884642","farní kostel sv. Jana Křtitele","Stará Rudná, Rudná pod Pradědem","Římskokatolická farnost Rudná pod Pradědem","2024-04-16","https://bohosluzby.dravec.org/kostel/50002149884642/"
"50002315318165","farní kostel Nejsvětější Trojice","Raduň","Římskokatolická farnost Raduň","2024-04-16","https://bohosluzby.dravec.org/kostel/50002315318165/"
"50002472124736","farní kostel sv. Michala","Razová","Římskokatolická farnost Razová","2024-04-16","https://bohosluzby.dravec.org/kostel/50002472124736/"
"50002588835798","farní kostel sv. Martina","Pustá Polom","Římskokatolická farnost Pustá Polom","2024-04-16","https://bohosluzby.dravec.org/kostel/50002588835798/"
"50002717535334","farní kostel Narození P. Marie","Radkov","Římskokatolická farnost Radkov","2024-04-16","https://bohosluzby.dravec.org/kostel/50002717535334/"
"50002769978159","filiální kostel Narození P. Marie","Jamartice, Rýmařov","Římskokatolická farnost Rýmařov","2024-04-16","https://bohosluzby.dravec.org/kostel/50002769978159/"
"50003426670716","farní kostel Narození sv. Jana Křtitele","Ryžoviště","Římskokatolická farnost Ryžoviště","2024-04-16","https://bohosluzby.dravec.org/kostel/50003426670716/"
"50003784201678","farní kostel sv. Michala Archanděla","Rýmařov","Římskokatolická farnost Rýmařov","2024-04-16","https://bohosluzby.dravec.org/kostel/50003784201678/"
"50003915776230","farní kostel P. Marie Sněžné","Ruda, Tvrdkov","Římskokatolická farnost Ruda u Rýmařova","2024-04-16","https://bohosluzby.dravec.org/kostel/50003915776230/"
"50004073050923","kaple sv. Víta","Kyjovice","Římskokatolická farnost Pustá Polom","2024-04-16","https://bohosluzby.dravec.org/kostel/50004073050923/"
"30001048923549","filiální kostel sv. Jana Křtitele (na Zámečku)","Třebeš, Hradec Králové","Římskokatolická farnost Hradec Králové – Nový Hradec Králové","2024-04-17","https://bohosluzby.dravec.org/kostel/30001048923549/"
"30002964794493","farní kostel sv. Antonína, poustevníka","Nový Hradec Králové, Hradec Králové","Římskokatolická farnost Hradec Králové – Nový Hradec Králové","2024-04-17","https://bohosluzby.dravec.org/kostel/30002964794493/"
"30004267504494","kaple v Domově U Biřičky","Nový Hradec Králové, Hradec Králové","Římskokatolická farnost Hradec Králové – Nový Hradec Králové","2024-04-17","https://bohosluzby.dravec.org/kostel/30004267504494/"
"5000131671246","filiální kostel sv. Václava","Baška","Římskokatolická farnost Skalice u Frýdku-Místku","2024-04-22","https://bohosluzby.dravec.org/kostel/5000131671246/"
"5000140870416","filiální kostel Těla a Krve Páně","Guty, Třinec","Římskokatolická farnost Střítež u Českého Těšína","2024-04-22","https://bohosluzby.dravec.org/kostel/5000140870416/"
"5000225557943","filiální kostel P. Marie Nanebevzaté","Skorošice","Římskokatolická farnost Skorošice","2024-04-22","https://bohosluzby.dravec.org/kostel/5000225557943/"
"5000283593426","farní kostel sv. Martina biskupa","Skalice, Frýdek-Místek","Římskokatolická farnost Skalice u Frýdku-Místku","2024-04-22","https://bohosluzby.dravec.org/kostel/5000283593426/"
"5000562717108","kaple sv. Antonína","Klokočůvek, Odry","Římskokatolická farnost Spálov","2024-04-22","https://bohosluzby.dravec.org/kostel/5000562717108/"
"5000587938243","farní kostel sv. Archanděla Michaela","Střítež","Římskokatolická farnost Střítež u Českého Těšína","2024-04-22","https://bohosluzby.dravec.org/kostel/5000587938243/"
"5000601911288","farní kostel sv. Archanděla Michaela","Sedlnice","Římskokatolická farnost Sedlnice","2024-04-22","https://bohosluzby.dravec.org/kostel/5000601911288/"
"5000854068949","kaple sv. Petra a Pavla","Rohov","Římskokatolická farnost Sudice","2024-04-22","https://bohosluzby.dravec.org/kostel/5000854068949/"
"5000885002259","farní kostel Nar. sv. Jana Křtitele","Stará Ves, Stará Ves nad Ondřejnicí","Římskokatolická farnost Stará Ves nad Ondřejnicí","2024-04-22","https://bohosluzby.dravec.org/kostel/5000885002259/"
"5000929711202","farní kostel sv. Jakuba Staršího","Spálov","Římskokatolická farnost Spálov","2024-04-22","https://bohosluzby.dravec.org/kostel/5000929711202/"
"50001038159672","kaple Ježíše Krista","Jezdkovice","Římskokatolická farnost Stěbořice","2024-04-22","https://bohosluzby.dravec.org/kostel/50001038159672/"
"50001261801898","farní kostel Prozřetelnosti Boží","Šenov","Římskokatolická farnost Šenov u Ostravy","2024-04-22","https://bohosluzby.dravec.org/kostel/50001261801898/"
"50001351716446","farní kostel sv. Martina","Široká Niva","Římskokatolická farnost Široká Niva","2024-04-22","https://bohosluzby.dravec.org/kostel/50001351716446/"
"50001425253908","farní kostel sv. Vavřince","Štáblovice","Římskokatolická farnost Štáblovice","2024-04-22","https://bohosluzby.dravec.org/kostel/50001425253908/"
"50001428663856","farní kostel Povýšení sv. Kříže","Stará Ves","Římskokatolická farnost Stará Ves u Rýmařova","2024-04-22","https://bohosluzby.dravec.org/kostel/50001428663856/"
"50001559598037","farní kostel Božího Těla","Stará Červená Voda","Římskokatolická farnost Stará Červená Voda","2024-04-22","https://bohosluzby.dravec.org/kostel/50001559598037/"
"50001628591639","filiální kostel sv. Cyrila a Metoděje","Tísek","Římskokatolická farnost Slatina u Bílovce","2024-04-22","https://bohosluzby.dravec.org/kostel/50001628591639/"
"50001778972384","farní kostel Nejsvětější Trojice","Svobodné Heřmanice","Římskokatolická farnost Svobodné Heřmanice","2024-04-22","https://bohosluzby.dravec.org/kostel/50001778972384/"
"50001812171762","filiální kostel sv. Václava","Václavovice","Římskokatolická farnost Šenov u Ostravy","2024-04-22","https://bohosluzby.dravec.org/kostel/50001812171762/"
"50002006285253","farní kostel Nejsvětější Trojice","Suchdol nad Odrou","Římskokatolická farnost Suchdol nad Odrou","2024-04-22","https://bohosluzby.dravec.org/kostel/50002006285253/"
"50002163144836","farní kostel sv. Maří Magdalény","Stonava","Římskokatolická farnost Stonava","2024-04-22","https://bohosluzby.dravec.org/kostel/50002163144836/"
"50002211927110","farní kostel sv. Augustina","Strahovice","Římskokatolická farnost Strahovice","2024-04-22","https://bohosluzby.dravec.org/kostel/50002211927110/"
"50002224540809","farní kostel sv. Bartoloměje","Studénka","Římskokatolická farnost Studénka","2024-04-22","https://bohosluzby.dravec.org/kostel/50002224540809/"
"50002242926141","filiální kostel sv. Kateřiny","Štramberk","Římskokatolická farnost Štramberk","2024-04-22","https://bohosluzby.dravec.org/kostel/50002242926141/"
"50002278023143","farní kostel sv. Jana Nepomuckého","Štramberk","Římskokatolická farnost Štramberk","2024-04-22","https://bohosluzby.dravec.org/kostel/50002278023143/"
"50002425171889","farní kostel sv. Jana Křtitele","Sudice","Římskokatolická farnost Sudice","2024-04-22","https://bohosluzby.dravec.org/kostel/50002425171889/"
"50002443441452","farní kostel sv. Martina","Šenov u Nového Jičína","Římskokatolická farnost Šenov u Nového Jičína","2024-04-22","https://bohosluzby.dravec.org/kostel/50002443441452/"
"50002544868678","farní kostel P. Marie Nanebevzaté","Slatina","Římskokatolická farnost Slatina u Bílovce","2024-04-22","https://bohosluzby.dravec.org/kostel/50002544868678/"
"50002559780936","farní kostel sv. Kateřiny","Sosnová","Římskokatolická farnost Sosnová","2024-04-22","https://bohosluzby.dravec.org/kostel/50002559780936/"
"50002646007444","farní kostel Nalezení sv. Kříže","Staříč","Římskokatolická farnost Staříč","2024-04-22","https://bohosluzby.dravec.org/kostel/50002646007444/"
"50002706135707","farní kostel Povýšení sv. Kříže","Široký Brod, Mikulovice","Římskokatolická farnost Široký Brod","2024-04-22","https://bohosluzby.dravec.org/kostel/50002706135707/"
"50002744809855","farní kostel sv. Hedviky","Supíkovice","Římskokatolická farnost Supíkovice","2024-04-22","https://bohosluzby.dravec.org/kostel/50002744809855/"
"50002834880487","filiální kostel sv. Vavřince,jáhna","Luboměř","Římskokatolická farnost Spálov","2024-04-22","https://bohosluzby.dravec.org/kostel/50002834880487/"
"50002987052771","filiální kostel Neposkvrněného Srdce P. Marie","Starojická Lhota, Starý Jičín","Římskokatolická farnost Starý Jičín","2024-04-22","https://bohosluzby.dravec.org/kostel/50002987052771/"
"50003033934215","farní kostel Všech svatých","Sedliště","Římskokatolická farnost Sedliště","2024-04-22","https://bohosluzby.dravec.org/kostel/50003033934215/"
"50003090960107","farní kostel Všech svatých","Butovice, Studénka","Římskokatolická farnost Studénka-Butovice","2024-04-22","https://bohosluzby.dravec.org/kostel/50003090960107/"
"50003313084308","farní kostel sv. Václava","Starý Jičín","Římskokatolická farnost Starý Jičín","2024-04-22","https://bohosluzby.dravec.org/kostel/50003313084308/"
"50003316065724","filiální kostel sv. Cyrila a Metoděje","Závišice","Římskokatolická farnost Štramberk","2024-04-22","https://bohosluzby.dravec.org/kostel/50003316065724/"
"50003610922758","farní kostel Narození P. Marie","Stěbořice","Římskokatolická farnost Stěbořice","2024-04-22","https://bohosluzby.dravec.org/kostel/50003610922758/"
"50003696824262","filiální kostel sv. Mikuláše","Horní Životice","Římskokatolická farnost Svobodné Heřmanice","2024-04-22","https://bohosluzby.dravec.org/kostel/50003696824262/"
"50004141166268","farní kostel sv. Kateřiny","Štěpánkovice","Římskokatolická farnost Štěpánkovice","2024-04-22","https://bohosluzby.dravec.org/kostel/50004141166268/"
"50004207640260","farní kostel sv. Martina","Skorošice","Římskokatolická farnost Skorošice","2024-04-22","https://bohosluzby.dravec.org/kostel/50004207640260/"
"5000122099395","farní kostel P. Marie Sněžné","Velké Kunětice","Římskokatolická farnost Velké Kunětice","2024-04-23","https://bohosluzby.dravec.org/kostel/5000122099395/"
"5000243322723","farní kostel sv. Mikuláše","Úvalno","Římskokatolická farnost Úvalno","2024-04-23","https://bohosluzby.dravec.org/kostel/5000243322723/"
"5000575741848","filiální kostel Navštívení P. Marie","Košetice, Velké Heraltice","Římskokatolická farnost Velké Heraltice","2024-04-23","https://bohosluzby.dravec.org/kostel/5000575741848/"
"5000580877049","filiální kostel Neposkvrněného Početí Panny Marie","Heřmánky","Římskokatolická farnost Véska","2024-04-23","https://bohosluzby.dravec.org/kostel/5000580877049/"
"5000710723575","kaple sv. Jana Křtitele","Malá Štáhle","Římskokatolická farnost Velká Štáhle","2024-04-23","https://bohosluzby.dravec.org/kostel/5000710723575/"
"5000925534341","farní kostel Neposkvrněného početí P. Marie","Velké Heraltice","Římskokatolická farnost Velké Heraltice","2024-04-23","https://bohosluzby.dravec.org/kostel/5000925534341/"
"50001069984970","rektorátní kostel P. Marie Pomocné","Zlaté Hory","Římskokatolická farnost Zlaté Hory","2024-04-23","https://bohosluzby.dravec.org/kostel/50001069984970/"
"50001075390872","farní kostel sv. Mikuláše","Vlkovice, Fulnek","Římskokatolická farnost Vlkovice","2024-04-23","https://bohosluzby.dravec.org/kostel/50001075390872/"
"50001105131740","kaple Panny Marie ","Horní Lhota","Římskokatolická farnost Velká Polom","2024-04-23","https://bohosluzby.dravec.org/kostel/50001105131740/"
"50001127131937","farní kostel sv. Kateřiny","Uhelná","Římskokatolická farnost Uhelná","2024-04-23","https://bohosluzby.dravec.org/kostel/50001127131937/"
"50001263010537","farní kostel sv. Michala","Vrbno pod Pradědem","Římskokatolická farnost Vrbno pod Pradědem","2024-04-23","https://bohosluzby.dravec.org/kostel/50001263010537/"
"50001301531753","farní kostel sv. Kateřiny Alexandrijské","Vidnava","Římskokatolická farnost Vidnava","2024-04-23","https://bohosluzby.dravec.org/kostel/50001301531753/"
"50001318045926","farní kostel sv. Václava","Velká Polom","Římskokatolická farnost Velká Polom","2024-04-23","https://bohosluzby.dravec.org/kostel/50001318045926/"
"50001333042966","farní kostel Všech svatých","Vlčovice, Kopřivnice","Římskokatolická farnost Vlčovice","2024-04-23","https://bohosluzby.dravec.org/kostel/50001333042966/"
"50001335618861","filiální kostel Navštívení P. Marie","Ludvíkov","Římskokatolická farnost Vrbno pod Pradědem","2024-04-23","https://bohosluzby.dravec.org/kostel/50001335618861/"
"50001401485523","farní kostel sv. Vavřince","Horní Těrlicko, Těrlicko","Římskokatolická farnost Těrlicko","2024-04-23","https://bohosluzby.dravec.org/kostel/50001401485523/"
"50001614057991","filiální kostel Nanebevzetí P. Marie","Sádek, Velké Heraltice","Římskokatolická farnost Velké Heraltice","2024-04-23","https://bohosluzby.dravec.org/kostel/50001614057991/"
"50001732975564","kaple sv. Hedviky Slezské","Vidly, Vrbno pod Pradědem","Římskokatolická farnost Vrbno pod Pradědem","2024-04-23","https://bohosluzby.dravec.org/kostel/50001732975564/"
"50001814659167","farní kostel P. Marie Nanebevzaté","Větřkovice","Římskokatolická farnost Větřkovice","2024-04-23","https://bohosluzby.dravec.org/kostel/50001814659167/"
"50002011664301","kaple sv. Jana Nepomuckého","Heřmanice u Oder","Římskokatolická farnost Véska","2024-04-23","https://bohosluzby.dravec.org/kostel/50002011664301/"
"50002157076041","farní kostel Nanebevzetí P. Marie","Vítkov","Římskokatolická farnost Vítkov","2024-04-23","https://bohosluzby.dravec.org/kostel/50002157076041/"
"50002172575246","filiální kostel sv. Markéty","Čermná ve Slezsku","Římskokatolická farnost Vítkov","2024-04-23","https://bohosluzby.dravec.org/kostel/50002172575246/"
"50002203155819","kaple Narození P. Marie","Malé Hoštice, Opava","Římskokatolická farnost Velké Hoštice","2024-04-23","https://bohosluzby.dravec.org/kostel/50002203155819/"
"50002217583146","farní kostel sv. Jana Křtitele","Velké Albrechtice","Římskokatolická farnost Velké Albrechtice","2024-04-23","https://bohosluzby.dravec.org/kostel/50002217583146/"
"50002237542694","farní kostel Navštívení P. Marie","Véska, Heřmanice u Oder","Římskokatolická farnost Véska","2024-04-23","https://bohosluzby.dravec.org/kostel/50002237542694/"
"50002467587918","farní kostel sv. Bartoloměje","Vlčice","Římskokatolická farnost Vlčice","2024-04-23","https://bohosluzby.dravec.org/kostel/50002467587918/"
"50002540117008","farní kostel sv. Filipa, jáhna","Vápenná","Římskokatolická farnost Vápenná","2024-04-23","https://bohosluzby.dravec.org/kostel/50002540117008/"
"50002613627725","farní kostel sv. Kateřiny","Vendryně","Římskokatolická farnost Vendryně","2024-04-23","https://bohosluzby.dravec.org/kostel/50002613627725/"
"50002616573822","kaple sv. Cyrila a Metoděje","Dolní Lhota","Římskokatolická farnost Velká Polom","2024-04-23","https://bohosluzby.dravec.org/kostel/50002616573822/"
"50002644390461","filiální kostel Navštívení P. Marie","Košetice, Velké Heraltice","Římskokatolická farnost Velké Heraltice","2024-04-23","https://bohosluzby.dravec.org/kostel/50002644390461/"
"50002693404263","kaple sv. Maří Magdalény","Mniší, Kopřivnice","Římskokatolická farnost Vlčovice","2024-04-23","https://bohosluzby.dravec.org/kostel/50002693404263/"
"50002743040154","kaple P. Marie","Chlebičov","Římskokatolická farnost Velké Hoštice","2024-04-23","https://bohosluzby.dravec.org/kostel/50002743040154/"
"50003030024193","filiální kostel sv. Michala","Řepiště","Římskokatolická farnost Vratimov","2024-04-23","https://bohosluzby.dravec.org/kostel/50003030024193/"
"50003082442455","farní kostel Nejsvětější Trojice","Velká Štáhle","Římskokatolická farnost Velká Štáhle","2024-04-23","https://bohosluzby.dravec.org/kostel/50003082442455/"
"50003134356222","farní kostel P. Marie Nanebevzaté","Zlaté Hory","Římskokatolická farnost Zlaté Hory","2024-04-23","https://bohosluzby.dravec.org/kostel/50003134356222/"
"50003142877311","farní kostel sv. Jana Křtitele","Vratimov","Římskokatolická farnost Vratimov","2024-04-23","https://bohosluzby.dravec.org/kostel/50003142877311/"
"50003218456780","farní kostel sv. Jana Křtitele","Životice u Nového Jičína","Římskokatolická farnost Životice u Nového Jičína","2024-04-23","https://bohosluzby.dravec.org/kostel/50003218456780/"
"50003280067923","farní kostel sv. Jana Křtitele","Velké Hoštice","Římskokatolická farnost Velké Hoštice","2024-04-23","https://bohosluzby.dravec.org/kostel/50003280067923/"
"50003346551842","farní kostel Nanebevzetí P. Marie","Těškovice","Římskokatolická farnost Těškovice","2024-04-23","https://bohosluzby.dravec.org/kostel/50003346551842/"
"50003396489660","farní kostel sv. Kateřiny","Trnávka","Římskokatolická farnost Trnávka","2024-04-23","https://bohosluzby.dravec.org/kostel/50003396489660/"
"50003433320847","filiální kostel Povýšení sv. Kříže","Bystřice","Římskokatolická farnost Vendryně","2024-04-23","https://bohosluzby.dravec.org/kostel/50003433320847/"
"50003478298107","kaple sv. Mikuláše","Nýdek","Římskokatolická farnost Vendryně","2024-04-23","https://bohosluzby.dravec.org/kostel/50003478298107/"
"50003590740460","farní kostel Nejsvětější Trojice","Veselí, Odry","Římskokatolická farnost Veselí u Oder","2024-04-23","https://bohosluzby.dravec.org/kostel/50003590740460/"
"50003765534896","farní kostel sv. Alberta, patriarchy Jeruzalémského","Staré Město, Třinec","Římskokatolická farnost Třinec","2024-04-23","https://bohosluzby.dravec.org/kostel/50003765534896/"
"50003863026965","farní kostel sv. Jiří","Třebom","Římskokatolická farnost Třebom","2024-04-23","https://bohosluzby.dravec.org/kostel/50003863026965/"
"50004024595329","filiální kostel sv. Vavřince","Dolejší Kunčice, Fulnek","Římskokatolická farnost Vlkovice","2024-04-23","https://bohosluzby.dravec.org/kostel/50004024595329/"
"50004025949913","farní kostel sv. Petra a Pavla, apoštolů","Vražné","Římskokatolická farnost Vražné","2024-04-23","https://bohosluzby.dravec.org/kostel/50004025949913/"
"50004181965920","farní kostel Neposkvrněného početí P. Marie","Dolní Václavov, Václavov u Bruntálu","Římskokatolická farnost Václavov u Bruntálu","2024-04-23","https://bohosluzby.dravec.org/kostel/50004181965920/"
"50003787358025","farní kostel sv. Bartoloměje","Kopřivnice","Římskokatolická farnost Kopřivnice","2024-05-02","https://bohosluzby.dravec.org/kostel/50003787358025/"
"100014","farní kostel sv. Jindřicha a Kunhuty, Praha-Nové Město","Praha 1","Římskokatolická farnost u kostela sv. Jindřicha Praha-Nové Město","2024-05-06","https://bohosluzby.dravec.org/kostel/100014/"
"100022","farní kostel sv. Ducha, Praha-Staré Město","Praha 1","Římskokatolická farnost u kostela sv. Ducha Praha-Staré Město","2024-05-07","https://bohosluzby.dravec.org/kostel/100022/"
"1000152","filiální kostel Povýšení sv. Kříže, Zdiby","Zdiby","Římskokatolická farnost Odolena Voda","2024-05-09","https://bohosluzby.dravec.org/kostel/1000152/"
"1000556","filiální kostel sv. Bartoloměje, Černouček","Černouček","Římskokatolická farnost Roudnice nad Labem","2024-05-09","https://bohosluzby.dravec.org/kostel/1000556/"
"1000611","filiální kostel Stětí sv. Jana Křtitele, Vliněves","Dolní Beřkovice","Římskokatolická farnost Roudnice nad Labem","2024-05-09","https://bohosluzby.dravec.org/kostel/1000611/"
"50002890038216","farní kostel sv. Antonína Paduánského","Kunčičky, Ostrava","Římskokatolická farnost Ostrava-Kunčičky","2024-05-13","https://bohosluzby.dravec.org/kostel/50002890038216/"
"50003776222079","farní kostel sv. Mikuláše","Tichá","Římskokatolická farnost Tichá","2024-05-20","https://bohosluzby.dravec.org/kostel/50003776222079/"
"50004000418905","farní kostel sv. Jiří","Dětřichov nad Bystřicí","Římskokatolická farnost Dětřichov nad Bystřicí","2024-05-20","https://bohosluzby.dravec.org/kostel/50004000418905/"
"8000796215170","kostel farní sv. Jana Křtitele","Zaječí","Římskokatolická farnost Zaječí","2024-06-04","https://bohosluzby.dravec.org/kostel/8000796215170/"
"100099","farní kostel sv. Prokopa, Praha-Braník","Praha 4","Římskokatolická farnost u kostela sv. Prokopa Praha-Braník","2024-06-10","https://bohosluzby.dravec.org/kostel/100099/"
"1000136","farní kostel sv. Vojtěcha, Praha-Libeň","Praha 8","Římskokatolická farnost u kostela sv. Vojtěcha Praha-Libeň","2024-06-14","https://bohosluzby.dravec.org/kostel/1000136/"
"50003006111254","farní kostel sv. Jiří","Brušperk","Římskokatolická farnost Brušperk","2024-06-14","https://bohosluzby.dravec.org/kostel/50003006111254/"
"50002902798447","farní kostel sv. Kateřiny","Slezské Rudoltice","Římskokatolická farnost Slezské Rudoltice","2024-06-25","https://bohosluzby.dravec.org/kostel/50002902798447/"
"6000845381875","bohoslužebné místo Fakultní nemocnice Bory","Jižní Předměstí, Plzeň","Římskokatolická farnost Plzeň - Bory","2024-06-26","https://bohosluzby.dravec.org/kostel/6000845381875/"
"60003784837852","filiální kostel sv. Prokopa Štěnovice","Štěnovice","Římskokatolická farnost Plzeň - Bory","2024-06-26","https://bohosluzby.dravec.org/kostel/60003784837852/"
"60004144286998","farní kostel sv. Jana Nepomuckého Plzeň-Bory","Jižní Předměstí, Plzeň","Římskokatolická farnost Plzeň - Bory","2024-06-26","https://bohosluzby.dravec.org/kostel/60004144286998/"
"30001234418365","filiální kostel sv. Václava, mučedníka","Hrbokov, Bojanov","Římskokatolická farnost Bojanov","2024-06-28","https://bohosluzby.dravec.org/kostel/30001234418365/"
"30003619656192","farní kostel sv. Víta, mučedníka","Bojanov","Římskokatolická farnost Bojanov","2024-06-28","https://bohosluzby.dravec.org/kostel/30003619656192/"
"1000365","kaple sv. Maří Magdalény, Dolní Břežany","Dolní Břežany","Římskokatolická farnost u kostela sv. Jakuba Staršího Praha-Zbraslav","2024-07-03","https://bohosluzby.dravec.org/kostel/1000365/"
"1000322","filiální kostel sv. Matouše, Rataje nad Sázavou","Rataje nad Sázavou","Římskokatolická farnost Sázava-Černé Budy","2024-07-08","https://bohosluzby.dravec.org/kostel/1000322/"
"1000323","filiální kostel sv. Havla, Podveky","Podveky","Římskokatolická farnost Sázava-Černé Budy","2024-07-08","https://bohosluzby.dravec.org/kostel/1000323/"
"1000359","filiální kostel Nanebevzetí Panny Marie, Úžice","Úžice","Římskokatolická farnost Sázava-Černé Budy","2024-07-08","https://bohosluzby.dravec.org/kostel/1000359/"
"1000457","farní kostel Nanebevzetí Panny Marie, Zlonice","Zlonice","Římskokatolická farnost Zlonice","2024-07-08","https://bohosluzby.dravec.org/kostel/1000457/"
"30001794917663","farní kostel sv. Michaela, archanděla","Licibořice","Římskokatolická farnost Licibořice","2024-07-08","https://bohosluzby.dravec.org/kostel/30001794917663/"
"1000405","filiální kostel sv. Jana Křtitele, Noutonice","Lichoceves","Římskokatolická farnost Roztoky u Prahy","2024-07-22","https://bohosluzby.dravec.org/kostel/1000405/"
"1000581","filiální kostel Narození Panny Marie, Holubice","Holubice","Římskokatolická farnost Kralupy nad Vltavou","2024-07-22","https://bohosluzby.dravec.org/kostel/1000581/"
"1000602","klášterní kostel sv. Martina, Tursko","Tursko","Římskokatolická farnost Roztoky u Prahy","2024-07-22","https://bohosluzby.dravec.org/kostel/1000602/"
"1000106","farní kostel Nanebevzetí Panny Marie, Praha-Modřany","Praha 12","Římskokatolická farnost u kostela Nanebevzetí Panny Marie Praha-Modřany","2024-07-23","https://bohosluzby.dravec.org/kostel/1000106/"
"1000375","kaple Nalezení sv. Kříže, Velká Dobrá","Velká Dobrá","Římskokatolická farnost Unhošť","2024-07-24","https://bohosluzby.dravec.org/kostel/1000375/"
"50003460552884","farní kostel Zvěstování Páně","Ropice","Římskokatolická farnost Ropice","2024-07-26","https://bohosluzby.dravec.org/kostel/50003460552884/"
"5000399587121","farní kostel Nejsvětější Trojice","Malá Morávka","Římskokatolická farnost Malá Morávka","2024-07-29","https://bohosluzby.dravec.org/kostel/5000399587121/"
"5000501840403","farní kostel Nanebevzetí P. Marie","Moravský Beroun","Římskokatolická farnost Moravský Beroun","2024-07-29","https://bohosluzby.dravec.org/kostel/5000501840403/"
"50004261566885","kaple sv. Antonína","Norberčany","Římskokatolická farnost Moravský Beroun","2024-07-29","https://bohosluzby.dravec.org/kostel/50004261566885/"
"2000572","farní kostel sv. Kateřiny, Dolní Bousov","Dolní Bousov","Římskokatolická farnost Dolní Bousov","2024-08-08","https://bohosluzby.dravec.org/kostel/2000572/"
"5000887255879","farní kostel sv. Anny","Slavkov","Římskokatolická farnost Slavkov u Opavy","2024-08-19","https://bohosluzby.dravec.org/kostel/5000887255879/"
"100041","klášterní kostel Panny Marie Bolestné, Praha-Nové Město","Praha 2","Římskokatolická farnost u kostela Nejsvětější Trojice v Podskalí Praha-Nové Město","2024-08-20","https://bohosluzby.dravec.org/kostel/100041/"
"1000168","filiální kostel sv. Jana Křtitele, Jankov","Jankov","Římskokatolická farnost Votice","2024-08-20","https://bohosluzby.dravec.org/kostel/1000168/"
"1000169","filiální kostel sv. Havla, Ratměřice","Ratměřice","Římskokatolická farnost Votice","2024-08-20","https://bohosluzby.dravec.org/kostel/1000169/"
"1000830","farní kostel Nanebevzetí Panny Marie, Louňovice pod Blaníkem","Louňovice pod Blaníkem","Římskokatolická farnost Louňovice pod Blaníkem","2024-08-20","https://bohosluzby.dravec.org/kostel/1000830/"
"1000831","filiální kostel sv. Petra a Pavla, Načeradec","Načeradec","Římskokatolická farnost Zdislavice","2024-08-20","https://bohosluzby.dravec.org/kostel/1000831/"
"1000833","kaple Nejsvětější Trojice, Daměnice","Načeradec","Římskokatolická farnost Zdislavice","2024-08-20","https://bohosluzby.dravec.org/kostel/1000833/"
"1000842","filiální kostel sv. Václava, Libouň","Zvěstov","Římskokatolická farnost Louňovice pod Blaníkem","2024-08-20","https://bohosluzby.dravec.org/kostel/1000842/"
"200019","bazilika minor sv. Vavřince a sv. Zdislavy, Jablonné v Podještědí","Jablonné v Podještědí","Římskokatolická farnost - děkanství Jablonné v Podještědí","2024-08-30","https://bohosluzby.dravec.org/kostel/200019/"
"2000385","farní kostel Narození Panny Marie, Benešov nad Ploučnicí","Benešov nad Ploučnicí","Římskokatolická farnost Benešov nad Ploučnicí","2024-08-30","https://bohosluzby.dravec.org/kostel/2000385/"
"1000293","filiální kostel sv. Jiljí, Libeř","Libeř","Římskokatolická farnost Jílové u Prahy","2024-09-02","https://bohosluzby.dravec.org/kostel/1000293/"
"800074622165","kaple Nanebevstoupení Páně","Rapotice","Římskokatolická farnost Vysoké Popovice","2024-09-02","https://bohosluzby.dravec.org/kostel/800074622165/"
"8000201864241","kostel farní sv. Jana Křtitele","Vysoké Popovice","Římskokatolická farnost Vysoké Popovice","2024-09-02","https://bohosluzby.dravec.org/kostel/8000201864241/"
"8000345441814","kaple sv. Donáta","Zakřany","Římskokatolická farnost Vysoké Popovice","2024-09-02","https://bohosluzby.dravec.org/kostel/8000345441814/"
"50002610904619","filiální kostel sv. Kateřiny","Dvorce","Římskokatolická farnost Dvorce","2024-09-02","https://bohosluzby.dravec.org/kostel/50002610904619/"
"50004019522126","farní kostel sv. Jilji","Dvorce","Římskokatolická farnost Dvorce","2024-09-02","https://bohosluzby.dravec.org/kostel/50004019522126/"
"80001288835117","kostel filiální sv. Václava","Lukovany","Římskokatolická farnost Vysoké Popovice","2024-09-02","https://bohosluzby.dravec.org/kostel/80001288835117/"
"80002824894521","kaple sv. Cyrila a Metoděje","Lesní Jakubov","Římskokatolická farnost Vysoké Popovice","2024-09-02","https://bohosluzby.dravec.org/kostel/80002824894521/"
"80003248819160","kaple sv. Floriána a Panny Marie","Příbram na Moravě","Římskokatolická farnost Vysoké Popovice","2024-09-02","https://bohosluzby.dravec.org/kostel/80003248819160/"
"50002886771224","farní kostel sv. Mikuláše","Ludgeřovice","Římskokatolická farnost Ludgeřovice","2024-09-27","https://bohosluzby.dravec.org/kostel/50002886771224/"
"50004075664076","kaple Nejsvětější Trojice","Markvartovice","Římskokatolická farnost Ludgeřovice","2024-09-27","https://bohosluzby.dravec.org/kostel/50004075664076/"
"100024","farní kostel sv. Františka z Assisi, Praha-Staré Město","Praha 1","Římskokatolická farnost u kostela sv. Františka z Assisi Praha-Staré Město","2024-10-02","https://bohosluzby.dravec.org/kostel/100024/"
"80003505263013","kostel farní sv. Jiljí","Bulhary","Římskokatolická farnost Bulhary","2024-10-05","https://bohosluzby.dravec.org/kostel/80003505263013/"
"1000627","filiální kostel Nejsvětější Trojice, Hluboš","Hluboš","Římskokatolická farnost Jince","2024-10-07","https://bohosluzby.dravec.org/kostel/1000627/"
"1000636","farní kostel sv. Mikuláše, Jince","Jince","Římskokatolická farnost Jince","2024-10-07","https://bohosluzby.dravec.org/kostel/1000636/"
"1000653","filiální kostel Narození Panny Marie, Pičín","Pičín","Římskokatolická farnost Jince","2024-10-07","https://bohosluzby.dravec.org/kostel/1000653/"
"50003126548229","farní kostel Nanebevzetí P. Marie","Veřovice","Římskokatolická farnost Veřovice","2024-10-14","https://bohosluzby.dravec.org/kostel/50003126548229/"
"50003595101376","farní kostel Navštívení P. Marie","Ženklava","Římskokatolická farnost Ženklava","2024-10-14","https://bohosluzby.dravec.org/kostel/50003595101376/"
"1000264","klášterní kostel Panny Marie (Zvěstování Páně) a sv. Benigny, Zaječov","Zaječov","Římskokatolická farnost Hořovice","2024-10-17","https://bohosluzby.dravec.org/kostel/1000264/"
"6000100484526","filiální kostel sv. Jakuba Staršího Nečtiny","Nečtiny","Římskokatolická farnost Manětín","2024-10-21","https://bohosluzby.dravec.org/kostel/6000100484526/"
"6000231041753","bohoslužebné místo Dům s pečovatelskou službou Plasy","Plasy","Římskokatolická farnost Plasy","2024-10-21","https://bohosluzby.dravec.org/kostel/6000231041753/"
"60001664046122","filiální kostel sv. Petra a Pavla Dolní Jamné","Dolní Jamné, Bezvěrov","Římskokatolická farnost Manětín","2024-10-21","https://bohosluzby.dravec.org/kostel/60001664046122/"
"60001877807534","farní kostel Nanebevzetí Panny Marie Plasy","Plasy","Římskokatolická farnost Plasy","2024-10-21","https://bohosluzby.dravec.org/kostel/60001877807534/"
"60001943783306","filiální kostel sv. Jakuba Staršího Žebnice","Žebnice, Plasy","Římskokatolická farnost Plasy","2024-10-21","https://bohosluzby.dravec.org/kostel/60001943783306/"
"60002160959036","bohoslužebné místo Centrum stavitelského dědictví Klášter Plasy (Santiniho sál)","Plasy","Římskokatolická farnost Plasy","2024-10-21","https://bohosluzby.dravec.org/kostel/60002160959036/"
"60003350052722","farní kostel Narození sv. Jana Křtitele Manětín","Manětín","Římskokatolická farnost Manětín","2024-10-21","https://bohosluzby.dravec.org/kostel/60003350052722/"
"60003363807678","kaple sv. Klimenta (zámecká) zámek Nečtiny","Hrad Nečtiny, Nečtiny","Římskokatolická farnost Manětín","2024-10-21","https://bohosluzby.dravec.org/kostel/60003363807678/"
"60003945410593","bohoslužebné místo fara Plasy","Plasy","Římskokatolická farnost Plasy","2024-10-21","https://bohosluzby.dravec.org/kostel/60003945410593/"
"60003984817752","filiální kostel sv. Petra a Pavla Křečov","Křečov, Štichovice","Římskokatolická farnost Manětín","2024-10-21","https://bohosluzby.dravec.org/kostel/60003984817752/"
"60004248285068","bohoslužebné místo Regionální muzeum Nečtiny","Nečtiny","Římskokatolická farnost Manětín","2024-10-21","https://bohosluzby.dravec.org/kostel/60004248285068/"
"70003557979559","klášterní kostel Zvěstování Panny Marie - Uherské Hradiště ","Uherské Hradiště","Bratři františkáni v Uherském Hradišti","2024-10-23","https://bohosluzby.dravec.org/kostel/70003557979559/"
"1000622","filiální kostel sv. Jana Křtitele na poušti, Dolní Hbity","Dolní Hbity","Římskokatolická farnost Krásná Hora nad Vltavou","2024-10-29","https://bohosluzby.dravec.org/kostel/1000622/"
"1000637","filiální kostel Narození Panny Marie, Kamýk nad Vltavou","Kamýk nad Vltavou","Římskokatolická farnost Krásná Hora nad Vltavou","2024-10-29","https://bohosluzby.dravec.org/kostel/1000637/"
"1000677","filiální kostel sv. Alžběty, Svaté Pole","Svaté Pole","Římskokatolická farnost Svaté Pole","2024-10-29","https://bohosluzby.dravec.org/kostel/1000677/"
"1000685","filiální kostel sv. Kateřiny Alexandrijské, Višňová","Višňová","Římskokatolická farnost u kostela sv. Jakuba Staršího Příbram","2024-10-29","https://bohosluzby.dravec.org/kostel/1000685/"
"50001488668742","farní kostel sv. Viléma","Vřesina","Římskokatolická farnost Vřesina","2024-10-31","https://bohosluzby.dravec.org/kostel/50001488668742/"
"50003941755906","farní kostel sv. Vavřince jáhna a mučedníka","Píšť","Římskokatolická farnost Píšť","2024-10-31","https://bohosluzby.dravec.org/kostel/50003941755906/"
"60002088964844","farní kostel sv. Michaela Archanděla Bochov","Bochov","Římskokatolická farnost Bochov","2024-11-04","https://bohosluzby.dravec.org/kostel/60002088964844/"
"60003120996774","filiální kostel sv. Vavřince Krásné Údolí","Krásné Údolí","Římskokatolická farnost Bochov","2024-11-04","https://bohosluzby.dravec.org/kostel/60003120996774/"
"60003220361157","filiální kostel Narození Panny Marie Toužim","Toužim","Římskokatolická farnost Bochov","2024-11-04","https://bohosluzby.dravec.org/kostel/60003220361157/"
"6000477591685","filiální kostel sv. Michaela Archanděla Otročín","Otročín","Římskokatolická farnost Bečov nad Teplou","2024-11-11","https://bohosluzby.dravec.org/kostel/6000477591685/"
"60003563820455","farní kostel sv. Jiří Bečov nad Teplou","Bečov nad Teplou","Římskokatolická farnost Bečov nad Teplou","2024-11-11","https://bohosluzby.dravec.org/kostel/60003563820455/"
"80002561218411","kostel farní sv. Barbory","Adamov","Římskokatolická farnost Adamov","2024-11-16","https://bohosluzby.dravec.org/kostel/80002561218411/"
"20002174","komunitní kaple, Živý dům Teplice","Teplice","Římskokatolická farnost Teplice - Trnovany","2024-12-02","https://bohosluzby.dravec.org/kostel/20002174/"
"6000699377615","filiální kostel sv. Jiří Černošín","Černošín","Římskokatolická farnost Stříbro","2024-12-03","https://bohosluzby.dravec.org/kostel/6000699377615/"
"6000758658495","filiální kostel sv. Václava, (řeckokatolický) Cheb","Cheb","Řeckokatolická farnost v Karlových Varech","2024-12-03","https://bohosluzby.dravec.org/kostel/6000758658495/"
"60002121320247","farní kostel sv. Ondřeje (řeckokatolický) Karlovy Vary","Karlovy Vary","Řeckokatolická farnost v Karlových Varech","2024-12-03","https://bohosluzby.dravec.org/kostel/60002121320247/"
"60002406654242","farní kostel sv. Jakuba Většího Kladruby u Stříbra","Kladruby","Římskokatolická farnost Kladruby u Stříbra","2024-12-03","https://bohosluzby.dravec.org/kostel/60002406654242/"
"60002687896507","filiální kostel sv. Markéty Erpužice","Erpužice","Římskokatolická farnost Stříbro","2024-12-03","https://bohosluzby.dravec.org/kostel/60002687896507/"
"60003786329406","farní kostel Všech svatých Stříbro","Stříbro","Římskokatolická farnost Stříbro","2024-12-03","https://bohosluzby.dravec.org/kostel/60003786329406/"
"5000100630838","farní kostel sv. Mikuláše","Albrechtičky","Římskokatolická farnost Albrechtičky","2024-12-04","https://bohosluzby.dravec.org/kostel/5000100630838/"
"5000195289561","farní kostel Narození P. Marie","Andělská Hora","Římskokatolická farnost Andělská Hora ve Slezsku","2024-12-04","https://bohosluzby.dravec.org/kostel/5000195289561/"
"50001329585638","farní kostel sv. Petra a Pavla","Albrechtice","Římskokatolická farnost Albrechtice u Českého Těšína","2024-12-04","https://bohosluzby.dravec.org/kostel/50001329585638/"
"50002833200647","filiální kostel sv. Barbory a Kateřiny","Světlá, Světlá Hora","Římskokatolická farnost Andělská Hora ve Slezsku","2024-12-04","https://bohosluzby.dravec.org/kostel/50002833200647/"
"5000813114185","farní kostel sv. Ondřeje, Petra a Pavla","Bartošovice","Římskokatolická farnost Bartošovice","2024-12-05","https://bohosluzby.dravec.org/kostel/5000813114185/"
"50001345163376","filiální kostel Navštívení P. Marie","Hukovice, Bartošovice","Římskokatolická farnost Bartošovice","2024-12-05","https://bohosluzby.dravec.org/kostel/50001345163376/"
"5000118499715","farní kostel sv. Petra a Pavla","Hradec nad Moravicí","Římskokatolická farnost Hradec nad Moravicí","2024-12-10","https://bohosluzby.dravec.org/kostel/5000118499715/"
"5000302314694","kaple Nejsvětějšího Srdce Marianum","Předměstí (Opava), Opava","Římskokatolická farnost sv.Ducha Opava","2024-12-10","https://bohosluzby.dravec.org/kostel/5000302314694/"
"5000524584144","filiální kostel sv. Urbana","Zábřeh, Dolní Benešov","Římskokatolická farnost Dolní Benešov","2024-12-10","https://bohosluzby.dravec.org/kostel/5000524584144/"
"5000571536838","farní kostel sv. Františka a Viktora","Hrušov, Ostrava","Římskokatolická farnost Ostrava-Hrušov","2024-12-10","https://bohosluzby.dravec.org/kostel/5000571536838/"
"5000946439358","farní kostel sv. Stanislava, bisk. a muč.","Bolatice","Římskokatolická farnost Bolatice","2024-12-10","https://bohosluzby.dravec.org/kostel/5000946439358/"
"50001085143903","farní kostel Nanebevzetí P. Marie","Šilheřovice","Římskokatolická farnost Šilheřovice","2024-12-10","https://bohosluzby.dravec.org/kostel/50001085143903/"
"50001236725907","farní kostel Nanebevzetí P. Marie","Michálkovice, Ostrava","Římskokatolická farnost Ostrava-Michálkovice","2024-12-10","https://bohosluzby.dravec.org/kostel/50001236725907/"
"50001690446364","farní kostel sv. Mikuláše","Dobešov, Odry","Římskokatolická farnost Dobešov","2024-12-10","https://bohosluzby.dravec.org/kostel/50001690446364/"
"50001710233259","kaple sv. Barbory","Domoradovice, Hradec nad Moravicí","Římskokatolická farnost Melč","2024-12-10","https://bohosluzby.dravec.org/kostel/50001710233259/"
"50001714523034","farní kostel sv. Prokopa","Komárov, Opava","Římskokatolická farnost Opava-Komárov","2024-12-10","https://bohosluzby.dravec.org/kostel/50001714523034/"
"50001759715869","kaple sv. Petra a Pavla","Antošovice, Ostrava","Římskokatolická farnost Šilheřovice","2024-12-10","https://bohosluzby.dravec.org/kostel/50001759715869/"
"50001833104466","filiální kostel sv. Jana Křtitele","Předměstí (Opava), Opava","Římskokatolická farnost sv.Ducha Opava","2024-12-10","https://bohosluzby.dravec.org/kostel/50001833104466/"
"50001870444019","farní kostel sv. Jana Nepomuckého","Kylešovice, Opava","Římskokatolická farnost Opava-Kylešovice","2024-12-10","https://bohosluzby.dravec.org/kostel/50001870444019/"
"50001925808101","farní kostel sv. Jana Křtitele","Skřipov","Římskokatolická farnost Skřipov u Opavy","2024-12-10","https://bohosluzby.dravec.org/kostel/50001925808101/"
"50002094189969","farní kostel sv. Antonína Paduánského","Melč","Římskokatolická farnost Melč","2024-12-10","https://bohosluzby.dravec.org/kostel/50002094189969/"
"50002303996166","farní kostel Nejsvětější Trojice","Zátor","Římskokatolická farnost Zátor","2024-12-10","https://bohosluzby.dravec.org/kostel/50002303996166/"
"50002375736181","farní kostel sv. Mikuláše","Rychaltice, Hukvaldy","Římskokatolická farnost Rychaltice","2024-12-10","https://bohosluzby.dravec.org/kostel/50002375736181/"
"50002769535261","farní kostel sv. Barbory","Louky, Karviná","Římskokatolická farnost Louky nad Olší","2024-12-10","https://bohosluzby.dravec.org/kostel/50002769535261/"
"50002821036875","kaple Božského Srdce Páně","Nové Sedlice","Římskokatolická farnost Opava-Komárov","2024-12-10","https://bohosluzby.dravec.org/kostel/50002821036875/"
"50002888523502","farní kostel sv. Cyrila a Metoděje","Chlebovice, Frýdek-Místek","Římskokatolická farnost Chlebovice","2024-12-10","https://bohosluzby.dravec.org/kostel/50002888523502/"
"50002952049658","farní kostel sv. Maxmiliána","Hukvaldy","Římskokatolická farnost Hukvaldy","2024-12-10","https://bohosluzby.dravec.org/kostel/50002952049658/"
"50003283126168","kaple sv. Andělů strážných","Suché Lazce, Opava","Římskokatolická farnost Opava-Komárov","2024-12-10","https://bohosluzby.dravec.org/kostel/50003283126168/"
"50003300815000","farní kostel sv. Ducha","Předměstí (Opava), Opava","Římskokatolická farnost sv.Ducha Opava","2024-12-10","https://bohosluzby.dravec.org/kostel/50003300815000/"
"50003459272837","farní kostel Nanebevzetí P. Marie","Hrabyně","Římskokatolická farnost Hrabyně","2024-12-10","https://bohosluzby.dravec.org/kostel/50003459272837/"
"50003686739900","kaple P. Marie Nanebevzaté","Hájov, Příbor","Římskokatolická farnost Rychaltice","2024-12-10","https://bohosluzby.dravec.org/kostel/50003686739900/"
"50003711969316","farní kostel sv. Martina","Dolní Benešov","Římskokatolická farnost Dolní Benešov","2024-12-10","https://bohosluzby.dravec.org/kostel/50003711969316/"
"50003814250968","filiální kostel sv. Josefa","Hrabství, Skřipov","Římskokatolická farnost Skřipov u Opavy","2024-12-10","https://bohosluzby.dravec.org/kostel/50003814250968/"
"8000292871910","kostel farní Nanebevzetí Panny Marie","Blučina","Římskokatolická farnost Blučina","2024-12-14","https://bohosluzby.dravec.org/kostel/8000292871910/"
"8000310549735","kostel farní sv. Václava","Mikulov","Římskokatolická farnost u kostela sv. Václava, Mikulov na Moravě","2025-01-03","https://bohosluzby.dravec.org/kostel/8000310549735/"
"8000498335467","kostel filiální sv. Cecílie","Dobré Pole","Římskokatolická farnost Březí u Mikulova","2025-01-03","https://bohosluzby.dravec.org/kostel/8000498335467/"
"80001436011508","kostel filiální sv. Jiří","Klentnice","Římskokatolická farnost u kostela sv. Václava, Mikulov na Moravě","2025-01-03","https://bohosluzby.dravec.org/kostel/80001436011508/"
"80001710333201","kostel filiální sv. Cyrila a Metoděje","Rostěnice, Rostěnice-Zvonovice","Římskokatolická farnost Kučerov","2025-01-03","https://bohosluzby.dravec.org/kostel/80001710333201/"
"80002911269587","kostel farní sv. Jana Křtitele","Březí","Římskokatolická farnost Březí u Mikulova","2025-01-03","https://bohosluzby.dravec.org/kostel/80002911269587/"
"80004207631864","kostel farní sv. Petra a sv. Pavla","Kučerov","Římskokatolická farnost Kučerov","2025-01-03","https://bohosluzby.dravec.org/kostel/80004207631864/"
"1000786","farní kostel Nanebevzetí Panny Marie, Stará Boleslav","Brandýs nad Labem-Stará Boleslav","Římskokatolická farnost Stará Boleslav","2025-01-09","https://bohosluzby.dravec.org/kostel/1000786/"
"200027","filiální kostel sv. Vavřince, Jezvé","Stružnice - Jezvé","Římskokatolická farnost - arciděkanství Horní Police","2025-01-11","https://bohosluzby.dravec.org/kostel/200027/"
"2000347","filiální kostel sv. Víta, Osečná","Osečná","Římskokatolická farnost - děkanství Český Dub","2025-01-11","https://bohosluzby.dravec.org/kostel/2000347/"
"2000359","filiální kostel sv. Mikuláše, Světlá pod Ještědem","Světlá pod Ještědem","Římskokatolická farnost - děkanství Český Dub","2025-01-11","https://bohosluzby.dravec.org/kostel/2000359/"
"2000366","filiální kostel sv. Kateřiny, Vlastibořice","Vlastibořice","Římskokatolická farnost Hodkovice nad Mohelkou","2025-01-11","https://bohosluzby.dravec.org/kostel/2000366/"
"2000942","filiální kostel sv. Linharta, Hlavice","Hlavice","Římskokatolická farnost - děkanství Český Dub","2025-01-11","https://bohosluzby.dravec.org/kostel/2000942/"
"5000450268634","farní kostel sv. Trojice","Bohuslavice","Římskokatolická farnost Bohuslavice u Hlučína","2025-01-28","https://bohosluzby.dravec.org/kostel/5000450268634/"
"50001607378054","filiální kostel sv. Jana Křtitele","Bělá","Římskokatolická farnost Bohuslavice u Hlučína","2025-01-28","https://bohosluzby.dravec.org/kostel/50001607378054/"
"50004088666917","kaple sv. Urbana","Závada","Římskokatolická farnost Bohuslavice u Hlučína","2025-01-28","https://bohosluzby.dravec.org/kostel/50004088666917/"
"5000920621811","farní kostel sv. Jana Nepomuckého","Čeladná","Římskokatolická farnost Čeladná","2025-01-31","https://bohosluzby.dravec.org/kostel/5000920621811/"
"80001503135785","kostel farní sv. Jakuba Staršího","Nosislav","Římskokatolická farnost Nosislav","2025-02-21","https://bohosluzby.dravec.org/kostel/80001503135785/"
"100083","poutní kostel sv. Klementa, Roztoky-Žalov","Roztoky","Římskokatolická farnost Roztoky u Prahy","2025-03-11","https://bohosluzby.dravec.org/kostel/100083/"
"50001101076767","filiální kostel sv. Antonína Paduánského","Vřesina","Římskokatolická farnost Ostrava-Poruba","2025-03-17","https://bohosluzby.dravec.org/kostel/50001101076767/"
"50002171140296","farní kostel sv. Mikuláše","Poruba, Ostrava","Římskokatolická farnost Ostrava-Poruba","2025-03-17","https://bohosluzby.dravec.org/kostel/50002171140296/"
"1000215","filiální kostel Narození Panny Marie, Vysoký Újezd","Vysoký Újezd","Římskokatolická farnost Týnec nad Sázavou","2025-03-18","https://bohosluzby.dravec.org/kostel/1000215/"
"500084299885","farní kostel sv. Šebestiána","Třemešná","Římskokatolická farnost Třemešná","2025-03-20","https://bohosluzby.dravec.org/kostel/500084299885/"
"5000767660102","farní kostel Navštívení P. Marie","Město Albrechtice","Římskokatolická farnost Město Albrechtice","2025-03-20","https://bohosluzby.dravec.org/kostel/5000767660102/"
"5000799949612","farní kostel sv. Michala a Barbory","Kozlovice","Římskokatolická farnost Kozlovice","2025-03-20","https://bohosluzby.dravec.org/kostel/5000799949612/"
"50001856954873","farní kostel Neposkvrněné Marie Panny","Travná, Javorník","Římskokatolická farnost Travná","2025-03-20","https://bohosluzby.dravec.org/kostel/50001856954873/"
"50002762266181","filiální kostel Navštívení P. Marie","Lhotka","Římskokatolická farnost Kozlovice","2025-03-20","https://bohosluzby.dravec.org/kostel/50002762266181/"
"50004116362143","farní kostel sv. Mikuláše","Hynčice, Město Albrechtice","Římskokatolická farnost Hynčice","2025-03-20","https://bohosluzby.dravec.org/kostel/50004116362143/"
"50003777219825","farní kostel Navštívení P. Marie","Mnichov, Vrbno pod Pradědem","Římskokatolická farnost Vrbno pod Pradědem-Mnichov","2025-03-21","https://bohosluzby.dravec.org/kostel/50003777219825/"
"100016","filiální kostel Nejsvětější Trojice, Praha-Nové Město","Praha 1","Římskokatolická farnost u kostela Panny Marie Sněžné Praha-Nové Město","2025-03-25","https://bohosluzby.dravec.org/kostel/100016/"
"100084","filiální kostel Nejsvětější Trojice, Praha-Sedlec","Praha 6","Římskokatolická farnost u kostela sv. Matěje Praha-Dejvice","2025-03-25","https://bohosluzby.dravec.org/kostel/100084/"
"80001275331381","kostel filiální sv. Kunhuty","Jevišovka","Římskokatolická farnost Drnholec","2025-03-25","https://bohosluzby.dravec.org/kostel/80001275331381/"
"80003241443214","kostel filiální sv. Michaela archanděla","Nový Přerov","Římskokatolická farnost Drnholec","2025-03-25","https://bohosluzby.dravec.org/kostel/80003241443214/"
"80004050159839","kostel farní Nejsvětější Trojice","Drnholec","Římskokatolická farnost Drnholec","2025-03-25","https://bohosluzby.dravec.org/kostel/80004050159839/"
"80001358846480","kaple sv. Alžběty","Štýřice, Brno","Římskokatolická farnost u baziliky Nanebevzetí Panny Marie, Brno - Staré Brno","2025-03-29","https://bohosluzby.dravec.org/kostel/80001358846480/"
"80002555155416","kostel farní Nanebevzetí Panny Marie","Jihlava","Římskokatolická farnost u kostela Matky Boží, Jihlava","2025-03-29","https://bohosluzby.dravec.org/kostel/80002555155416/"
"80002709686873","kostel rektorátní sv. Leopolda a Václava","Štýřice, Brno","Římskokatolická farnost u baziliky Nanebevzetí Panny Marie, Brno - Staré Brno","2025-03-29","https://bohosluzby.dravec.org/kostel/80002709686873/"
"80002813858383","kostel rektorátní Nanebevzetí Panny Marie","Brno-město, Brno","Římskokatolická duchovní správa u kostela Nanebevzetí Panny Marie, Brno","2025-03-29","https://bohosluzby.dravec.org/kostel/80002813858383/"
"80002825887276","bazilika Nanebevzetí Panny Marie","Staré Brno, Brno","Římskokatolická farnost u baziliky Nanebevzetí Panny Marie, Brno - Staré Brno","2025-03-29","https://bohosluzby.dravec.org/kostel/80002825887276/"
"80003778363996","nemocniční kaple sv. Anežky a sv. Zdislavy","Jihlava","Římskokatolická farnost u kostela Matky Boží, Jihlava","2025-03-29","https://bohosluzby.dravec.org/kostel/80003778363996/"
